1.260564,9.347185,8.831824,2.257363,2.657260,2.169440,7.219408,0.899685,9.482442,9.024578,2.077624,6.308670,2.145123,6.892342,3.483040,6.406852,1.646605,3.186166,1.576161,2.658234,2.419119,1.773520,0.600476,8.802523,3.881023,1.802106,2.732070,1.083860,0.541950,2.858548,0.680054,3.442766,5.993496,2.177398,0.632806,1.180242,1.420657,5.461877,2.964441,2.136659,4.355346,6.338189,1.637148,0.364083,1.661191,2.603738,2.669187,2.127161,1.466060,2.155572,1.903416,1.881488,1.869093,2.334607,1.449459,1.275395,1.389150,1.520703,2.315368,2.191289,1.420268,1.969283,1.987323,1.172466,1.369826,0.839634,2.569878,2.988840,0.748986,1.661378,0.955849,0.129773,1.645216,4.375291,4.508880,4.348539,1.346166,2.879468,1.737217,1.795830,0.730361,2.981477,1.576900,1.385121,1.168927
1.986550,7.695838,7.170647,3.268476,3.466161,2.108206,7.944567,2.383736,9.777812,9.256377,1.406980,6.857686,1.912270,5.200405,2.328280,8.532381,1.074302,4.371691,2.445149,1.141930,1.561524,2.703764,3.119190,6.797710,3.480097,4.221960,3.519202,3.476112,2.888942,2.014327,2.544506,2.132601,3.391587,3.221540,3.085596,2.371281,2.807493,4.470081,0.276067,0.669691,5.475619,8.712138,1.469592,2.727145,2.399935,0.829892,0.238134,0.591967,3.134919,2.565487,1.191368,2.142774,0.898756,1.027841,1.966804,1.782182,3.966330,1.276361,2.432903,0.829252,1.339063,0.737891,2.944838,3.180857,1.548999,1.946432,0.128476,0.625452,2.815550,1.178557,1.908292,2.743187,1.590114,1.753394,1.847633,1.701605,1.576430,4.333845,1.795585,0.904844,2.185082,0.475343,1.440415,1.362838,1.594225
9.286105,17.373357,16.856936,9.947671,10.330151,8.085189,5.048217,7.817704,6.898154,6.896359,10.045018,5.576393,10.171201,14.907407,8.848988,1.628969,9.342475,5.858160,9.543457,9.243614,8.726218,7.382975,7.427522,16.757822,7.823049,6.233210,6.740469,6.948341,7.554382,8.581400,8.654837,9.027174,13.390448,6.893269,8.199977,9.171560,9.250259,13.455761,10.255706,9.806513,5.080170,2.301516,8.614930,8.290886,7.683673,9.454773,9.914994,9.700036,6.983048,7.604750,9.799136,9.900312,9.577980,9.147497,8.119187,8.344602,7.804929,9.346777,7.806687,9.264988,8.861029,9.552127,9.799990,7.039603,8.587435,8.371699,9.975420,10.611599,8.573655,8.939112,8.939368,7.909075,9.634313,11.135325,11.355704,11.184491,9.290343,9.941480,8.291490,9.389934,8.112357,10.522581,9.515672,9.189632,9.041564
1.876037,7.236377,6.757300,0.502427,0.106709,4.450719,9.958835,3.482435,12.180390,11.707852,2.074092,9.022932,1.568931,5.007655,5.443547,8.809491,2.772568,5.927916,1.304543,4.261265,4.347241,4.378276,3.283013,7.075628,6.244392,4.311854,5.397990,3.740529,3.287671,4.899128,2.080016,5.310222,5.578869,4.860810,2.326175,1.665888,1.326611,3.189970,3.710554,2.870319,7.102092,8.487444,3.594826,2.391231,4.170401,4.019194,3.641944,3.031508,4.204743,4.640886,2.335232,1.378389,2.761951,3.944683,3.764763,3.452444,2.644205,2.528475,4.711286,3.658997,3.118014,2.986706,0.771364,3.918747,3.340980,3.029501,3.401884,3.224144,2.019800,3.323644,2.277073,2.875717,2.010670,5.084023,5.092365,4.995282,2.259597,1.104311,3.924616,2.946092,3.166221,3.361449,2.226437,2.586983,2.487596
4.246210,4.020912,3.543804,3.638433,3.318856,6.364847,12.264618,5.908632,14.222358,13.707388,3.663510,11.217074,3.381747,1.940354,6.797060,11.847548,4.551246,8.387333,3.932423,5.605954,5.957940,6.660846,6.078098,4.000258,7.938605,7.247462,7.658167,6.562130,5.989724,6.463707,4.827531,6.595282,4.207101,7.208979,5.279057,4.310705,4.236484,0.031272,4.527019,4.262594,9.572817,11.630416,5.501029,5.190992,6.376970,5.293807,4.710165,4.439627,6.756831,6.732791,3.985062,3.599467,4.372419,5.422248,5.891414,5.578019,5.797184,4.428558,6.688743,5.147031,5.067968,4.519383,3.712091,6.578023,5.366820,5.343238,4.490250,3.872989,4.901899,5.135509,4.640354,5.603454,3.991971,5.215641,5.082326,5.092138,4.360277,4.133746,5.896082,4.611603,5.574450,4.050834,4.168483,4.572418,4.639280
2.564626,9.709628,9.183858,4.039755,4.380843,0.103239,5.972788,1.348366,7.941684,7.438064,2.710489,4.911436,3.137011,7.208056,1.300178,6.691067,1.803935,2.376499,3.140964,1.057992,0.541878,0.919884,2.215801,8.816606,1.803783,2.881140,1.504675,2.303249,1.976441,0.684460,2.592799,1.308194,5.206735,1.303329,2.835902,2.821411,3.265530,6.299867,2.134795,2.046025,3.453714,7.026752,0.860590,2.493462,0.722502,1.283990,1.814326,1.873409,1.578059,0.581189,2.372827,3.131954,1.946948,1.003844,0.764302,1.018383,3.558424,1.994361,0.409501,1.209880,1.343294,1.787829,3.701307,1.832716,1.099635,1.495008,1.948605,2.633622,2.816437,1.196695,2.176782,2.151713,2.522387,2.994664,3.202150,3.028086,2.203598,4.912030,0.521544,1.706831,1.490475,2.497949,2.302828,1.892253,1.955526
7.656388,15.108312,14.584232,8.914681,9.311872,5.368948,0.560455,5.946483,2.996993,2.663193,8.067000,0.719338,8.419498,12.618966,5.378520,4.430978,7.169131,3.472805,8.150298,6.308968,5.857960,5.097911,6.174365,14.108943,4.112932,5.484280,4.075320,5.778525,6.125643,5.444861,7.318614,5.599252,10.173732,4.570194,7.167846,7.758026,8.074817,11.710097,7.474538,7.475091,2.329268,5.582802,6.218506,7.021043,5.362656,6.607500,7.192156,7.306805,5.194812,4.986413,7.738500,8.309263,7.347879,6.395489,5.840252,6.160679,7.336461,7.306801,5.040795,6.637431,6.655909,7.211404,8.630102,5.499951,6.359773,6.468425,7.361177,8.042831,7.403372,6.584927,7.230626,6.532814,7.786673,7.768827,8.003581,7.858493,7.424467,9.446109,5.823372,7.109592,6.279063,7.892335,7.587887,7.171637,7.144101
0.723138,7.616099,7.094206,1.915656,2.143578,2.518802,8.364147,2.017219,10.412854,9.913387,0.264136,7.339322,0.670231,5.127998,3.315543,8.182370,0.677547,4.465776,1.090139,2.105596,2.262488,2.737881,2.408022,6.984837,4.242782,3.617242,3.742106,2.865190,2.245370,2.815906,1.415734,3.166385,4.252638,3.285850,2.001000,1.086146,1.477818,3.911828,1.618874,0.709094,5.649848,8.171717,1.627856,1.709613,2.456729,1.851311,1.490396,0.861608,2.875444,2.837085,0.169638,0.798403,0.599440,1.805050,1.974299,1.656870,2.848177,0.507320,2.827021,1.511331,1.162730,0.821181,1.586788,2.754977,1.454901,1.446248,1.263347,1.324263,1.653979,1.284419,0.886435,1.938140,0.256755,3.080636,3.141192,3.013150,0.502246,2.974814,2.014530,0.811382,1.695198,1.393264,0.272581,0.649437,0.749276
3.206574,11.255677,10.734994,4.199590,4.603615,2.276671,5.397395,1.663813,7.774069,7.356712,3.904062,4.602174,4.081431,8.771405,3.508523,4.567896,3.188768,1.489488,3.570689,3.362610,2.885365,1.457055,1.419672,10.601842,3.196854,0.767114,1.593941,0.963690,1.465563,2.989548,2.672013,3.593923,7.378968,1.234437,2.386090,3.174031,3.385404,7.436312,4.204323,3.660571,2.514445,4.723304,2.536558,2.325538,1.701184,3.496600,3.861903,3.565475,0.866014,1.869635,3.646510,3.855448,3.425611,3.173125,2.044899,2.220841,2.499988,3.191922,2.126800,3.221043,2.719504,3.412775,3.959247,0.888581,2.460903,2.215996,3.882608,4.485811,2.682506,2.825375,2.824695,1.865840,3.507522,5.325661,5.518215,5.343882,3.152514,4.618228,2.281325,3.245695,1.957289,4.412889,3.372923,3.034724,2.894434
3.650075,7.462923,6.958164,4.821598,4.955411,3.150675,8.380878,3.878445,9.871477,9.332038,2.955052,7.259943,3.412962,5.119303,2.536571,9.735660,2.747197,5.358619,4.066177,2.001720,2.507324,3.927167,4.698257,6.278022,3.794114,5.710401,4.473216,4.998812,4.454749,2.643969,4.221677,2.320386,2.273356,4.350818,4.757156,4.033871,4.454147,5.035080,1.401412,2.334935,6.306609,10.059120,2.882281,4.393839,3.657289,1.864824,1.667891,2.269042,4.498462,3.625235,2.818070,3.708723,2.575566,2.188195,3.338366,3.258646,5.637388,2.953771,3.409125,2.203477,2.925778,2.409915,4.520929,4.632566,3.060611,3.536561,1.800965,1.727873,4.492984,2.708270,3.585040,4.366574,3.226458,0.190504,0.172991,0.065829,3.250992,5.900363,3.076421,2.568179,3.748118,1.606959,3.100962,3.037525,3.268189
5.696839,2.390757,1.875380,5.329167,5.040266,7.463169,13.343224,7.246539,15.123779,14.593645,4.967900,12.256189,4.811865,0.400279,7.611803,13.363787,5.772910,9.634766,5.485367,6.526777,6.958920,7.897923,7.555435,2.239385,8.840819,8.756141,8.838231,8.034523,7.432672,7.401522,6.345638,7.394293,3.852944,8.448196,6.848442,5.833817,5.838603,1.805851,5.367471,5.386438,10.793694,13.230552,6.665675,6.707492,7.597992,6.220478,5.629793,5.540371,8.104812,7.883865,5.248514,5.095275,5.559097,6.420319,7.111801,6.821772,7.447237,5.708833,7.792751,6.181375,6.291422,5.655282,5.355956,7.979248,6.590122,6.676155,5.454531,4.774256,6.460874,6.299626,6.049342,7.073776,5.360122,5.604049,5.415524,5.481581,5.715398,5.899132,7.053393,5.783981,6.926140,4.929313,5.498393,5.863653,5.979089
2.673857,8.681592,8.224863,1.479815,1.549156,4.955141,9.805902,3.734488,12.170122,11.738026,3.284518,8.989638,2.862083,6.564347,6.174951,7.911802,3.679951,5.836937,2.178754,5.129102,5.058256,4.609879,3.155079,8.641544,6.711120,3.808707,5.529996,3.488813,3.280935,5.568799,2.391382,6.090009,7.134354,4.973696,2.217382,2.304405,1.838162,4.667887,4.886354,3.957166,6.923204,7.404108,4.240800,2.506755,4.495910,4.955429,4.728187,4.075704,4.205870,4.991590,3.434859,2.535017,3.765965,4.788463,4.220584,3.968448,1.926786,3.429100,5.137605,4.543341,3.833098,3.978592,1.731018,3.845135,3.954177,3.486577,4.518710,4.529977,2.162934,4.084076,2.918230,2.936830,3.033190,6.345985,6.395098,6.274306,3.113095,0.562610,4.467679,3.875961,3.504410,4.633051,3.196121,3.415378,3.228590
1.533075,8.722873,8.196980,3.023420,3.335651,1.166560,7.055097,1.171170,9.062378,8.560295,1.587884,6.010998,2.018066,6.216231,2.078655,7.321034,0.680662,3.269246,2.112693,1.025037,0.964934,1.543444,1.972502,7.926391,2.895340,3.015589,2.471668,2.283069,1.728025,1.513651,1.770666,1.972119,4.613052,2.087158,2.189202,1.850149,2.318141,5.201211,1.444110,0.984285,4.423216,7.488626,0.295570,1.812845,1.238090,0.939352,1.107925,0.840249,1.914682,1.527179,1.250581,2.039531,0.837311,0.686477,0.766945,0.559385,3.037510,0.881321,1.483236,0.532221,0.293131,0.715380,2.678938,1.960950,0.336154,0.829669,1.107316,1.731425,2.035126,0.074401,1.210583,1.672078,1.414704,2.745345,2.898857,2.731614,1.126352,3.975948,0.688973,0.598723,1.022662,1.643202,1.192737,0.799829,0.920982
7.555360,15.589961,15.083744,8.013425,8.377300,6.858019,5.749732,6.292414,8.034857,7.890514,8.381426,5.855693,8.428383,13.175151,7.876641,1.130784,7.790503,4.888184,7.726065,7.995472,7.495671,6.069970,5.729762,15.109331,7.079824,4.521971,5.689797,5.279643,5.902025,7.481039,6.875518,8.018333,12.047193,5.671529,6.362998,7.381585,7.387003,11.596851,8.872477,8.280045,4.543656,0.119844,7.205026,6.518357,6.344993,8.153411,8.530307,8.203271,5.534738,6.396641,8.177669,8.122405,8.029987,7.831538,6.713509,6.879817,5.841539,7.747595,6.633846,7.889628,7.357596,8.046070,7.907632,5.490163,7.116105,6.802232,8.544171,9.125199,6.750386,7.484639,7.257434,6.203210,7.951803,9.953726,10.156173,9.981627,7.635845,7.885637,6.941307,7.873196,6.542714,9.064486,7.867041,7.593929,7.415210
5.474290,13.185809,12.659737,6.679500,7.079392,3.408949,2.814956,3.759089,5.196074,4.796001,5.965487,2.051879,6.276024,10.680009,3.848538,3.870717,5.093775,1.252362,5.942786,4.491210,3.990266,2.968246,3.922402,12.309810,2.746010,3.253037,2.006222,3.521386,3.884400,3.700951,5.090342,4.045873,8.586450,2.419364,4.915648,5.546329,5.842260,9.616893,5.623557,5.456065,0.075617,4.682413,4.176980,4.781838,3.257742,4.758849,5.308024,5.302790,2.967382,2.964043,5.649282,6.134075,5.294169,4.496625,3.745783,4.052844,5.085845,5.200440,3.084696,4.696014,4.572521,5.187335,6.404084,3.255102,4.271905,4.305063,5.438382,6.121601,5.161711,4.543875,5.052086,4.294604,5.648806,6.227903,6.458397,6.294952,5.281323,7.189370,3.789081,5.063500,4.095914,5.990709,5.462597,5.055934,5.000054
0.789143,8.238222,7.735031,0.902146,1.297400,3.197219,8.574882,2.122351,10.812032,10.345157,1.531271,7.647400,1.262192,5.855653,4.332528,7.580698,1.792277,4.542973,0.434302,3.247875,3.212830,3.026275,1.911395,7.854934,4.991330,3.003954,4.034290,2.380635,1.903214,3.742990,0.697154,4.232701,5.601574,3.490280,1.009919,0.416677,0.063094,4.252792,3.036967,2.097281,5.716434,7.369540,2.406816,1.009334,2.841515,3.067618,2.854454,2.201702,2.819913,3.326678,1.601231,0.893028,1.888999,2.908735,2.477733,2.187143,1.618355,1.542585,3.426437,2.657460,1.969489,2.096431,0.628400,2.534234,2.127483,1.725548,2.655914,2.762604,0.653273,2.213214,1.052279,1.490870,1.192789,4.512224,4.581986,4.449801,1.226081,1.719055,2.682452,1.988551,1.822127,2.838181,1.326940,1.527733,1.348020
0.362202,8.332795,7.813818,1.835994,2.173215,2.216052,7.864841,1.379985,10.006972,9.522750,1.013363,6.879957,1.160349,5.859761,3.282411,7.435545,0.777644,3.885422,0.933096,2.190525,2.164588,2.214805,1.640011,7.745991,4.011136,2.851385,3.244056,2.106245,1.493357,2.703736,0.713908,3.176858,4.983743,2.738548,1.278269,0.645405,1.114904,4.527548,2.109157,1.189286,5.076946,7.400619,1.374378,0.952599,1.973309,2.021305,1.875258,1.242042,2.216599,2.423566,0.849918,1.001108,0.936087,1.850638,1.538971,1.221078,2.152797,0.556956,2.479438,1.605217,0.916840,1.108795,1.494995,2.044385,1.109382,0.840048,1.710491,1.996085,0.982830,1.155415,0.110687,1.165110,0.587676,3.582107,3.680525,3.534210,0.291739,2.770891,1.690207,0.971319,1.042734,2.020162,0.515657,0.490919,0.289548
2.327587,9.993660,9.468099,3.706772,4.081411,0.713185,5.906474,0.720652,8.039434,7.559019,2.733751,4.910279,3.067226,7.487737,2.071167,6.085690,1.864098,2.004646,2.860858,1.735033,1.267203,0.266372,1.482191,9.207202,2.268025,2.084079,1.278127,1.512032,1.263549,1.474825,2.142233,2.100831,5.794428,0.817617,2.246737,2.490037,2.881521,6.386248,2.633285,2.256619,3.179246,6.335075,0.998063,1.951373,0.077852,1.877599,2.291218,2.120968,0.789820,0.540015,2.416281,2.967760,2.072659,1.556167,0.520472,0.819848,2.874120,1.968719,0.729935,1.641034,1.342879,1.989141,3.388052,1.034141,1.042684,1.134840,2.352259,3.004949,2.316896,1.347205,1.902995,1.528042,2.434679,3.698027,3.891513,3.717082,2.072104,4.463637,0.670636,1.849691,0.996334,2.903886,2.239061,1.826805,1.792001
2.123043,8.479294,7.954265,3.567582,3.831866,1.346914,7.160413,1.898030,9.014243,8.495965,1.853764,6.075171,2.355318,5.984847,1.645779,7.870219,1.119723,3.626448,2.673392,0.414218,0.776999,2.017780,2.739892,7.561705,2.723971,3.727163,2.760420,3.018473,2.491674,1.249267,2.495881,1.477942,4.005453,2.505051,2.952823,2.483817,2.952388,5.210716,0.878999,1.048451,4.708718,8.119333,0.899546,2.576533,1.725782,0.168706,0.561886,0.865576,2.534349,1.817856,1.545123,2.487158,1.104291,0.252841,1.361178,1.280488,3.811229,1.373859,1.664782,0.257302,1.036722,0.880556,3.225459,2.650473,1.099718,1.610906,0.733805,1.408662,2.767394,0.784853,1.888247,2.453297,1.858818,1.984789,2.152872,1.981679,1.683426,4.581929,1.121725,0.930291,1.794586,1.258467,1.651477,1.372673,1.566124
3.517771,9.614425,9.096345,5.000789,5.291659,1.402630,6.072829,2.647563,7.712018,7.181380,3.352626,4.955376,3.850381,7.169561,0.208430,7.623448,2.560133,3.187972,4.092037,1.087394,1.057392,2.185496,3.530352,8.537665,1.477209,4.174654,2.336818,3.624907,3.286434,0.640320,3.731049,0.022484,4.603881,2.405646,4.065565,3.843877,4.311960,6.614747,2.092108,2.548570,4.022321,8.097532,1.875789,3.702533,2.038822,1.373554,1.919640,2.365879,2.867997,1.736234,3.037920,3.958182,2.589536,1.388387,2.029355,2.193649,4.838984,2.806594,1.478362,1.678313,2.284976,2.370548,4.655890,3.148592,2.163595,2.666604,2.156829,2.742935,3.982011,2.043897,3.203100,3.420588,3.323019,2.207598,2.441679,2.286937,3.093284,5.969548,1.728006,2.388964,2.731616,2.565876,3.106187,2.765436,2.912578
2.174000,9.840126,9.345066,2.209304,2.572268,3.534092,7.884814,2.239975,10.273233,9.853987,3.060294,7.099937,2.899154,7.496119,4.879954,6.152227,2.935039,3.962603,2.087839,4.081025,3.838055,2.982748,1.429680,9.510412,5.141681,1.872173,3.774631,1.635013,1.635438,4.255187,1.488852,4.852706,7.145596,3.233947,0.923761,1.853423,1.677295,5.813012,4.283685,3.383800,5.009714,5.810659,3.061972,1.287646,2.959259,4.013069,4.017105,3.418777,2.445531,3.428649,3.011133,2.539382,3.124500,3.754046,2.843602,2.697465,0.045425,2.746677,3.627681,3.594249,2.814941,3.272020,2.133216,2.067071,2.792512,2.261300,3.882975,4.186302,1.239387,3.065842,2.109302,1.451893,2.644070,5.735796,5.851734,5.698435,2.480483,2.238339,3.143183,3.111657,2.146127,4.216778,2.678651,2.646923,2.415352
1.523908,7.905020,7.378948,2.881115,3.114704,1.899469,7.803073,1.948785,9.727733,9.214796,1.091727,6.736732,1.600064,5.399076,2.418138,8.151393,0.576644,4.094946,2.020003,1.186783,1.465087,2.380025,2.642288,7.087321,3.460842,3.769828,3.274821,3.016784,2.418130,1.989857,2.051516,2.249415,3.840274,2.919055,2.588071,1.906684,2.356109,4.490054,0.772087,0.278351,5.234521,8.288190,1.123506,2.228878,2.073874,0.903388,0.542666,0.111946,2.740813,2.318077,0.805087,1.769712,0.422878,0.939291,1.607202,1.375406,3.468773,0.789636,2.228837,0.653231,0.884847,0.239656,2.546680,2.750945,1.133479,1.474986,0.371385,0.894478,2.323754,0.779116,1.414459,2.253338,1.168934,2.238857,2.342206,2.192821,1.098877,3.928175,1.496208,0.408782,1.722633,0.823972,0.990988,0.866429,1.097355
7.549295,1.747201,1.509069,7.442347,7.195104,8.863311,14.549158,8.918996,16.073222,15.532462,6.721754,13.433355,6.689111,2.116882,8.686686,15.142830,7.395036,11.129271,7.448268,7.788433,8.279249,9.434293,9.374171,0.129171,9.955259,10.585365,10.276543,9.835586,9.215699,8.626919,8.244027,8.464474,4.066629,9.967804,8.790041,7.754228,7.841896,4.079024,6.643651,6.939985,12.228149,15.130247,8.177841,8.593395,9.127989,7.510602,6.960995,7.059515,9.760070,9.324112,6.945173,7.018200,7.160888,7.771450,8.661762,8.410097,9.474917,7.392664,9.184084,7.586764,7.885160,7.200506,7.416583,9.699217,8.168040,8.365666,6.846200,6.174419,8.400457,7.831687,7.844680,8.897928,7.148924,6.371842,6.145250,6.265945,7.472509,8.113742,8.537863,7.356487,8.625637,6.289988,7.242738,7.549542,7.707592
9.904341,16.867966,16.353067,11.252476,11.639542,7.435717,2.092068,8.236724,0.461757,0.239723,10.189683,2.726597,10.594575,14.435428,7.065144,6.616826,9.281274,5.880540,10.435225,8.182398,7.807569,7.344498,8.587285,15.715990,5.845891,8.003083,6.321213,8.227369,8.507112,7.311832,9.655552,7.283652,11.618843,6.861075,9.573352,10.055942,10.413388,13.760069,9.321344,9.510123,4.825138,7.844561,8.324501,9.386852,7.572002,8.494451,9.087154,9.329941,7.563306,7.133717,9.852680,10.535538,9.428329,8.344537,8.019244,8.343516,9.822695,9.454166,7.125179,8.618441,8.793581,9.261035,10.948005,7.898771,8.512542,8.712545,9.290924,9.945129,9.771778,8.676173,9.480523,8.901827,9.965652,9.274730,9.500356,9.382687,9.618547,11.870052,7.938699,9.188407,8.555470,9.777821,9.753630,9.334612,9.345687
4.926860,5.643909,5.175949,5.645971,5.626137,5.203525,10.513350,5.694474,11.903631,11.361675,4.053444,9.391730,4.334990,3.601378,4.686748,11.778019,4.290572,7.460829,5.146148,4.046285,4.564097,5.926802,6.404725,4.288925,5.938865,7.531335,6.575527,6.781736,6.183918,4.772592,5.616181,4.471381,0.138517,6.396894,6.198704,5.270320,5.583276,4.307347,3.088234,3.795297,8.444564,12.013071,4.754655,5.881076,5.635801,3.837506,3.429681,3.825170,6.424905,5.684059,4.091207,4.700830,4.062462,4.151043,5.246429,5.089055,7.053798,4.414232,5.488471,4.070697,4.644280,3.986203,5.432043,6.490242,4.858885,5.241158,3.433242,2.942650,5.859583,4.488107,5.028888,5.995097,4.456497,2.279055,2.044133,2.194447,4.638018,6.666823,5.030109,4.163641,5.487798,2.955190,4.426791,4.545674,4.765847
4.293254,10.982855,10.462685,5.767437,6.109708,1.725813,4.683447,2.923474,6.388261,5.865922,4.371932,3.566449,4.827936,8.521920,1.180970,6.577145,3.484608,2.242371,4.869850,2.248887,1.915066,2.112471,3.665424,9.925426,0.090308,3.899688,1.608134,3.573171,3.465357,1.387008,4.287865,1.402783,5.979783,1.986519,4.455471,4.546532,4.984119,7.846064,3.386960,3.629957,2.802886,7.202052,2.578713,4.143625,2.163288,2.561455,3.152854,3.445193,2.716721,1.673930,4.036134,4.849473,3.590161,2.435494,2.447311,2.735969,5.072412,3.696140,1.512359,2.722009,3.060780,3.399108,5.429755,3.082618,2.828250,3.199107,3.362103,4.009725,4.492523,2.884339,3.904368,3.739606,4.229299,3.575805,3.810735,3.662304,3.924468,6.618489,2.247997,3.357220,3.147739,3.841937,4.007496,3.606424,3.682497
3.977190,11.726662,11.200786,5.220248,5.616242,2.019458,4.256818,2.261671,6.527774,6.083365,4.468582,3.347359,4.774696,9.220036,2.809214,4.661024,3.605971,0.266046,4.456915,3.163110,2.646218,1.475660,2.517372,10.900799,2.082104,2.146235,0.639212,2.179758,2.442017,2.481820,3.622676,2.964844,7.312499,0.924361,3.503553,4.063023,4.379775,8.118184,4.241297,3.987253,1.443621,5.158272,2.710675,3.331724,1.772617,3.399158,3.911855,3.841897,1.502176,1.545314,4.155669,4.635771,3.812751,3.110502,2.259839,2.559937,3.802422,3.703996,1.718981,3.277443,3.084710,3.718482,4.933472,1.828537,2.784364,2.803973,4.017498,4.692754,3.715781,3.073413,3.553752,2.843818,4.147696,5.033355,5.253807,5.082837,3.780092,5.799784,2.333274,3.586419,2.597731,4.573694,3.962645,3.557951,3.498863
1.063422,8.905919,8.400321,1.506196,1.910186,2.906868,8.006801,1.691469,10.289526,9.834903,1.949306,7.112525,1.816501,6.506565,4.159370,6.900953,1.894854,3.976344,1.046263,3.197948,3.055073,2.583197,1.283599,8.486981,4.660995,2.328492,3.547706,1.733223,1.324877,3.543557,0.417600,4.091961,6.035444,2.992642,0.330388,0.751595,0.722693,4.930818,3.234129,2.311004,5.130959,6.701792,2.238064,0.461260,2.450046,3.076737,2.993098,2.366677,2.267554,2.945880,1.907738,1.471680,2.061000,2.857987,2.172574,1.934244,1.065838,1.682029,3.086794,2.652546,1.886635,2.230121,1.288473,1.946656,1.950779,1.452423,2.835063,3.088878,0.143369,2.145224,1.053441,0.930997,1.533768,4.705358,4.805588,4.658826,1.394671,2.064012,2.429491,2.083317,1.453441,3.129252,1.579569,1.603848,1.377547
2.743284,10.131106,9.605066,4.175408,4.537443,0.375034,5.606816,1.261116,7.650933,7.158081,3.017155,4.569329,3.405613,7.626234,1.574578,6.217663,2.112084,1.910537,3.301765,1.533097,1.016377,0.543418,2.038151,9.265169,1.720912,2.530229,1.052591,2.031590,1.822090,1.027006,2.646583,1.638096,5.681508,0.832942,2.793128,2.950280,3.366382,6.649041,2.594510,2.419738,3.012593,6.568446,1.156824,2.484155,0.502546,1.754146,2.267239,2.257890,1.228024,0.106302,2.684120,3.354392,2.285795,1.463243,0.842244,1.161996,3.432745,2.268412,0.180250,1.641636,1.608688,2.153469,3.846883,1.539626,1.323194,1.581983,2.384309,3.066000,2.839305,1.522798,2.329839,2.078111,2.776087,3.461777,3.671837,3.498096,2.431182,4.977703,0.761984,2.047496,1.497288,2.938730,2.564731,2.145450,2.162153
0.681300,7.822847,7.317267,0.811503,1.140228,3.248736,8.800097,2.300061,10.992008,10.515164,1.193351,7.844402,0.851381,5.428462,4.287382,7.970136,1.648631,4.780953,0.100502,3.142704,3.177179,3.185984,2.234224,7.422318,5.044555,3.374249,4.211079,2.714568,2.188177,3.723705,0.973507,4.167948,5.210791,3.682111,1.406132,0.483735,0.425113,3.857966,2.785334,1.863657,5.965873,7.784864,2.403651,1.329098,2.969660,2.929716,2.642043,1.994499,3.064189,3.436862,1.334111,0.481971,1.693173,2.812697,2.559696,2.247793,2.053069,1.395129,3.506448,2.540220,1.934135,1.914133,0.466735,2.811535,2.142692,1.826967,2.424114,2.442111,1.024742,2.154523,1.072099,1.780286,0.939049,4.243491,4.296025,4.172854,1.097105,1.822700,2.723340,1.837270,1.975599,2.536070,1.122947,1.424701,1.297635
1.774660,9.290204,8.764599,3.233279,3.583143,0.810538,6.557551,0.704851,8.629778,8.137738,2.059451,5.536028,2.429343,6.784164,2.040760,6.742002,1.170497,2.705016,2.343060,1.292540,0.975496,0.969046,1.588982,8.509105,2.607735,2.512863,1.939788,1.815299,1.336963,1.419201,1.777116,1.994545,5.168590,1.518427,2.055656,2.010504,2.449531,5.708285,1.993914,1.553028,3.872286,6.932100,0.326369,1.699402,0.668374,1.338102,1.651572,1.420111,1.345124,1.035908,1.733376,2.375604,1.371878,1.020746,0.183807,0.200551,2.829902,1.299975,1.066854,1.015365,0.650595,1.285873,2.897941,1.435715,0.352085,0.679762,1.681042,2.315692,2.006787,0.646839,1.372041,1.411410,1.798153,3.193006,3.366629,3.194700,1.451425,4.094135,0.301408,1.146437,0.718505,2.224244,1.589418,1.170162,1.183608
1.196433,9.129757,8.607920,2.553224,2.926068,1.557108,7.018026,0.523974,9.188244,8.711050,1.776150,6.045834,2.008479,6.640809,2.813168,6.687036,1.097412,3.029409,1.708585,1.948733,1.725764,1.382269,1.044335,8.474827,3.333846,2.188197,2.409500,1.428649,0.819516,2.193281,1.020179,2.758188,5.436651,1.890566,1.288108,1.334645,1.735023,5.373641,2.329092,1.592878,4.220928,6.737018,0.929733,0.925918,1.172743,1.901057,2.015087,1.540465,1.371157,1.654775,1.514387,1.853478,1.336426,1.626154,0.823280,0.584998,2.096949,1.063191,1.761152,1.495144,0.746048,1.379498,2.232740,1.245584,0.660457,0.134594,1.947621,2.449468,1.236302,0.968641,0.771626,0.708359,1.398812,3.698991,3.843230,3.679102,1.033519,3.351266,1.074985,1.202193,0.187251,2.412564,1.245609,0.906497,0.764866
2.134806,10.131860,9.610032,3.307218,3.704262,1.530375,6.168063,0.531577,8.427325,7.971537,2.778190,5.252690,2.988545,7.642441,2.894834,5.703032,2.053331,2.136435,2.567619,2.426217,2.017922,0.853889,0.706427,9.464947,3.009796,1.350028,1.700407,0.694568,0.549844,2.292143,1.711582,2.917410,6.297255,1.143753,1.623498,2.169382,2.467150,6.355333,3.129292,2.530030,3.315160,5.810536,1.482583,1.420068,0.897841,2.499702,2.791152,2.443100,0.413323,1.317463,2.512510,2.795257,2.290970,2.179459,1.030839,1.126522,2.114512,2.056283,1.541459,2.171783,1.596201,2.287606,3.024744,0.275495,1.356853,1.079753,2.785933,3.365299,1.804838,1.727292,1.729895,0.933843,2.393919,4.354428,4.529864,4.357744,2.032284,3.917452,1.322410,2.117440,0.822605,3.301830,2.247424,1.899107,1.766889
7.827996,0.275773,0.256709,7.417051,7.107144,9.514566,15.350568,9.362484,17.032334,16.496261,7.088756,14.250318,6.943137,2.235442,9.543562,15.495098,7.873830,11.720665,7.612781,8.524420,8.981038,9.988614,9.686511,1.441085,10.797099,10.887698,10.906897,10.165161,9.561844,9.392327,8.476629,9.322317,5.244770,10.536741,8.975738,7.964196,7.958980,3.815685,7.358725,7.468466,12.867037,15.356783,8.744904,8.838710,9.686030,8.225944,7.644401,7.614273,10.220025,9.949264,7.361475,7.226263,7.654242,8.449027,9.202667,8.920221,9.556810,7.821600,9.843138,8.226154,8.388704,7.737058,7.464099,10.103260,8.685220,8.793244,7.488373,6.803230,8.588966,8.382028,8.177690,9.204805,7.486489,7.366510,7.154645,7.250561,7.839164,7.904040,9.127204,7.873513,9.045403,6.946374,7.619863,7.977412,8.099891
3.135786,11.212524,10.699584,3.834723,4.231940,2.927651,6.087988,1.966803,8.515159,8.118942,3.949771,5.370096,4.016927,8.767913,4.244025,4.548459,3.391388,2.336583,3.368818,3.902639,3.475282,2.128892,1.298231,10.680732,4.053621,0.139524,2.467245,0.867107,1.482263,3.679695,2.482180,4.301710,7.723074,2.052936,2.036273,2.998116,3.089270,7.281864,4.576696,3.887954,3.247689,4.465643,2.955974,2.118680,2.299544,3.978766,4.244366,3.831467,1.446205,2.591121,3.749419,3.731059,3.629554,3.659069,2.510168,2.586060,1.857056,3.327562,2.846207,3.641102,3.002743,3.671058,3.651256,1.214602,2.801815,2.412261,4.215103,4.744554,2.401874,3.170482,2.825890,1.772148,3.521154,5.833708,6.007307,5.835651,3.204495,4.067031,2.796471,3.494449,2.160584,4.703179,3.435842,3.176504,2.989191
2.627444,9.302428,8.778041,4.117568,4.425534,0.691924,6.328986,1.770165,8.182799,7.666471,2.573367,5.240460,3.047931,6.812777,0.986996,7.267921,1.715390,2.913709,3.206818,0.517633,0.134046,1.502831,2.662769,8.351263,1.904626,3.433474,2.029305,2.814271,2.413516,0.439483,2.808588,0.903168,4.654683,1.885619,3.145857,2.939050,3.404210,6.036380,1.672135,1.813654,3.939201,7.615331,0.952932,2.780795,1.275619,0.801820,1.386649,1.628428,2.142291,1.158674,2.242101,3.112599,1.790900,0.619219,1.144011,1.275404,3.932919,1.948642,0.943655,0.904672,1.379266,1.590002,3.772961,2.365307,1.240674,1.744288,1.570216,2.242620,3.058545,1.152062,2.293294,2.514521,2.478782,2.409101,2.619445,2.445880,2.215912,5.063864,0.834368,1.566533,1.820885,2.087337,2.257332,1.887289,2.014529
1.145675,7.739279,7.243546,0.345433,0.706236,3.699828,9.172735,2.697126,11.394756,10.923501,1.583356,8.236094,1.153149,5.404047,4.754441,8.142243,2.113644,5.142761,0.566013,3.608896,3.643211,3.595243,2.516671,7.435690,5.497199,3.589669,4.612752,2.983294,2.508577,4.188571,1.294947,4.635425,5.477095,4.074327,1.590506,0.888070,0.550854,3.720721,3.211518,2.305224,6.319081,7.887956,2.864691,1.615652,3.393377,3.392362,3.086462,2.444437,3.419700,3.869041,1.768238,0.829460,2.148557,3.279680,2.999996,2.693695,2.061125,1.860697,3.949585,3.005982,2.398502,2.371389,0.032174,3.139400,2.599599,2.256857,2.862021,2.822891,1.254817,2.621255,1.519847,2.096083,1.387754,4.653165,4.693549,4.577267,1.564529,1.376230,3.176080,2.300658,2.383744,2.931457,1.582033,1.892174,1.761369
0.257086,8.213242,7.700599,1.342350,1.698343,2.700315,8.238262,1.734875,10.424240,9.947273,1.124535,7.278039,1.030890,5.776090,3.792194,7.543958,1.239968,4.225057,0.472975,2.693975,2.673903,2.618179,1.750362,7.722876,4.497920,2.934408,3.643765,2.234356,1.670882,3.211007,0.525152,3.686750,5.215074,3.116714,1.084909,0.138487,0.608393,4.310606,2.513357,1.572791,5.412661,7.424543,1.878129,0.882928,2.402805,2.512643,2.314149,1.663688,2.514935,2.872816,1.112327,0.733163,1.349896,2.355488,2.000043,1.693220,1.890513,0.992900,2.949241,2.102447,1.426543,1.550797,1.008363,2.281365,1.606242,1.261166,2.124801,2.295363,0.707066,1.664991,0.522100,1.276332,0.718800,3.992067,4.072607,3.934852,0.676624,2.261011,2.177705,1.436539,1.408395,2.352163,0.805539,0.972659,0.796852
0.973386,8.367484,7.843129,2.457825,2.763003,1.705789,7.536986,1.286430,9.591664,9.094664,1.080169,6.511983,1.466062,5.866497,2.641223,7.516497,0.241164,3.658720,1.547821,1.516883,1.535730,1.923102,1.887050,7.655605,3.463960,3.046051,2.917592,2.286496,1.673826,2.087170,1.334485,2.522736,4.587841,2.473716,1.837733,1.315033,1.785448,4.731231,1.537173,0.735102,4.837069,7.591955,0.814787,1.470364,1.635406,1.345935,1.259389,0.697512,2.132168,2.009668,0.758371,1.465878,0.480582,1.178838,1.149844,0.838149,2.715809,0.323570,2.006538,0.928678,0.337059,0.538075,2.112898,2.075167,0.627543,0.747289,1.139658,1.592904,1.608553,0.511684,0.712452,1.482982,0.847463,2.978081,3.096791,2.941592,0.553127,3.432726,1.192228,0.363888,1.007277,1.563871,0.627999,0.225020,0.388748
2.183650,8.997222,8.520680,1.409273,1.663803,4.270347,9.039917,3.019285,11.402894,10.971461,2.928327,8.222574,2.586992,6.763139,5.532655,7.267490,3.159393,5.070247,1.795864,4.547152,4.426440,3.877220,2.396710,8.823695,6.000628,3.053958,4.777756,2.721855,2.533703,4.916818,1.757294,5.463206,6.945721,4.222562,1.488196,1.798980,1.378936,4.951528,4.442215,3.501280,6.156532,6.833084,3.608268,1.808777,3.780692,4.402729,4.244834,3.595291,3.449101,4.274500,3.012407,2.224473,3.281492,4.205606,3.537972,3.307249,1.173247,2.919337,4.433311,3.981599,3.235631,3.479324,1.517061,3.084858,3.320547,2.825718,4.056051,4.169637,1.501795,3.492661,2.345908,2.208014,2.604027,5.919707,5.992603,5.859149,2.605362,1.068341,3.801172,3.355364,2.813451,4.248817,2.730616,2.878058,2.670057
7.636780,15.723944,15.208263,8.300244,8.684778,6.540573,4.612380,6.193431,6.857656,6.726140,8.403947,4.814484,8.521744,13.262152,7.404468,0.067293,7.718301,4.381412,7.890259,7.699110,7.184614,5.807069,5.778248,15.125889,6.471799,4.581063,5.245355,5.300506,5.909739,7.084567,7.002219,7.568952,11.829528,5.340552,6.547099,7.518830,7.597783,11.802514,8.674588,8.188774,3.787309,1.302565,7.020128,6.638304,6.102676,7.894466,8.332265,8.088450,5.370176,6.062751,8.163800,8.248406,7.955228,7.581325,6.523009,6.735301,6.166091,7.714092,6.278137,7.682266,7.245230,7.938033,8.148762,5.407546,6.977675,6.741401,8.380487,9.004957,6.920438,7.334684,7.294264,6.259970,7.990232,9.621892,9.836708,9.663709,7.649213,8.322078,6.710995,7.773044,6.481173,8.922544,7.875755,7.557152,7.403891
2.509677,8.162158,7.705051,1.134120,1.101089,4.938005,10.021272,3.778136,12.348674,11.903587,3.005423,9.167046,2.545474,6.050072,6.094246,8.323286,3.510712,6.015123,1.962172,4.993434,4.974611,4.675302,3.304360,8.127896,6.721502,4.087104,5.637193,3.685009,3.395386,5.503924,2.367848,5.992326,6.726972,5.080963,2.322052,2.170227,1.703059,4.148604,4.639833,3.732148,7.134897,7.857448,4.167686,2.553340,4.529972,4.794589,4.512629,3.867110,4.337231,5.024227,3.196459,2.252029,3.566097,4.657341,4.208652,3.932616,2.220934,3.256613,5.147752,4.395555,3.730100,3.786391,1.442179,3.993358,3.886672,3.458958,4.290147,4.231598,2.179861,3.970842,2.813969,3.019075,2.810449,6.074755,6.107590,5.995970,2.947417,0.056937,4.431543,3.702921,3.515243,4.348630,2.995163,3.266148,3.102625
8.631839,16.362054,15.836117,9.755269,10.158956,6.574052,1.435940,6.923858,3.315788,3.233282,9.153507,2.316553,9.452154,13.858294,6.790113,3.607884,8.284491,4.427564,9.072920,7.607547,7.124916,6.157656,6.970965,15.443045,5.548366,6.068086,5.189673,6.523652,6.974811,6.771564,8.195321,7.005820,11.599519,5.607549,7.946137,8.673800,8.931266,12.802832,8.761646,8.643152,3.243674,4.850499,7.364872,7.865353,6.448409,7.891061,8.457765,8.487188,6.100973,6.143853,8.839063,9.293524,8.484485,7.647553,6.936484,7.242584,7.948535,8.388755,6.245738,7.862769,7.763207,8.374707,9.502335,6.346157,7.462581,7.479853,8.602323,9.287392,8.233603,7.732365,8.214408,7.387002,8.828738,9.200391,9.435091,9.282398,8.460481,10.143595,6.974945,8.253134,7.261020,9.149610,8.646712,8.242964,8.179796
1.953155,7.361720,6.836194,3.122610,3.286721,2.431157,8.285727,2.595725,10.123736,9.602150,1.247298,7.200754,1.727980,4.863287,2.666742,8.790469,1.164135,4.679829,2.350483,1.487872,1.901444,2.989854,3.274693,6.486893,3.825882,4.414229,3.836638,3.659369,3.055764,2.360223,2.573372,2.467675,3.200529,3.518100,3.137628,2.333338,2.742086,4.129032,0.445535,0.678489,5.796100,8.935123,1.738583,2.794991,2.683999,1.175890,0.583387,0.695793,3.381514,2.879756,1.106722,2.001125,0.944712,1.363862,2.232185,2.017004,4.014207,1.315039,2.758277,1.142923,1.531656,0.856785,2.813200,3.397844,1.776453,2.114949,0.401123,0.284389,2.836798,1.414558,1.950180,2.869040,1.515046,1.824269,1.876656,1.751570,1.582155,4.198708,2.087988,1.034175,2.365930,0.177158,1.406837,1.431807,1.659493
9.246697,17.301917,16.793614,9.739885,10.104828,8.361401,6.062335,7.914189,8.028623,8.000014,10.057035,6.469552,10.124724,14.875465,9.266333,1.812580,9.429247,6.242103,9.436909,9.515856,9.005183,7.604710,7.405282,16.791162,8.342576,6.193811,7.097301,6.943712,7.564703,8.930383,8.576611,9.427177,13.622281,7.161215,8.074725,9.086256,9.105085,13.318048,10.453460,9.911926,5.647774,1.732454,8.788417,8.216851,7.893150,9.697582,10.110421,9.824368,7.121237,7.887430,9.840270,9.826037,9.668315,9.380115,8.292129,8.482634,7.568525,9.401756,8.110460,9.462974,8.977355,9.669854,9.630208,7.115079,8.722745,8.442490,10.142418,10.745950,8.460401,9.086858,8.934822,7.883294,9.631512,11.454150,11.665353,11.491598,9.306598,9.607979,8.498734,9.500056,8.181676,10.674761,9.536819,9.246393,9.076685
3.346190,11.039760,10.513858,4.649316,5.038326,1.358781,4.867675,1.642181,7.064256,6.599946,3.796663,3.903543,4.119377,8.533111,2.326673,5.246391,2.925202,0.953121,3.849565,2.515441,1.997842,0.799229,2.061066,10.216636,1.896798,2.028999,0.330166,1.824133,1.934934,1.906973,3.051927,2.451243,6.665095,0.260298,3.008987,3.462495,3.809823,7.448885,3.567495,3.300629,2.116309,5.648238,2.023506,2.790993,1.089294,2.736502,3.234977,3.154675,1.008906,0.878525,3.479615,3.998961,3.128975,2.439897,1.577392,1.883221,3.432515,3.031564,1.081734,2.596251,2.403793,3.031796,4.348501,1.382159,2.103165,2.158509,3.334463,4.007710,3.175144,2.386726,2.920288,2.311735,3.488800,4.425548,4.640232,4.467366,3.123145,5.301634,1.646526,2.901204,1.971051,3.890776,3.297839,2.888299,2.841851
0.864137,7.244813,6.731999,1.234201,1.388559,3.260475,9.026172,2.556179,11.131334,10.638916,0.672475,8.026419,0.177239,4.810115,4.112225,8.511083,1.454695,5.060465,0.697315,2.902281,3.050025,3.373169,2.709476,6.771409,5.014940,3.901642,4.398604,3.192313,2.609232,3.604659,1.490442,3.963629,4.520045,3.906041,2.019073,0.985452,1.128783,3.366274,2.312402,1.476143,6.251894,8.388213,2.370703,1.851140,3.115110,2.643353,2.241726,1.644263,3.389453,3.536382,0.951626,0.246938,1.396596,2.601903,2.652674,2.328192,2.738643,1.238741,3.555132,2.308539,1.889618,1.617144,0.956807,3.196793,2.159761,2.007638,2.000532,1.863892,1.629202,2.049833,1.267574,2.230129,0.708939,3.714247,3.740558,3.632079,1.052367,2.312955,2.741760,1.604862,2.218961,1.985952,0.928452,1.341350,1.329515
1.079996,8.020189,7.495053,2.489065,2.751898,1.917513,7.806309,1.664593,9.810944,9.306879,0.847120,6.763960,1.312916,5.515859,2.674507,7.896218,0.146558,3.982156,1.603371,1.474273,1.621297,2.244216,2.266775,7.283202,3.609108,3.431594,3.209801,2.671756,2.057470,2.173789,1.595916,2.529406,4.211721,2.795082,2.139299,1.459172,1.915853,4.449541,1.224674,0.351854,5.150200,7.977863,1.042687,1.785677,1.946348,1.239018,0.993877,0.356888,2.501683,2.274938,0.510448,1.409315,0.097734,1.164846,1.458779,1.169721,3.019805,0.333390,2.236074,0.873821,0.638165,0.227776,2.148290,2.457964,0.935894,1.133091,0.824864,1.211033,1.867542,0.678595,0.959445,1.849792,0.778280,2.695767,2.796283,2.648536,0.646752,3.515792,1.437734,0.168949,1.392700,1.192555,0.572888,0.416850,0.648233
1.999400,10.086564,9.570926,2.894871,3.298894,2.205654,6.647521,0.979837,8.971934,8.532464,2.795718,5.789930,2.884334,7.629162,3.573791,5.667754,2.256926,2.636441,2.295011,2.974898,2.625539,1.567820,0.143019,9.528904,3.721856,1.068570,2.351832,0.351624,0.361405,2.959549,1.392002,3.579567,6.608916,1.805530,1.087014,1.905751,2.083798,6.196125,3.498236,2.755187,3.763221,5.621060,1.962603,1.034194,1.589067,2.992783,3.177496,2.712983,1.018022,2.029326,2.594736,2.619067,2.492599,2.688276,1.601228,1.574496,1.414771,2.178070,2.247100,2.615706,1.911361,2.551937,2.657932,0.642852,1.756140,1.301250,3.120777,3.614286,1.379573,2.109733,1.672572,0.623363,2.369199,4.831743,4.987991,4.820455,2.049123,3.360155,1.910870,2.374492,1.069863,3.584283,2.280437,2.029309,1.836227
4.522987,12.049794,11.523965,5.838939,6.227973,2.261964,3.702044,2.829289,5.875052,5.413531,4.918568,2.715485,5.271012,9.547352,2.676040,4.864159,4.024060,0.701142,5.035529,3.311504,2.817652,1.955303,3.205881,11.141551,1.669113,2.890211,0.927244,2.900323,3.104116,2.511525,4.241157,2.867405,7.396705,1.448454,4.176951,4.650392,4.999265,8.565649,4.454663,4.349588,1.164339,5.513003,3.079992,3.974689,2.213476,3.586053,4.146150,4.187575,2.161861,1.847440,4.591568,5.170121,4.208978,3.335136,2.690621,3.010955,4.526688,4.157407,1.933000,3.549898,3.508420,4.082929,5.537902,2.514977,3.211214,3.330294,4.288867,4.973980,4.359440,3.447925,4.096873,3.491790,4.637953,5.040972,5.270833,5.106697,4.276958,6.474596,2.685511,3.972539,3.154651,4.836376,4.438263,4.021890,3.997221
