station_index,station_id,station_name,rank,poi_index,poi_name,poi_category,poi_lat,poi_lon,distance_km
0,2268,Picardy Place,1,30135,,residential,55.95749672,-3.185840411,0.10987526265476784
0,2268,Picardy Place,2,5570,,residential,55.95792839,-3.185409366,0.16346284842029482
0,2268,Picardy Place,3,14350,,residential,55.95807009,-3.187071211,0.17820126701977923
0,2268,Picardy Place,4,14336,,residential,55.95807405,-3.187048,0.17821371075895173
0,2268,Picardy Place,5,14343,,residential,55.95804921,-3.187196365,0.1784042936084728
0,2268,Picardy Place,6,14328,,residential,55.95809562,-3.186924961,0.17855574864758592
0,2268,Picardy Place,7,14335,,residential,55.95802467,-3.187341241,0.17906237618874912
0,2268,Picardy Place,8,5567,,residential,55.95810059,-3.185297778,0.18382672284550827
0,2268,Picardy Place,9,5568,,residential,55.95811131,-3.185189481,0.18721978751788743
0,2268,Picardy Place,10,14288,,residential,55.95821425,-3.1858697,0.18817341286830747
1,2265,Musselburgh Brunton Hall,1,32483,Farnham,residential,55.94446658,-3.058691059,0.06112364476151902
1,2265,Musselburgh Brunton Hall,2,32484,Blair,residential,55.94454015,-3.058239372,0.0645640724336722
1,2265,Musselburgh Brunton Hall,3,32144,,residential,55.94435334,-3.059345372,0.07802439445048322
1,2265,Musselburgh Brunton Hall,4,32481,,residential,55.94467985,-3.057855502,0.08475632459268273
1,2265,Musselburgh Brunton Hall,5,32480,,residential,55.94480942,-3.057892037,0.09783964918055765
1,2265,Musselburgh Brunton Hall,6,32147,,residential,55.94433605,-3.05990205,0.10774312875141515
1,2265,Musselburgh Brunton Hall,7,32482,,residential,55.9447515,-3.059520934,0.11596044513681669
1,2265,Musselburgh Brunton Hall,8,32146,,residential,55.94463302,-3.060032635,0.1309068622544434
1,2265,Musselburgh Brunton Hall,9,32157,,residential,55.94518665,-3.0582383,0.13638156525119877
1,2265,Musselburgh Brunton Hall,10,32148,,residential,55.94487122,-3.060236432,0.15711951455250342
2,2263,Musselburgh Lidl,1,15,Spark of Genius Musselburgh Learning Centre,school,55.9430316,-3.0674452,0.10372687884245445
2,2263,Musselburgh Lidl,2,16879,,residential,55.94486147,-3.068842899,0.16977366522150006
2,2263,Musselburgh Lidl,3,32479,,commercial,55.94354903,-3.062674069,0.25670866683328
2,2263,Musselburgh Lidl,4,32695,,residential,55.94512324,-3.062650704,0.2904860941050723
2,2263,Musselburgh Lidl,5,32694,,residential,55.94514788,-3.062402764,0.30540898002415906
2,2263,Musselburgh Lidl,6,25768,,residential,55.94528358,-3.062436291,0.31085155162166533
2,2263,Musselburgh Lidl,7,485,Campie Primary School,school,55.94144485,-3.063719212,0.33022844641306565
2,2263,Musselburgh Lidl,8,32148,,residential,55.94487122,-3.060236432,0.4205277629188043
2,2263,Musselburgh Lidl,9,32146,,residential,55.94463302,-3.060032635,0.42681469718083714
2,2263,Musselburgh Lidl,10,32147,,residential,55.94433605,-3.05990205,0.42965983190394413
3,2259,Leith Walk North,1,6810,,residential,55.96748593,-3.175004861,0.10050965511431594
3,2259,Leith Walk North,2,6809,,residential,55.96784702,-3.17519944,0.10069802560077418
3,2259,Leith Walk North,3,532,,commercial,55.96876538,-3.172776578,0.10684481310955228
3,2259,Leith Walk North,4,6816,,commercial,55.96873482,-3.172636992,0.10834163393200619
3,2259,Leith Walk North,5,5013,,commercial,55.9670409,-3.174372413,0.10911803776909641
3,2259,Leith Walk North,6,525,,commercial,55.96697096,-3.174117951,0.11038877146085407
3,2259,Leith Walk North,7,533,,commercial,55.96814002,-3.171836068,0.11167930321585905
3,2259,Leith Walk North,8,6811,,commercial,55.96895866,-3.173898413,0.11732714998314388
3,2259,Leith Walk North,9,528,,commercial,55.96730536,-3.17513287,0.11791924208972036
3,2259,Leith Walk North,10,524,,commercial,55.9669219,-3.174271809,0.11870014759579613
4,1824,Duke Street,1,4592,,residential,55.96887755,-3.16569675,0.10670948183165853
4,1824,Duke Street,2,398,,residential,55.96887,-3.16533965,0.12885095685303163
4,1824,Duke Street,3,22057,,residential,55.96894598,-3.164967393,0.15122623354550957
4,1824,Duke Street,4,4598,,residential,55.96897617,-3.164919211,0.15409862031202584
4,1824,Duke Street,5,127,Leith Primary School,school,55.97039798,-3.168530954,0.1695954455517403
4,1824,Duke Street,6,4595,,residential,55.96901005,-3.16464445,0.17114631464731958
4,1824,Duke Street,7,4599,,residential,55.96902808,-3.164525928,0.17853106746149197
4,1824,Duke Street,8,7391,,residential,55.96907572,-3.164244217,0.19618166804399295
4,1824,Duke Street,9,7392,,residential,55.96909031,-3.164154835,0.20180403933160967
4,1824,Duke Street,10,4601,,residential,55.9690215,-3.164098595,0.2051172722396184
5,1823,Boroughmuir,1,896,Boroughmuir High School,school,55.94082886,-3.21478528,0.09092976892763172
5,1823,Boroughmuir,2,30306,,residential,55.93950406,-3.214023684,0.10323888717858004
5,1823,Boroughmuir,3,17747,,residential,55.93922895,-3.213860281,0.1312285267933425
5,1823,Boroughmuir,4,6624,,residential,55.9391604,-3.213991854,0.13140949255719686
5,1823,Boroughmuir,5,6626,,residential,55.939203,-3.213900446,0.13159200938851476
5,1823,Boroughmuir,6,6628,,residential,55.93911813,-3.214082735,0.13163387875792723
5,1823,Boroughmuir,7,6630,,residential,55.9390731,-3.214180533,0.13228992073504453
5,1823,Boroughmuir,8,6632,,residential,55.9390334,-3.214268115,0.13321084591677662
5,1823,Boroughmuir,9,6625,,residential,55.93936703,-3.213538616,0.1366115666289115
5,1823,Boroughmuir,10,6627,,residential,55.9393805,-3.21350905,0.1372802599546986
6,1822,Edinburgh Park Station,1,437,Children's Beds Home,commercial,55.92982698,-3.299574298,0.5604546566760019
6,1822,Edinburgh Park Station,2,2903,,residential,55.9261403,-3.31670715,0.5934677582820155
6,1822,Edinburgh Park Station,3,162,inkonpaper;Pirate Studios,commercial,55.9297927,-3.29640295,0.7380663508937331
6,1822,Edinburgh Park Station,4,2902,,residential,55.92485758,-3.318514058,0.7447013995400423
6,1822,Edinburgh Park Station,5,9301,,residential,55.92056076,-3.307763153,0.7588256552621142
6,1822,Edinburgh Park Station,6,4971,Westpoint,commercial,55.93461515,-3.308931589,0.8095461454228816
6,1822,Edinburgh Park Station,7,10936,,residential,55.92490121,-3.32023465,0.8433474658997818
6,1822,Edinburgh Park Station,8,196,Lloyds Banking Group,commercial,55.92787385,-3.293826553,0.8499694537423077
6,1822,Edinburgh Park Station,9,10929,,residential,55.9250005,-3.32056915,0.8595991632264055
6,1822,Edinburgh Park Station,10,58,Tesco Bank,commercial,55.93180446,-3.295991867,0.8663296633422215
7,1821,Drumsheugh Place,1,7041,,residential,55.95141569,-3.213914307,0.09912880715523704
7,1821,Drumsheugh Place,2,5815,,commercial,55.9509307,-3.213436743,0.09991747892907224
7,1821,Drumsheugh Place,3,3109,,residential,55.951425,-3.214031205,0.10608087635538628
7,1821,Drumsheugh Place,4,7039,,residential,55.95146854,-3.214198521,0.11566332821461325
7,1821,Drumsheugh Place,5,7388,,residential,55.9506898,-3.211129156,0.126211158535944
7,1821,Drumsheugh Place,6,4579,,residential,55.95073881,-3.21101651,0.12641983596274978
7,1821,Drumsheugh Place,7,4580,,residential,55.95063477,-3.211226831,0.12769748973172115
7,1821,Drumsheugh Place,8,4581,,residential,55.9507842,-3.210897837,0.12779946681463236
7,1821,Drumsheugh Place,9,4578,,residential,55.950835,-3.210788756,0.1289374470522463
7,1821,Drumsheugh Place,10,7390,,residential,55.95058541,-3.211332762,0.12893955419202993
8,1820,Heriot Watt - Student Accommodation,1,13007,,residential,55.9091297,-3.332449479,0.24196773088385223
8,1820,Heriot Watt - Student Accommodation,2,154,Cameron Smail Library,library,55.90876593,-3.322166531,0.4142717973560828
8,1820,Heriot Watt - Student Accommodation,3,77,Heriot-Watt University,university,55.91089127,-3.32290789,0.45827128964882274
8,1820,Heriot Watt - Student Accommodation,4,44,Lecture Theatre 1 (LT1),university,55.9107026,-3.3226547,0.45901980200932846
8,1820,Heriot Watt - Student Accommodation,5,45,Lecture Theatre 2 (LT2),university,55.9106208,-3.3225449,0.45981138738391975
8,1820,Heriot Watt - Student Accommodation,6,46,Lecture Theatre 3 (LT3),university,55.9105456,-3.3224258,0.46175688876903415
8,1820,Heriot Watt - Student Accommodation,7,47,Lecture Theatre 4 (LT4),university,55.9102825,-3.3212805,0.5117309540536716
8,1820,Heriot Watt - Student Accommodation,8,5791,,residential,55.90329345,-3.330408458,0.5782565538470836
8,1820,Heriot Watt - Student Accommodation,9,5792,,residential,55.9031805,-3.3307108,0.5941478155339727
8,1820,Heriot Watt - Student Accommodation,10,55,Leonard Horner Hall,residential,55.91043558,-3.318215975,0.6959473454770058
9,1819,Heriot Watt - Edinburgh Business School,1,154,Cameron Smail Library,library,55.90876593,-3.322166531,0.12812733993686337
9,1819,Heriot Watt - Edinburgh Business School,2,47,Lecture Theatre 4 (LT4),university,55.9102825,-3.3212805,0.17785988036723682
9,1819,Heriot Watt - Edinburgh Business School,3,55,Leonard Horner Hall,residential,55.91043558,-3.318215975,0.2148023893392353
9,1819,Heriot Watt - Edinburgh Business School,4,46,Lecture Theatre 3 (LT3),university,55.9105456,-3.3224258,0.2397225484339795
9,1819,Heriot Watt - Edinburgh Business School,5,45,Lecture Theatre 2 (LT2),university,55.9106208,-3.3225449,0.2508686909056706
9,1819,Heriot Watt - Edinburgh Business School,6,44,Lecture Theatre 1 (LT1),university,55.9107026,-3.3226547,0.262251071139326
9,1819,Heriot Watt - Edinburgh Business School,7,77,Heriot-Watt University,university,55.91089127,-3.32290789,0.28850197211650414
9,1819,Heriot Watt - Edinburgh Business School,8,126,,residential,55.91117546,-3.312811017,0.5249332384347171
9,1819,Heriot Watt - Edinburgh Business School,9,413,,residential,55.9122052,-3.313597833,0.5534774970501392
9,1819,Heriot Watt - Edinburgh Business School,10,2904,,residential,55.91183005,-3.3113499,0.6403971906415173
10,1818,Dynamic Earth,1,182,Royal Mile Primary School,school,55.95171849,-3.177277892,0.11934739959426903
10,1818,Dynamic Earth,2,183,Scottish Poetry Library,library,55.9514455,-3.178098866,0.15302573134980418
10,1818,Dynamic Earth,3,32565,Adam Smith's Panmure House,university,55.9522114,-3.178399108,0.208057490931476
10,1818,Dynamic Earth,4,6053,Thomas House,residential,55.9508726,-3.179340288,0.22639378016285944
10,1818,Dynamic Earth,5,336,,residential,55.95300701,-3.177608089,0.24333712470942764
10,1818,Dynamic Earth,6,6054,Morison House,residential,55.95113772,-3.179660431,0.24509529702414543
10,1818,Dynamic Earth,7,64,Dunkeld Flats,residential,55.95079635,-3.179659145,0.24711639215314354
10,1818,Dynamic Earth,8,184,Sugarhouse,residential,55.95106449,-3.179966974,0.2641361741795819
10,1818,Dynamic Earth,9,28,Moray House Library,library,55.9506224,-3.1808417,0.3227876652483058
10,1818,Dynamic Earth,10,6036,University of Edinburgh - Holyrood Campus,university,55.94987261,-3.180667168,0.33615370134796263
11,1815,Sighthill - Edinburgh College,1,50,Sighthill Learning Resource Centre (LRC),library,55.9246932,-3.2880002,0.23985156101070437
11,1815,Sighthill - Edinburgh College,2,6775,Edinburgh Napier University - Sighthill Campus,university,55.92443586,-3.288860806,0.25298168482214345
11,1815,Sighthill - Edinburgh College,3,196,Lloyds Banking Group,commercial,55.92787385,-3.293826553,0.3012932937386424
11,1815,Sighthill - Edinburgh College,4,5960,,residential,55.92827888,-3.283958945,0.38701673241018253
11,1815,Sighthill - Edinburgh College,5,5964,,residential,55.92854185,-3.28411249,0.39308544437722925
11,1815,Sighthill - Edinburgh College,6,5958,,residential,55.92716835,-3.28319075,0.3955500418380892
11,1815,Sighthill - Edinburgh College,7,5974,,residential,55.92804687,-3.28357785,0.39774024185383694
11,1815,Sighthill - Edinburgh College,8,5975,,residential,55.92749992,-3.283209158,0.40111025527769334
11,1815,Sighthill - Edinburgh College,9,5967,,residential,55.92918092,-3.284531066,0.4149198652022808
11,1815,Sighthill - Edinburgh College,10,5959,,residential,55.92882775,-3.28398745,0.41704888001965473
12,1814,Abbeyhill,1,6339,,residential,55.9547189,-3.1713686,0.07902236206734778
12,1814,Abbeyhill,2,6342,,residential,55.95466514,-3.171488619,0.0790620684232692
12,1814,Abbeyhill,3,27956,,residential,55.95458814,-3.171269643,0.09409858822592304
12,1814,Abbeyhill,4,6341,,residential,55.95449921,-3.17039937,0.1404403159461218
12,1814,Abbeyhill,5,6343,,residential,55.95458904,-3.170260618,0.14208682222694305
12,1814,Abbeyhill,6,6340,,residential,55.9545528,-3.17009595,0.15295883242247446
12,1814,Abbeyhill,7,7397,,residential,55.95424635,-3.173907845,0.15326858658126005
12,1814,Abbeyhill,8,7037,,residential,55.95423335,-3.174069138,0.16134067727347762
12,1814,Abbeyhill,9,7036,,residential,55.95420719,-3.174197056,0.16910358393543312
12,1814,Abbeyhill,10,7038,,residential,55.95419723,-3.174353794,0.17707365073999956
13,1813,Milton Road - Edinburgh College,1,6089,,residential,55.94432173,-3.097946448,0.047681790952892864
13,1813,Milton Road - Edinburgh College,2,14063,,residential,55.94400442,-3.099384284,0.05169517751747248
13,1813,Milton Road - Edinburgh College,3,14078,,residential,55.94388739,-3.099334172,0.052064695379446274
13,1813,Milton Road - Edinburgh College,4,14050,,residential,55.94392694,-3.099364214,0.05233196436170405
13,1813,Milton Road - Edinburgh College,5,14080,,residential,55.94378637,-3.099298868,0.055471364452730654
13,1813,Milton Road - Edinburgh College,6,14036,,residential,55.94365675,-3.09916515,0.059048074403612934
13,1813,Milton Road - Edinburgh College,7,14074,,residential,55.94366201,-3.099240703,0.06172181893905106
13,1813,Milton Road - Edinburgh College,8,33603,RNIB Employment & Learning Centre,school,55.94404768,-3.097459898,0.06862596656012393
13,1813,Milton Road - Edinburgh College,9,14065,,residential,55.9435564,-3.0992198,0.06996327091345723
13,1813,Milton Road - Edinburgh College,10,14055,,residential,55.9434638,-3.09918065,0.07729491645045017
14,1809,Royal Edinburgh Hospital,1,7573,,residential,55.92812527,-3.212786955,0.04710232847096967
14,1809,Royal Edinburgh Hospital,2,7576,,residential,55.92809126,-3.212672554,0.049878124597743795
14,1809,Royal Edinburgh Hospital,3,7586,,residential,55.92812643,-3.212723837,0.049980308792136934
14,1809,Royal Edinburgh Hospital,4,7587,,residential,55.92817619,-3.212744783,0.05305426215822217
14,1809,Royal Edinburgh Hospital,5,7506,,residential,55.92754885,-3.21213355,0.07903830051090713
14,1809,Royal Edinburgh Hospital,6,7505,,residential,55.92752725,-3.212131524,0.08009463678791734
14,1809,Royal Edinburgh Hospital,7,7504,,residential,55.9274243,-3.212122126,0.08586582982983443
14,1809,Royal Edinburgh Hospital,8,7507,,residential,55.92740427,-3.212120277,0.08712068927068627
14,1809,Royal Edinburgh Hospital,9,7556,,residential,55.92864864,-3.213102202,0.09322888266596645
14,1809,Royal Edinburgh Hospital,10,7519,,residential,55.92867015,-3.213121432,0.09544554162807208
15,1807,Gamekeeper's Road,1,13079,,residential,55.96914472,-3.307029018,0.03609228554931287
15,1807,Gamekeeper's Road,2,13078,,residential,55.96926082,-3.306682869,0.04115436841279366
15,1807,Gamekeeper's Road,3,13081,,residential,55.96886191,-3.306955192,0.06729268615413102
15,1807,Gamekeeper's Road,4,13084,,residential,55.96968293,-3.306169835,0.07283744918528139
15,1807,Gamekeeper's Road,5,13082,,residential,55.96886828,-3.306385444,0.08386935069264399
15,1807,Gamekeeper's Road,6,13128,,residential,55.97009105,-3.307973672,0.0847090695380076
15,1807,Gamekeeper's Road,7,33216,,residential,55.96922237,-3.308798874,0.09892019671340636
15,1807,Gamekeeper's Road,8,33217,,residential,55.96928055,-3.3088344,0.09969259602322378
15,1807,Gamekeeper's Road,9,33218,,residential,55.9693387,-3.30887,0.10092819372623459
15,1807,Gamekeeper's Road,10,33219,,residential,55.9694968,-3.308891775,0.10179532320313882
16,1798,Chambers Street,1,36,Edinburgh Law School Library,library,55.9476338,-3.1876627,0.07835554037694925
16,1798,Chambers Street,2,32564,Old College (University of Edinburgh),university,55.94741701,-3.18725632,0.10556011666825417
16,1798,Chambers Street,3,3134,,residential,55.94673936,-3.18744524,0.132652119295844
16,1798,Chambers Street,4,7,Playfair Library,library,55.9472046,-3.1869088,0.1327204112728718
16,1798,Chambers Street,5,153,,university,55.94683193,-3.187007466,0.1465583157419377
16,1798,Chambers Street,6,186,National Library of Scotland,library,55.94857471,-3.191701573,0.2042942261063268
16,1798,Chambers Street,7,30,Advocates Library,library,55.9488724,-3.1915551,0.21662782337841868
16,1798,Chambers Street,8,185,Central Library,library,55.94828812,-3.192495393,0.23539721993192514
16,1798,Chambers Street,9,37,Signet Library,library,55.9491104,-3.1916095,0.23714297393989048
16,1798,Chambers Street,10,35,Central Children's Library,library,55.9484985,-3.1924454,0.24116405004335487
17,1770,Ellersly Road,1,753,,commercial,55.94471486,-3.250316181,0.05092811065190798
17,1770,Ellersly Road,2,7772,,residential,55.9450926,-3.251852454,0.06068524153314125
17,1770,Ellersly Road,3,9447,,residential,55.944549,-3.251584577,0.07049454884491071
17,1770,Ellersly Road,4,7770,,residential,55.94560115,-3.25182075,0.08504777539163692
17,1770,Ellersly Road,5,7774,,residential,55.9456333,-3.251972103,0.09422630860241897
17,1770,Ellersly Road,6,7409,,residential,55.94417917,-3.250694755,0.09707182712850249
17,1770,Ellersly Road,7,7771,,residential,55.94534436,-3.252351687,0.09737893856323512
17,1770,Ellersly Road,8,27916,,residential,55.94532027,-3.252381554,0.09826494203868727
17,1770,Ellersly Road,9,7412,,residential,55.94416277,-3.250698522,0.09885523929741978
17,1770,Ellersly Road,10,7413,,residential,55.94410556,-3.250714995,0.10507074722432543
18,1769,Brunswick Place,1,190,McDonald Road Library,library,55.96134562,-3.181388959,0.060379262282237035
18,1769,Brunswick Place,2,482,,commercial,55.9615549,-3.179971249,0.10050188721719208
18,1769,Brunswick Place,3,409,Leith Walk Primary School,school,55.96019702,-3.179226226,0.13150825781545042
18,1769,Brunswick Place,4,5571,,residential,55.95887328,-3.182259045,0.23383530467099567
18,1769,Brunswick Place,5,5566,,residential,55.95956347,-3.183985279,0.23532379773889123
18,1769,Brunswick Place,6,30569,,residential,55.96024866,-3.177328971,0.2372823880260177
18,1769,Brunswick Place,7,14286,,residential,55.95939437,-3.184013048,0.2485285379659175
18,1769,Brunswick Place,8,5398,,residential,55.95875841,-3.183010059,0.26468275397851637
18,1769,Brunswick Place,9,5390,,residential,55.95834156,-3.18041182,0.281396328606783
18,1769,Brunswick Place,10,9020,,residential,55.95827552,-3.181204543,0.2867862131083507
19,1768,Thirlestane Road,1,6332,,residential,55.93563581,-3.198697391,0.03494697071073752
19,1768,Thirlestane Road,2,6333,,residential,55.93563098,-3.19888743,0.035028710484542695
19,1768,Thirlestane Road,3,6331,,residential,55.93564012,-3.198509219,0.03858202591147852
19,1768,Thirlestane Road,4,6189,,residential,55.93562698,-3.199074923,0.03890422162198856
19,1768,Thirlestane Road,5,6335,,residential,55.93562614,-3.199110599,0.03997998019691913
19,1768,Thirlestane Road,6,6330,,residential,55.935645,-3.19831601,0.045309380332078104
19,1768,Thirlestane Road,7,6329,,residential,55.93564953,-3.198128563,0.053630051762961546
19,1768,Thirlestane Road,8,6315,,residential,55.93589564,-3.198554024,0.06491954450634879
19,1768,Thirlestane Road,9,6320,,residential,55.93591783,-3.198555664,0.06731875988031838
19,1768,Thirlestane Road,10,6308,,residential,55.93592646,-3.198295626,0.07308229776909127
20,1767,Bruntsfield Links,1,4618,,residential,55.93651669,-3.206427072,0.0674459463464442
20,1767,Bruntsfield Links,2,4613,,residential,55.9364299,-3.206186034,0.07860164658708245
20,1767,Bruntsfield Links,3,14587,,residential,55.93621214,-3.207045084,0.10826919972746707
20,1767,Bruntsfield Links,4,5112,,residential,55.93778094,-3.207743377,0.10963602608710801
20,1767,Bruntsfield Links,5,5111,,residential,55.937887,-3.207562737,0.11033047004732546
20,1767,Bruntsfield Links,6,5113,,residential,55.93785636,-3.207632694,0.11062744200783542
20,1767,Bruntsfield Links,7,5115,,residential,55.93790162,-3.207540669,0.1107242986652933
20,1767,Bruntsfield Links,8,5107,,residential,55.93784228,-3.207661805,0.11072531570096089
20,1767,Bruntsfield Links,9,5117,,residential,55.93781188,-3.20772388,0.11107748825131789
20,1767,Bruntsfield Links,10,5102,,residential,55.93765442,-3.207944054,0.11116739620375991
21,1765,Haymarket Terrace,1,7017,,residential,55.9464316,-3.222866125,0.04204465316780807
21,1765,Haymarket Terrace,2,7015,,residential,55.94651068,-3.222884422,0.050427096686020426
21,1765,Haymarket Terrace,3,7028,,residential,55.94651001,-3.222792246,0.05165478128393112
21,1765,Haymarket Terrace,4,7025,,residential,55.94658725,-3.2228779,0.05889352239980524
21,1765,Haymarket Terrace,5,7026,,residential,55.94658665,-3.22278985,0.059920870111314646
21,1765,Haymarket Terrace,6,7008,,residential,55.94618235,-3.222002267,0.06496837157326547
21,1765,Haymarket Terrace,7,7009,,residential,55.94625894,-3.222009187,0.066805571689734
21,1765,Haymarket Terrace,8,7022,,residential,55.9466652,-3.2228763,0.06748389954173914
21,1765,Haymarket Terrace,9,7012,,residential,55.94633419,-3.222015616,0.06960870564599375
21,1765,Haymarket Terrace,10,7011,,residential,55.94641092,-3.222021251,0.07339584131773685
22,1763,Comely Bank Road,1,30811,,residential,55.95956624,-3.214176728,0.09402658213530123
22,1763,Comely Bank Road,2,30812,,residential,55.95971349,-3.214156078,0.09958269878508616
22,1763,Comely Bank Road,3,3403,,residential,55.95889997,-3.214101451,0.11245325415541876
22,1763,Comely Bank Road,4,30874,,residential,55.95985877,-3.217814758,0.14301938991605578
22,1763,Comely Bank Road,5,30875,,residential,55.95989368,-3.217826826,0.1451166129566273
22,1763,Comely Bank Road,6,30876,,residential,55.95992303,-3.217829972,0.1465375373693227
22,1763,Comely Bank Road,7,30872,,residential,55.96004052,-3.217844302,0.15289091658917434
22,1763,Comely Bank Road,8,3446,,residential,55.95947115,-3.213195273,0.1536506679421445
22,1763,Comely Bank Road,9,30873,,residential,55.96007121,-3.217847818,0.1546777353508393
22,1763,Comely Bank Road,10,3453,,residential,55.95942767,-3.2130852,0.1603641825063331
23,1758,Queen Margaret University,1,138,Queen Margaret University,university,55.93092459,-3.073969167,0.12917069312807958
23,1758,Queen Margaret University,2,15549,,residential,55.9331795,-3.070459493,0.21194658811929537
23,1758,Queen Margaret University,3,33184,,residential,55.93324121,-3.07051279,0.2138111277029939
23,1758,Queen Margaret University,4,33183,,residential,55.93302201,-3.069620763,0.24597348162598812
23,1758,Queen Margaret University,5,15542,,residential,55.9330703,-3.069521049,0.25398748427199475
23,1758,Queen Margaret University,6,33185,,residential,55.9330158,-3.069333401,0.2615955764197465
23,1758,Queen Margaret University,7,15550,,residential,55.93296091,-3.069269745,0.26256958318611107
23,1758,Queen Margaret University,8,33186,,residential,55.93280042,-3.069015952,0.27050428789430003
23,1758,Queen Margaret University,9,15548,,residential,55.9327451,-3.068929039,0.27363407388740085
23,1758,Queen Margaret University,10,33187,,residential,55.93206884,-3.068115408,0.3109278340135484
24,1757,Meggetland,1,22905,,residential,55.92783875,-3.23236245,0.08620572048628729
24,1757,Meggetland,2,22917,,residential,55.92778476,-3.232265176,0.09030831889482421
24,1757,Meggetland,3,22912,,residential,55.92772563,-3.232168257,0.09488493990229085
24,1757,Meggetland,4,22911,,residential,55.92765075,-3.2321014,0.09804233060042775
24,1757,Meggetland,5,22334,,residential,55.92834945,-3.23287755,0.09817330753439356
24,1757,Meggetland,6,170,,commercial,55.92683539,-3.232681874,0.10380487039016728
24,1757,Meggetland,7,22915,,commercial,55.92673386,-3.232855688,0.10757242771015924
24,1757,Meggetland,8,22333,,residential,55.928355,-3.232567583,0.1096581822960564
24,1757,Meggetland,9,22332,,residential,55.92844695,-3.23274035,0.11186025026748614
24,1757,Meggetland,10,22412,,residential,55.9266086,-3.2331605,0.11330864299775723
25,1756,Western General Hospital,1,178,Western General Hospital (Edinburgh),hospital,55.96229848,-3.235026189,0.08181561481392437
25,1756,Western General Hospital,2,25506,,residential,55.96403613,-3.234812357,0.13952398411222164
25,1756,Western General Hospital,3,25509,,residential,55.9639731,-3.23518727,0.14198812669945274
25,1756,Western General Hospital,4,14818,,residential,55.96405956,-3.234833389,0.14240356697963677
25,1756,Western General Hospital,5,14856,,residential,55.96409678,-3.234622311,0.14300559638110152
25,1756,Western General Hospital,6,14873,,residential,55.96403598,-3.234986844,0.1431600913283977
25,1756,Western General Hospital,7,14859,,residential,55.9640236,-3.2350425,0.1432110760802519
25,1756,Western General Hospital,8,14842,,residential,55.96398664,-3.23524684,0.14505610375423056
25,1756,Western General Hospital,9,14843,,residential,55.96416785,-3.234226482,0.14777516462842577
25,1756,Western General Hospital,10,14862,,residential,55.9639496,-3.23545125,0.14808416139979014
26,1754,Murrayfield Tram,1,756,,residential,55.94290586,-3.237589657,0.1114193073421413
26,1754,Murrayfield Tram,2,436,Roseburn Primary School,school,55.94357116,-3.236779124,0.19526709283305108
26,1754,Murrayfield Tram,3,8014,,residential,55.94381796,-3.238010919,0.21247040993053243
26,1754,Murrayfield Tram,4,10002,,residential,55.94387089,-3.237849988,0.21797277187040265
26,1754,Murrayfield Tram,5,8013,,residential,55.94388095,-3.237428874,0.22028712863895877
26,1754,Murrayfield Tram,6,9993,,residential,55.94391665,-3.2377673,0.2230485764056432
26,1754,Murrayfield Tram,7,9985,,residential,55.94395282,-3.237689957,0.22716499090209857
26,1754,Murrayfield Tram,8,7972,,residential,55.94394805,-3.235989173,0.25305312693739174
26,1754,Murrayfield Tram,9,31981,,residential,55.94420729,-3.237447264,0.2563014298227264
26,1754,Murrayfield Tram,10,7973,,residential,55.9440105,-3.235972157,0.25975051463083165
27,1753,Waitrose Comely Bank,1,22118,,residential,55.95932065,-3.222718755,0.05058667115395982
27,1753,Waitrose Comely Bank,2,22113,,residential,55.9593273,-3.222673824,0.0527359995149846
27,1753,Waitrose Comely Bank,3,22114,,residential,55.95934865,-3.222488787,0.06244666388221435
27,1753,Waitrose Comely Bank,4,3139,,residential,55.95935899,-3.222447503,0.06451391724339145
27,1753,Waitrose Comely Bank,5,3140,,residential,55.95938229,-3.22224952,0.07571339609554266
27,1753,Waitrose Comely Bank,6,22094,,residential,55.95938876,-3.22220418,0.07831124850952333
27,1753,Waitrose Comely Bank,7,22109,,residential,55.95943139,-3.222006869,0.08961797058145721
27,1753,Waitrose Comely Bank,8,22116,,residential,55.95943819,-3.221960322,0.09239912676969067
27,1753,Waitrose Comely Bank,9,30898,,residential,55.95865552,-3.223663884,0.09896891222102146
27,1753,Waitrose Comely Bank,10,22110,,residential,55.95946128,-3.221795434,0.10235689569336068
28,1749,Dean Street,1,553,,residential,55.95708238,-3.214719774,0.03470390624569863
28,1749,Dean Street,2,3401,,residential,55.95698778,-3.214784724,0.04480685537296847
28,1749,Dean Street,3,30981,,residential,55.95696791,-3.21480583,0.0473132639824216
28,1749,Dean Street,4,551,,residential,55.95692476,-3.214879761,0.053961319073839255
28,1749,Dean Street,5,30894,,residential,55.9569026,-3.2149175,0.05736573560863447
28,1749,Dean Street,6,745,,residential,55.95770915,-3.213758228,0.05809528209596318
28,1749,Dean Street,7,744,,residential,55.95786277,-3.213900452,0.06929654403991907
28,1749,Dean Street,8,3400,,residential,55.95680224,-3.215096812,0.07314396586121781
28,1749,Dean Street,9,3399,,residential,55.95676115,-3.21518075,0.08005924514006794
28,1749,Dean Street,10,550,,residential,55.95656828,-3.214060261,0.08015326178706432
29,1748,Colinton Road,1,29,Edinburgh Napier Merchiston Library,library,55.9334673,-3.2128229,0.02711896870989225
29,1748,Colinton Road,2,14544,,residential,55.9330472,-3.212630483,0.04354632665111509
29,1748,Colinton Road,3,16096,,residential,55.93293723,-3.212518617,0.0538115889159889
29,1748,Colinton Road,4,16092,,residential,55.9329265,-3.212299716,0.054806637139736374
29,1748,Colinton Road,5,16094,,residential,55.9329044,-3.21235755,0.05698057051405324
29,1748,Colinton Road,6,7382,,residential,55.93389302,-3.212804515,0.05876357823604936
29,1748,Colinton Road,7,7385,,residential,55.93393349,-3.212691475,0.060354608906638234
29,1748,Colinton Road,8,7379,,residential,55.93387287,-3.212955536,0.061534872648052866
29,1748,Colinton Road,9,5863,,residential,55.93337509,-3.211406743,0.06185711812322259
29,1748,Colinton Road,10,7380,,residential,55.93383267,-3.213064961,0.06223575324432522
30,1745,Scotland Street,1,4025,,residential,55.95978675,-3.195526599,0.06602824883066558
30,1745,Scotland Street,2,4024,,residential,55.95970696,-3.196163102,0.08634539483278564
30,1745,Scotland Street,3,30690,,residential,55.9595955,-3.195419358,0.0872590593811261
30,1745,Scotland Street,4,4567,,residential,55.95977543,-3.19448613,0.09092800398542573
30,1745,Scotland Street,5,4026,,residential,55.959625,-3.196116919,0.09307237149134763
30,1745,Scotland Street,6,4028,,residential,55.95966018,-3.196269509,0.09421195224111865
30,1745,Scotland Street,7,4027,,residential,55.95957701,-3.196227429,0.10093349664231327
30,1745,Scotland Street,8,30729,,residential,55.95931622,-3.195778661,0.11980299084241895
30,1745,Scotland Street,9,30731,,residential,55.95923728,-3.195384112,0.12714691595790514
30,1745,Scotland Street,10,4023,,residential,55.9592317,-3.19548275,0.1276563986218715
31,1744,Morningside Road,1,7527,,residential,55.92782175,-3.209961896,0.022484403421623708
31,1744,Morningside Road,2,7503,,residential,55.92768582,-3.209858417,0.03398690412370205
31,1744,Morningside Road,3,7529,,residential,55.92768,-3.209790996,0.03405032819775825
31,1744,Morningside Road,4,7528,,residential,55.92764705,-3.210043495,0.041831309065350056
31,1744,Morningside Road,5,7513,,residential,55.92764468,-3.210090635,0.04342630809386976
31,1744,Morningside Road,6,7511,,residential,55.92764303,-3.210135398,0.04501087306091441
31,1744,Morningside Road,7,7532,,residential,55.92812745,-3.21049525,0.04905411674568674
31,1744,Morningside Road,8,795,,residential,55.92763425,-3.210346617,0.0539126282819868
31,1744,Morningside Road,9,7512,,residential,55.92763231,-3.210393988,0.056139210546681244
31,1744,Morningside Road,10,7533,,residential,55.92812175,-3.210652257,0.05823034777156272
32,1739,Edinburgh Royal Infirmary,1,32196,University of Edinburgh - Little France Campus,university,55.92217818,-3.13849509,0.1319427123742052
32,1739,Edinburgh Royal Infirmary,2,32977,Royal Hospital for Children and Young People,hospital,55.92096285,-3.139081918,0.13851659284232107
32,1739,Edinburgh Royal Infirmary,3,408,Royal Infirmary of Edinburgh (Little France),hospital,55.92214178,-3.134855691,0.15825526274689064
32,1739,Edinburgh Royal Infirmary,4,10923,,residential,55.92055024,-3.141965777,0.3237737982001332
32,1739,Edinburgh Royal Infirmary,5,10922,,residential,55.92093727,-3.142732705,0.36195234301928725
32,1739,Edinburgh Royal Infirmary,6,75,University of Edinburgh Bioquarter,university,55.92003105,-3.130459795,0.43156436577509194
32,1739,Edinburgh Royal Infirmary,7,741,NINE - Life Sciences Innovation Centre,commercial,55.91984659,-3.129359724,0.5030105493729934
32,1739,Edinburgh Royal Infirmary,8,5260,,residential,55.92129302,-3.14637684,0.5860605034043295
32,1739,Edinburgh Royal Infirmary,9,5177,,residential,55.9213672,-3.146631763,0.6019054403402531
32,1739,Edinburgh Royal Infirmary,10,5176,,residential,55.92105062,-3.146621456,0.6022106316075196
33,1738,Wester Coates Terrace,1,14372,,residential,55.94533792,-3.23135896,0.04600097379975738
33,1738,Wester Coates Terrace,2,7811,,residential,55.94607868,-3.232242067,0.05379227567860502
33,1738,Wester Coates Terrace,3,7863,,residential,55.94601368,-3.231255457,0.05483594040082095
33,1738,Wester Coates Terrace,4,7816,,residential,55.94610623,-3.232264365,0.05715180445175141
33,1738,Wester Coates Terrace,5,7864,,residential,55.94619902,-3.232058174,0.0626181694916826
33,1738,Wester Coates Terrace,6,7859,,residential,55.94603286,-3.230903202,0.07267771853395016
33,1738,Wester Coates Terrace,7,27272,,residential,55.94631272,-3.23126063,0.08240186586066146
33,1738,Wester Coates Terrace,8,27035,,residential,55.9451379,-3.230659144,0.0932450784135992
33,1738,Wester Coates Terrace,9,27021,,residential,55.94515262,-3.230574346,0.09654301916374901
33,1738,Wester Coates Terrace,10,7865,,residential,55.94648657,-3.232375269,0.09882937886570661
34,1737,Inverleith Row,1,18826,,residential,55.96440602,-3.201767504,0.03796501835983803
34,1737,Inverleith Row,2,18825,,residential,55.96450621,-3.201949147,0.044120926294631886
34,1737,Inverleith Row,3,9588,,residential,55.96381649,-3.202649176,0.04810196899724974
34,1737,Inverleith Row,4,25256,,residential,55.96435505,-3.2028112,0.051804828450404294
34,1737,Inverleith Row,5,9589,,residential,55.96379622,-3.202705826,0.05220826389820354
34,1737,Inverleith Row,6,18814,,residential,55.96460305,-3.202025033,0.05412264728799385
34,1737,Inverleith Row,7,25258,,residential,55.9643849,-3.202872343,0.056777311035694084
34,1737,Inverleith Row,8,9917,,residential,55.96395073,-3.201220468,0.05749953263390819
34,1737,Inverleith Row,9,25259,,residential,55.96440844,-3.202896125,0.05942558717227634
34,1737,Inverleith Row,10,18802,,residential,55.96390935,-3.2011833,0.06128214048085618
35,1730,East London Street,1,402,St Mary's RC Primary School,school,55.95951465,-3.187549931,0.05356076792777781
35,1730,East London Street,2,424,,residential,55.96003116,-3.186133447,0.06679797781978548
35,1730,East London Street,3,425,,residential,55.95990319,-3.188639864,0.08994086902006353
35,1730,East London Street,4,5078,,residential,55.9598673,-3.188857349,0.10374976862365896
35,1730,East London Street,5,14339,,residential,55.9590913,-3.18812035,0.11181692535345741
35,1730,East London Street,6,14355,,residential,55.95909775,-3.188251287,0.1156217981773152
35,1730,East London Street,7,5077,,residential,55.95982995,-3.189072152,0.11748408782644612
35,1730,East London Street,8,14330,,residential,55.95908385,-3.1883113,0.11903373459010962
35,1730,East London Street,9,14353,,residential,55.9590291,-3.188355981,0.1256091300512526
35,1730,East London Street,10,14344,,residential,55.95903719,-3.188481866,0.12955536530569806
36,1729,McDonald Road,1,6835,,commercial,55.96362937,-3.185891385,0.06309373178944928
36,1729,McDonald Road,2,29184,,residential,55.96380012,-3.187226828,0.1302339947938912
36,1729,McDonald Road,3,29183,,residential,55.9638169,-3.18725773,0.13177008665613882
36,1729,McDonald Road,4,29185,,residential,55.9637387,-3.187257233,0.13358558189811917
36,1729,McDonald Road,5,29186,,residential,55.9639488,-3.187509141,0.14553518879398594
36,1729,McDonald Road,6,29196,,residential,55.9635772,-3.18737485,0.14589644238903654
36,1729,McDonald Road,7,29251,,residential,55.96491482,-3.183167581,0.15897042904492095
36,1729,McDonald Road,8,29187,,residential,55.9638464,-3.18773746,0.16077417987946016
36,1729,McDonald Road,9,29191,,residential,55.96376631,-3.187744226,0.16256653795193665
36,1729,McDonald Road,10,6727,,residential,55.96538677,-3.184144979,0.16382184789800067
37,1728,Portobello - Kings Road,1,11653,,residential,55.95776571,-3.118215041,0.01816909313439975
37,1728,Portobello - Kings Road,2,15614,,residential,55.9577428,-3.118310794,0.019238533143869245
37,1728,Portobello - Kings Road,3,11681,,residential,55.95772347,-3.118364857,0.021439937652986418
37,1728,Portobello - Kings Road,4,15615,,residential,55.95769129,-3.118435456,0.025738639002202895
37,1728,Portobello - Kings Road,5,11654,,residential,55.95766356,-3.118502537,0.029947657735676442
37,1728,Portobello - Kings Road,6,11632,,residential,55.95767748,-3.118064174,0.03127232809805591
37,1728,Portobello - Kings Road,7,11659,,residential,55.95762606,-3.118539513,0.03466908004931144
37,1728,Portobello - Kings Road,8,11678,,residential,55.95773139,-3.11880767,0.03598930257503907
37,1728,Portobello - Kings Road,9,1565,,residential,55.9575751,-3.118462358,0.03870010104005406
37,1728,Portobello - Kings Road,10,1563,,residential,55.95767281,-3.118859978,0.04251622918302271
38,1727,Causewayside,1,121,Map Library,library,55.93663051,-3.179831189,0.025046243127578756
38,1727,Causewayside,2,12355,,residential,55.93662876,-3.17945474,0.04637339942021299
38,1727,Causewayside,3,12379,,residential,55.93657394,-3.179412785,0.047536562171746295
38,1727,Causewayside,4,12475,,residential,55.93652936,-3.17938666,0.04862936010488665
38,1727,Causewayside,5,12399,,residential,55.93651274,-3.179296632,0.054172353127808104
38,1727,Causewayside,6,12381,,residential,55.93653412,-3.179211444,0.05955479516790602
38,1727,Causewayside,7,12431,,residential,55.936197,-3.179054745,0.07729132599032969
38,1727,Causewayside,8,8736,,residential,55.93648873,-3.181552577,0.08635794208518668
38,1727,Causewayside,9,12350,,residential,55.93605507,-3.178959557,0.09035314509846869
38,1727,Causewayside,10,8673,,residential,55.93624787,-3.181547012,0.09065516984587962
39,1726,Simon Square,1,32465,,residential,55.94435237,-3.181366069,0.09475039166350652
39,1726,Simon Square,2,229,,residential,55.94371916,-3.183746472,0.14576926381803212
39,1726,Simon Square,3,32464,,residential,55.94350441,-3.182917309,0.15198391465712713
39,1726,Simon Square,4,228,,residential,55.9437083,-3.18397291,0.15422797211849815
39,1726,Simon Square,5,230,,residential,55.94372821,-3.184170106,0.15965798428027542
39,1726,Simon Square,6,231,,residential,55.94372789,-3.184391942,0.16855021999041614
39,1726,Simon Square,7,32712,,commercial,55.9444398,-3.185214157,0.16993317863389562
39,1726,Simon Square,8,32714,,commercial,55.94564228,-3.18517908,0.18326044949364245
39,1726,Simon Square,9,32713,,commercial,55.94569232,-3.185265663,0.19066279790958715
39,1726,Simon Square,10,33090,St Leonard's Nursery School,school,55.9468548,-3.18277252,0.22222924028270657
40,1725,Edinburgh Zoo,1,26499,,residential,55.94173902,-3.26955221,0.04499212610111828
40,1725,Edinburgh Zoo,2,267,Zoo Entrance,commercial,55.94240269,-3.268740541,0.04666769198898098
40,1725,Edinburgh Zoo,3,26498,,residential,55.94167426,-3.269251757,0.04909497416872417
40,1725,Edinburgh Zoo,4,26315,,residential,55.94156952,-3.270011057,0.07561747960246996
40,1725,Edinburgh Zoo,5,26267,,residential,55.9413966,-3.26914295,0.08042115402897047
40,1725,Edinburgh Zoo,6,26312,,residential,55.94139505,-3.269800971,0.08625711111620726
40,1725,Edinburgh Zoo,7,26274,,residential,55.94136038,-3.268951503,0.08650560544856935
40,1725,Edinburgh Zoo,8,26271,,residential,55.94139017,-3.268729908,0.08777620060400496
40,1725,Edinburgh Zoo,9,26266,,residential,55.94139767,-3.268671514,0.08852278892262595
40,1725,Edinburgh Zoo,10,26275,,residential,55.9414265,-3.268515472,0.09040982687184908
41,1722,Cramond Foreshore,1,12799,Cobble Cottage,residential,55.97965611,-3.302102416,0.09996301586132025
41,1722,Cramond Foreshore,2,12798,,residential,55.97895949,-3.300853126,0.11984400157951282
41,1722,Cramond Foreshore,3,13116,,residential,55.97712643,-3.300687685,0.32296020732926217
41,1722,Cramond Foreshore,4,13126,,residential,55.9771012,-3.301172203,0.32742019005794565
41,1722,Cramond Foreshore,5,13115,,residential,55.97689398,-3.300645151,0.3487949079163408
41,1722,Cramond Foreshore,6,13127,,residential,55.97669144,-3.300488423,0.37143883755376816
41,1722,Cramond Foreshore,7,13114,,residential,55.97650354,-3.300320248,0.3927196197381124
41,1722,Cramond Foreshore,8,33589,,residential,55.97642892,-3.300216127,0.4013817337889446
41,1722,Cramond Foreshore,9,13124,,residential,55.97625037,-3.301125409,0.42143645032022636
41,1722,Cramond Foreshore,10,13120,,residential,55.97609695,-3.3006756,0.43742559553129173
42,1721,Tollcross,1,3301,,residential,55.94335499,-3.20179047,0.12867605940277596
42,1721,Tollcross,2,3300,,residential,55.94351482,-3.201167621,0.14558640242567483
42,1721,Tollcross,3,5820,,residential,55.94339634,-3.201230337,0.15030116529770496
42,1721,Tollcross,4,22886,,residential,55.94355023,-3.201020465,0.15120609701345697
42,1721,Tollcross,5,22887,,residential,55.94345149,-3.200980695,0.1591749565401979
42,1721,Tollcross,6,9019,,residential,55.94531466,-3.204819173,0.15957668834358588
42,1721,Tollcross,7,22746,,commercial,55.94479905,-3.205966664,0.18845435890728582
42,1721,Tollcross,8,754,Mainpoint,commercial,55.94577684,-3.201250782,0.2054813607773188
42,1721,Tollcross,9,842,Excel House,commercial,55.94517533,-3.206272523,0.22258351058198472
42,1721,Tollcross,10,430,Exchange Place 1,commercial,55.94435327,-3.206793614,0.23000902120545108
43,1720,Dundas Street,1,30920,,residential,55.96081531,-3.203503531,0.13864650941406906
43,1720,Dundas Street,2,30921,,residential,55.96091288,-3.203552761,0.14257088043013194
43,1720,Dundas Street,3,30919,,residential,55.96046769,-3.203533539,0.14416421429079676
43,1720,Dundas Street,4,30922,,residential,55.96102466,-3.203624834,0.14895382727470582
43,1720,Dundas Street,5,30771,,residential,55.95996959,-3.203788935,0.17943673720807118
43,1720,Dundas Street,6,4305,,residential,55.95917672,-3.199500194,0.20816862849832393
43,1720,Dundas Street,7,3831,,residential,55.95889348,-3.200671685,0.2112144665539901
43,1720,Dundas Street,8,4307,,residential,55.95907747,-3.199706731,0.21134776086285537
43,1720,Dundas Street,9,4309,,residential,55.9592172,-3.199265778,0.2126246444369097
43,1720,Dundas Street,10,30479,,residential,55.95922243,-3.199236612,0.21323176019263992
44,1102,Haymarket Station,1,16528,,residential,55.94606385,-3.217917433,0.057438071671596286
44,1102,Haymarket Station,2,751,,commercial,55.94537305,-3.217113395,0.07018993074218846
44,1102,Haymarket Station,3,16104,,commercial,55.9452916,-3.2171704,0.07030852515365861
44,1102,Haymarket Station,4,16105,,commercial,55.94519355,-3.21724355,0.0719809953291722
44,1102,Haymarket Station,5,16106,,commercial,55.94508134,-3.217326792,0.07615360283434788
44,1102,Haymarket Station,6,16505,,residential,55.94619328,-3.218752295,0.077851607630808
44,1102,Haymarket Station,7,16515,,residential,55.9462657,-3.2177572,0.08186740547970434
44,1102,Haymarket Station,8,16109,,commercial,55.9449143,-3.217454215,0.08588289965614893
44,1102,Haymarket Station,9,16521,,residential,55.9462919,-3.217668115,0.08653276490664416
44,1102,Haymarket Station,10,16548,,residential,55.94631283,-3.217656227,0.08896864372262371
45,1098,Marchmont Crescent,1,6564,,residential,55.93626475,-3.193820037,0.027712220070065834
45,1098,Marchmont Crescent,2,6548,,residential,55.93636645,-3.19367565,0.03042968356415157
45,1098,Marchmont Crescent,3,6559,,residential,55.93638635,-3.19362705,0.03296471240876803
45,1098,Marchmont Crescent,4,6544,,residential,55.9364025,-3.193602533,0.03425646074491026
45,1098,Marchmont Crescent,5,6562,,residential,55.93615076,-3.193878904,0.03553269971771106
45,1098,Marchmont Crescent,6,6547,,residential,55.93652878,-3.193415361,0.04700775547349764
45,1098,Marchmont Crescent,7,6571,,residential,55.9360311,-3.1938496,0.0483377666484484
45,1098,Marchmont Crescent,8,6552,,residential,55.93654532,-3.19339289,0.04881356481286884
45,1098,Marchmont Crescent,9,6572,,residential,55.9360104,-3.1938447,0.05058185520535711
45,1098,Marchmont Crescent,10,16003,,residential,55.93693392,-3.194072123,0.05603062521509125
46,1097,Gladstone Terrace,1,7914,,residential,55.93777748,-3.185178954,0.022877923124315892
46,1097,Gladstone Terrace,2,31294,,residential,55.93762566,-3.185152582,0.03842298962293932
46,1097,Gladstone Terrace,3,8702,,residential,55.93768573,-3.184565485,0.041925589822199856
46,1097,Gladstone Terrace,4,31290,,residential,55.93781123,-3.185735471,0.047591821922284054
46,1097,Gladstone Terrace,5,8647,,residential,55.93777226,-3.185708746,0.0478012483685053
46,1097,Gladstone Terrace,6,8641,,residential,55.93773195,-3.185725081,0.05082934566938143
46,1097,Gladstone Terrace,7,8662,,residential,55.93772092,-3.185727313,0.051579355289889654
46,1097,Gladstone Terrace,8,8658,,residential,55.93781775,-3.185830387,0.05293294251285344
46,1097,Gladstone Terrace,9,1262,,residential,55.93755448,-3.18457473,0.05328422580178664
46,1097,Gladstone Terrace,10,8676,,residential,55.93768,-3.185725513,0.0540048486885407
47,1096,West Crosscauseway,1,231,,residential,55.94372789,-3.184391942,0.036853047995036095
47,1096,West Crosscauseway,2,230,,residential,55.94372821,-3.184170106,0.050105794935769964
47,1096,West Crosscauseway,3,228,,residential,55.9437083,-3.18397291,0.06256324468839662
47,1096,West Crosscauseway,4,32712,,commercial,55.9444398,-3.185214157,0.06910597988568971
47,1096,West Crosscauseway,5,229,,residential,55.94371916,-3.183746472,0.07614741181199682
47,1096,West Crosscauseway,6,246,,residential,55.94292585,-3.184688404,0.10251889942638197
47,1096,West Crosscauseway,7,247,,residential,55.94290789,-3.184807943,0.10358531721440514
47,1096,West Crosscauseway,8,249,,residential,55.94287767,-3.185001641,0.10660556944800992
47,1096,West Crosscauseway,9,248,,residential,55.94284208,-3.185237706,0.1119458023624131
47,1096,West Crosscauseway,10,250,,residential,55.94281575,-3.184655523,0.11493134928478037
48,1093,Belford Road,1,13465,,residential,55.95230924,-3.225888462,0.04011955059003831
48,1093,Belford Road,2,13466,,residential,55.95243065,-3.226080879,0.05089769620529572
48,1093,Belford Road,3,13467,,residential,55.95242628,-3.225992195,0.05101076508567992
48,1093,Belford Road,4,13462,,residential,55.95244904,-3.22615727,0.05290767405578223
48,1093,Belford Road,5,13463,,residential,55.95247775,-3.22619375,0.056225536550352256
48,1093,Belford Road,6,13461,,residential,55.95251486,-3.226214272,0.06044507867772985
48,1093,Belford Road,7,7502,,commercial,55.95250356,-3.22581242,0.06205747824875087
48,1093,Belford Road,8,13464,,residential,55.95253285,-3.226243515,0.06262590168702985
48,1093,Belford Road,9,18256,,residential,55.9527399,-3.22599565,0.0855897337228042
48,1093,Belford Road,10,23537,,residential,55.95189975,-3.227738753,0.10081392448796672
49,1092,Dalry Road Lidl,1,31976,,residential,55.94198442,-3.22158145,0.056192015538850344
49,1092,Dalry Road Lidl,2,31978,,residential,55.9418871,-3.221527532,0.05630153332306985
49,1092,Dalry Road Lidl,3,31975,,residential,55.94200438,-3.221592448,0.056454686405101956
49,1092,Dalry Road Lidl,4,31977,,residential,55.9418687,-3.22151735,0.056577106391192254
49,1092,Dalry Road Lidl,5,435,Dalry Primary School,school,55.94214457,-3.22307097,0.05665827621246893
49,1092,Dalry Road Lidl,6,31979,,residential,55.9417882,-3.22147275,0.05869705957233641
49,1092,Dalry Road Lidl,7,31974,,residential,55.94210105,-3.221646031,0.05900185787647094
49,1092,Dalry Road Lidl,8,31980,,residential,55.94174685,-3.22144985,0.06032492867279341
49,1092,Dalry Road Lidl,9,29274,,residential,55.94152173,-3.221051204,0.09008058165286402
49,1092,Dalry Road Lidl,10,29273,,residential,55.94131959,-3.220930555,0.10630211098356851
50,1091,Holyrood Road,1,6036,University of Edinburgh - Holyrood Campus,university,55.94987261,-3.180667168,0.03823653781449664
50,1091,Holyrood Road,2,28,Moray House Library,library,55.9506224,-3.1808417,0.12116120282008315
50,1091,Holyrood Road,3,64,Dunkeld Flats,residential,55.95079635,-3.179659145,0.14532404444408997
50,1091,Holyrood Road,4,6053,Thomas House,residential,55.9508726,-3.179340288,0.16056560868936115
50,1091,Holyrood Road,5,184,Sugarhouse,residential,55.95106449,-3.179966974,0.1696375439547431
50,1091,Holyrood Road,6,311,University of Edinburgh - Pleasance,university,55.94797712,-3.181016304,0.1799147838441906
50,1091,Holyrood Road,7,6054,Morison House,residential,55.95113772,-3.179660431,0.18164073376477718
50,1091,Holyrood Road,8,112,University of Edinburgh - High School Yards,university,55.94842786,-3.183648715,0.23751594625428749
50,1091,Holyrood Road,9,183,Scottish Poetry Library,library,55.9514455,-3.178098866,0.2544444069200695
50,1091,Holyrood Road,10,33092,,commercial,55.95142776,-3.182899925,0.2590840031149111
51,1090,Hillside Crescent,1,5671,,residential,55.95811778,-3.175633388,0.0316093470868374
51,1090,Hillside Crescent,2,5673,,residential,55.9580902,-3.17554175,0.03247312305471036
51,1090,Hillside Crescent,3,5668,,residential,55.95816763,-3.175809047,0.03324733080563048
51,1090,Hillside Crescent,4,5670,,residential,55.95803655,-3.175366918,0.03726375691612409
51,1090,Hillside Crescent,5,5669,,residential,55.9580058,-3.175277168,0.04085338627616545
51,1090,Hillside Crescent,6,5672,,residential,55.95795614,-3.175130328,0.048105760378198345
51,1090,Hillside Crescent,7,5667,,residential,55.95794715,-3.1748421,0.06566202010339722
51,1090,Hillside Crescent,8,5666,,residential,55.95794275,-3.17455855,0.0831510939180492
51,1090,Hillside Crescent,9,6976,,residential,55.95794206,-3.174528774,0.08498934653732447
51,1090,Hillside Crescent,10,5665,,residential,55.95793862,-3.174381386,0.09409799843719473
52,1052,Surgeons Hall,1,33091,The Royal College of Surgeons of Edinburgh,university,55.94666041,-3.184553469,0.05738696821828635
52,1052,Surgeons Hall,2,153,,university,55.94683193,-3.187007466,0.0977343584787934
52,1052,Surgeons Hall,3,32713,,commercial,55.94569232,-3.185265663,0.10648610323190366
52,1052,Surgeons Hall,4,7,Playfair Library,library,55.9472046,-3.1869088,0.10898207876030518
52,1052,Surgeons Hall,5,32714,,commercial,55.94564228,-3.18517908,0.11276401859852403
52,1052,Surgeons Hall,6,3134,,residential,55.94673936,-3.18744524,0.12317195591013246
52,1052,Surgeons Hall,7,32564,Old College (University of Edinburgh),university,55.94741701,-3.18725632,0.14042310027597593
52,1052,Surgeons Hall,8,33090,St Leonard's Nursery School,school,55.9468548,-3.18277252,0.1698877609753
52,1052,Surgeons Hall,9,36,Edinburgh Law School Library,library,55.9476338,-3.1876627,0.17522717753051473
52,1052,Surgeons Hall,10,33605,Institute of Design Informatics,university,55.94517079,-3.18693674,0.18729652487863188
53,1051,Warrender Park Road,1,6227,,residential,55.9385,-3.198511881,0.03319799143043716
53,1051,Warrender Park Road,2,6225,,residential,55.93849791,-3.198541625,0.034776387619805955
53,1051,Warrender Park Road,3,6236,,residential,55.93844376,-3.198818856,0.04965796916925447
53,1051,Warrender Park Road,4,6238,,residential,55.93843782,-3.198851869,0.05158446574872094
53,1051,Warrender Park Road,5,6228,,residential,55.93838712,-3.199111908,0.0672416673745198
53,1051,Warrender Park Road,6,6234,,residential,55.93831289,-3.199431824,0.08736098443923325
53,1051,Warrender Park Road,7,6242,,residential,55.93886322,-3.199310553,0.0966996808555238
53,1051,Warrender Park Road,8,6233,,residential,55.93825813,-3.199648553,0.1013890810888777
53,1051,Warrender Park Road,9,6232,,residential,55.93825035,-3.199688717,0.10397868813229126
53,1051,Warrender Park Road,10,6229,,residential,55.93882879,-3.199517547,0.10565472190680658
54,1050,EICC,1,122,Edinburgh International Conference Centre (EICC),commercial,55.94617438,-3.209597698,0.05105026855439314
54,1050,EICC,2,3632,Atria Two,commercial,55.94598087,-3.209094586,0.08166593106963767
54,1050,EICC,3,807,Atria One,commercial,55.94610679,-3.208404938,0.12406177031859608
54,1050,EICC,4,468,Exchange Tower,commercial,55.94726652,-3.210941025,0.137241844129951
54,1050,EICC,5,467,Caledonian Exchange,commercial,55.94761834,-3.210102815,0.17307342378805873
54,1050,EICC,6,123,Exchange Crescent,commercial,55.94727055,-3.208586129,0.17466703841996462
54,1050,EICC,7,6984,,commercial,55.94713974,-3.212459025,0.17501340519891803
54,1050,EICC,8,124,Edinburgh One,commercial,55.94601335,-3.207456573,0.1831580510018352
54,1050,EICC,9,8609,,commercial,55.945877,-3.207464686,0.18380711723763246
54,1050,EICC,10,16561,,residential,55.94723092,-3.212523471,0.18490550684218082
55,1039,Lothian Road,1,507,,residential,55.9478221,-3.205605003,0.046987384923709366
55,1039,Lothian Road,2,7235,,residential,55.94784973,-3.205685178,0.04923940696763466
55,1039,Lothian Road,3,32224,,residential,55.94788309,-3.205503948,0.05515328909259251
55,1039,Lothian Road,4,6979,,commercial,55.94702899,-3.205175528,0.0560067967291172
55,1039,Lothian Road,5,32223,,residential,55.94792426,-3.2054222,0.061130889715769916
55,1039,Lothian Road,6,32226,,residential,55.9479819,-3.205358065,0.0685482861721761
55,1039,Lothian Road,7,843,Exchange Plaza,commercial,55.94758664,-3.20687388,0.07177726904095831
55,1039,Lothian Road,8,32225,,residential,55.94806708,-3.205212826,0.08084240685488854
55,1039,Lothian Road,9,508,Saltire Court,commercial,55.94756899,-3.204207401,0.09862677652130719
55,1039,Lothian Road,10,633,,commercial,55.94644249,-3.206229053,0.11130078094822804
56,1038,South Trinity Road,1,893,,residential,55.97162088,-3.208467656,0.04542536345957368
56,1038,South Trinity Road,2,32962,,residential,55.97166967,-3.208894165,0.06941683543008
56,1038,South Trinity Road,3,890,,residential,55.97195095,-3.208540406,0.07827394393483948
56,1038,South Trinity Road,4,892,,residential,55.97163363,-3.20913486,0.08054083708054269
56,1038,South Trinity Road,5,32961,,residential,55.97185749,-3.20893048,0.08438406345988127
56,1038,South Trinity Road,6,894,,residential,55.97182675,-3.209180406,0.09402715372779055
56,1038,South Trinity Road,7,9527,,residential,55.97039835,-3.20879705,0.11539450416521194
56,1038,South Trinity Road,8,889,,residential,55.97211268,-3.209176133,0.11557101179092828
56,1038,South Trinity Road,9,6967,,residential,55.97193482,-3.2095359,0.11901475195122607
56,1038,South Trinity Road,10,333,,residential,55.97035715,-3.20881215,0.11991546368667501
57,1028,Hunter Square,1,191,Panmure St Anne's,school,55.94913413,-3.185107078,0.18289186961396545
57,1028,Hunter Square,2,36,Edinburgh Law School Library,library,55.9476338,-3.1876627,0.24074079432419226
57,1028,Hunter Square,3,37,Signet Library,library,55.9491104,-3.1916095,0.2494806602085969
57,1028,Hunter Square,4,30,Advocates Library,library,55.9488724,-3.1915551,0.2557112946816226
57,1028,Hunter Square,5,33458,,commercial,55.95130784,-3.184545404,0.262935080236749
57,1028,Hunter Square,6,32564,Old College (University of Edinburgh),university,55.94741701,-3.18725632,0.2668222874659245
57,1028,Hunter Square,7,186,National Library of Scotland,library,55.94857471,-3.191701573,0.2786539835741153
57,1028,Hunter Square,8,7,Playfair Library,library,55.9472046,-3.1869088,0.2935571290354202
57,1028,Hunter Square,9,112,University of Edinburgh - High School Yards,university,55.94842786,-3.183648715,0.2997341750609453
57,1028,Hunter Square,10,35,Central Children's Library,library,55.9484985,-3.1924454,0.32357014184419663
58,1025,Dundee Terrace,1,103,Fountainbridge Library,library,55.94010782,-3.218358857,0.14575862851432306
58,1025,Dundee Terrace,2,29273,,residential,55.94131959,-3.220930555,0.18024976669426368
58,1025,Dundee Terrace,3,29276,,residential,55.94137835,-3.220536749,0.18555214648556742
58,1025,Dundee Terrace,4,29274,,residential,55.94152173,-3.221051204,0.20351318746772995
58,1025,Dundee Terrace,5,29275,,residential,55.94170782,-3.220709704,0.22228634800835406
58,1025,Dundee Terrace,6,31980,,residential,55.94174685,-3.22144985,0.23275780309647348
58,1025,Dundee Terrace,7,31979,,residential,55.9417882,-3.22147275,0.23756078284804893
58,1025,Dundee Terrace,8,31977,,residential,55.9418687,-3.22151735,0.24691269920610862
58,1025,Dundee Terrace,9,14101,,residential,55.93832481,-3.217474855,0.24765303313595613
58,1025,Dundee Terrace,10,31978,,residential,55.9418871,-3.221527532,0.24905031422948173
59,1024,Meadow Place,1,6594,,residential,55.9398459,-3.19420297,0.0513693391649696
59,1024,Meadow Place,2,6370,,residential,55.93974895,-3.1935937,0.08485394365357381
59,1024,Meadow Place,3,16004,,residential,55.93919341,-3.19294994,0.1567245118862261
59,1024,Meadow Place,4,6844,,residential,55.93946543,-3.192429073,0.16227892622939974
59,1024,Meadow Place,5,6845,,residential,55.9394581,-3.192365536,0.1660736856814422
59,1024,Meadow Place,6,6409,,residential,55.93910163,-3.19244357,0.18619925298968784
59,1024,Meadow Place,7,16007,,residential,55.93910182,-3.192379775,0.18912322701375717
59,1024,Meadow Place,8,16006,,residential,55.93909275,-3.192088525,0.2036148543824691
59,1024,Meadow Place,9,16005,,residential,55.9390935,-3.19202035,0.2068941192882132
59,1024,Meadow Place,10,6371,,residential,55.93838921,-3.192609837,0.2413156302010738
60,1019,Grassmarket,1,5068,,residential,55.94755011,-3.196927164,0.05411860152839868
60,1019,Grassmarket,2,5069,,residential,55.94758904,-3.196771366,0.06214844225539212
60,1019,Grassmarket,3,125,University of Edinburgh - Lauriston Campus,university,55.94572217,-3.198643501,0.17593946346941675
60,1019,Grassmarket,4,7429,,residential,55.94622587,-3.199870148,0.1899779623881604
60,1019,Grassmarket,5,7428,,residential,55.94619624,-3.199927169,0.1947150355758779
60,1019,Grassmarket,6,7430,,residential,55.94617348,-3.200021541,0.20105762853647632
60,1019,Grassmarket,7,96,George Heriot's School,school,55.94601851,-3.194495974,0.20905346714907658
60,1019,Grassmarket,8,5822,,residential,55.94534893,-3.195726845,0.21619132358794063
60,1019,Grassmarket,9,5821,,residential,55.9453115,-3.195615116,0.2230214686666307
60,1019,Grassmarket,10,34,Edinburgh College of Art Library,library,55.9460774,-3.2005191,0.23324290240435958
61,1017,Crichton Street,1,33605,Institute of Design Informatics,university,55.94517079,-3.18693674,0.0430199317745159
61,1017,Crichton Street,2,32712,,commercial,55.9444398,-3.185214157,0.11211046891919195
61,1017,Crichton Street,3,99,University of Edinburgh,university,55.94382143,-3.18807738,0.12954075137935064
61,1017,Crichton Street,4,32713,,commercial,55.94569232,-3.185265663,0.14363312277214604
61,1017,Crichton Street,5,32714,,commercial,55.94564228,-3.18517908,0.14376503369297358
61,1017,Crichton Street,6,231,,residential,55.94372789,-3.184391942,0.19572976939040732
61,1017,Crichton Street,7,230,,residential,55.94372821,-3.184170106,0.2069250588784544
61,1017,Crichton Street,8,228,,residential,55.9437083,-3.18397291,0.2183525069303216
61,1017,Crichton Street,9,3134,,residential,55.94673936,-3.18744524,0.2199703763452032
61,1017,Crichton Street,10,153,,university,55.94683193,-3.187007466,0.22777556149461145
62,358,Leith Walk,1,6350,,commercial,55.96531992,-3.176629165,0.03217435391699107
62,358,Leith Walk,2,6349,,residential,55.96516239,-3.177073957,0.05564730881922573
62,358,Leith Walk,3,6077,,residential,55.9645735,-3.17629135,0.0674055617126779
62,358,Leith Walk,4,6076,,residential,55.964533,-3.176331514,0.07217015336518211
62,358,Leith Walk,5,6347,,commercial,55.96515272,-3.177351849,0.07296784464884112
62,358,Leith Walk,6,6348,,residential,55.96486349,-3.177334461,0.07982500537752366
62,358,Leith Walk,7,6078,,residential,55.96444899,-3.176479749,0.08301516330147972
62,358,Leith Walk,8,5392,,residential,55.96527985,-3.174852435,0.08342750278293853
62,358,Leith Walk,9,6351,,residential,55.96477645,-3.17753665,0.09542371888959081
62,358,Leith Walk,10,527,,residential,55.96526819,-3.174650744,0.09572897474799556
63,349,Orchard Brae House,1,4116,,residential,55.95463169,-3.224983012,0.09780316818136807
63,349,Orchard Brae House,2,33539,,school,55.95434748,-3.221724778,0.14427332043354715
63,349,Orchard Brae House,3,18331,,residential,55.9558195,-3.226275881,0.1837190094603673
63,349,Orchard Brae House,4,18350,,residential,55.95602616,-3.226057886,0.18375700651662313
63,349,Orchard Brae House,5,18278,,residential,55.956114,-3.2260203,0.1876450096011345
63,349,Orchard Brae House,6,18293,,residential,55.9561783,-3.225968,0.18959135661912999
63,349,Orchard Brae House,7,18277,,residential,55.95583395,-3.226432081,0.1931606062569058
63,349,Orchard Brae House,8,22752,,residential,55.9566629,-3.225167817,0.19996205417373722
63,349,Orchard Brae House,9,3141,,residential,55.9570403,-3.223942814,0.21851333312902135
63,349,Orchard Brae House,10,22751,,residential,55.95666815,-3.22571935,0.21891606966579938
64,296,Castle Terrace,1,754,Mainpoint,commercial,55.94577684,-3.201250782,0.12046251050471272
64,296,Castle Terrace,2,34,Edinburgh College of Art Library,library,55.9460774,-3.2005191,0.12171085488835069
64,296,Castle Terrace,3,7430,,residential,55.94617348,-3.200021541,0.1418083073588664
64,296,Castle Terrace,4,7428,,residential,55.94619624,-3.199927169,0.14591846759681043
64,296,Castle Terrace,5,7429,,residential,55.94622587,-3.199870148,0.14775326735037184
64,296,Castle Terrace,6,508,Saltire Court,commercial,55.94756899,-3.204207401,0.16189897148885313
64,296,Castle Terrace,7,6983,,residential,55.94617032,-3.204841933,0.18675990358699746
64,296,Castle Terrace,8,6981,,residential,55.94615778,-3.204987384,0.1957310595416251
64,296,Castle Terrace,9,6979,,commercial,55.94702899,-3.205175528,0.19753673737657798
64,296,Castle Terrace,10,6982,,residential,55.94612476,-3.205025778,0.19926115672173486
65,289,Castle Street,1,6693,,commercial,55.95153019,-3.202011741,0.07304942739742917
65,289,Castle Street,2,5794,,commercial,55.95232122,-3.202270843,0.10749342564911418
65,289,Castle Street,3,5796,,commercial,55.95234205,-3.20214766,0.11363765582717043
65,289,Castle Street,4,5793,,commercial,55.95236372,-3.202019219,0.12027399207202122
65,289,Castle Street,5,5797,,commercial,55.95238494,-3.201893455,0.12696847748935639
65,289,Castle Street,6,6697,,commercial,55.95226699,-3.201637984,0.12854013689540097
65,289,Castle Street,7,5795,George House,commercial,55.95181636,-3.205216009,0.13129063144612033
65,289,Castle Street,8,6468,,commercial,55.95258969,-3.204127884,0.13459417223779252
65,289,Castle Street,9,6466,,commercial,55.9526326,-3.203961625,0.13484950076686375
65,289,Castle Street,10,6696,,commercial,55.95237882,-3.201630595,0.13742242568954538
66,265,Meadows East,1,33,Artiscience Library,library,55.939691,-3.1818686,0.055773934307215216
66,265,Meadows East,2,796,,residential,55.9399857,-3.180749106,0.12545346095975446
66,265,Meadows East,3,226,,residential,55.93886428,-3.181552329,0.12847633450066578
66,265,Meadows East,4,225,,residential,55.93887254,-3.181274972,0.13843772625658868
66,265,Meadows East,5,223,,residential,55.93888027,-3.181044735,0.14767056467793807
66,265,Meadows East,6,224,,residential,55.93889317,-3.180810724,0.15747938888064225
66,265,Meadows East,7,222,,residential,55.93875647,-3.180759482,0.17001435384326463
66,265,Meadows East,8,210,,residential,55.93859874,-3.180732645,0.1836696718948257
66,265,Meadows East,9,7912,,residential,55.93784377,-3.182589515,0.2187732316986342
66,265,Meadows East,10,6186,,residential,55.94165055,-3.184058865,0.22060679755095036
67,264,Pollock Halls,1,5769,,residential,55.9413755,-3.173042751,0.16505564035059317
67,264,Pollock Halls,2,5768,,residential,55.94098049,-3.174833919,0.21672653568249012
67,264,Pollock Halls,3,10492,,residential,55.93847109,-3.17484721,0.2632711112296276
67,264,Pollock Halls,4,32747,,residential,55.93847724,-3.174930479,0.26663979779347324
67,264,Pollock Halls,5,12384,,residential,55.9376657,-3.172275117,0.27053693410078894
67,264,Pollock Halls,6,32237,,residential,55.93844629,-3.17512276,0.2778984907087261
67,264,Pollock Halls,7,31794,,residential,55.93758178,-3.172258559,0.2796820961497823
67,264,Pollock Halls,8,12479,,residential,55.93756472,-3.172185178,0.2810862657427919
67,264,Pollock Halls,9,27110,,residential,55.93755947,-3.171346492,0.28144814475199087
67,264,Pollock Halls,10,427,Preston Street Primary School,school,55.93987686,-3.176298935,0.28438853064676906
68,262,Canonmills,1,6867,,residential,55.9636731,-3.1957748,0.10168604040982787
68,262,Canonmills,2,6868,,residential,55.96378912,-3.195996862,0.11097479335970938
68,262,Canonmills,3,28990,,residential,55.96389133,-3.196302928,0.12090183307151543
68,262,Canonmills,4,9914,,residential,55.96243195,-3.19437535,0.125769835279474
68,262,Canonmills,5,3155,,residential,55.96220806,-3.194565893,0.12578503297545704
68,262,Canonmills,6,3154,,residential,55.96283715,-3.19406716,0.1379975460068517
68,262,Canonmills,7,479,,residential,55.96300074,-3.194069682,0.1395155879423718
68,262,Canonmills,8,9915,,residential,55.96246648,-3.194079441,0.1422285390670297
68,262,Canonmills,9,3156,,residential,55.96280658,-3.193982752,0.1432023792883577
68,262,Canonmills,10,6874,,residential,55.96406225,-3.19678715,0.14336884201078728
69,260,Lauriston Place,1,33640,Lauriston Building,hospital,55.94437725,-3.196769737,0.053643859059405136
69,260,Lauriston Place,2,33638,Chalmers Centre,hospital,55.94453967,-3.198386583,0.074400705997172
69,260,Lauriston Place,3,33639,Princess Alexandra Eye Pavilion,hospital,55.94411929,-3.198166887,0.09170524722985914
69,260,Lauriston Place,4,5822,,residential,55.94534893,-3.195726845,0.11534273898815
69,260,Lauriston Place,5,5821,,residential,55.9453115,-3.195615116,0.11903264352877312
69,260,Lauriston Place,6,125,University of Edinburgh - Lauriston Campus,university,55.94572217,-3.198643501,0.13612341953652765
69,260,Lauriston Place,7,32495,St Thomas of Aquin's High School,school,55.94346695,-3.19799807,0.1520722802746208
69,260,Lauriston Place,8,274,,residential,55.94359318,-3.194645599,0.2092680874016172
69,260,Lauriston Place,9,96,George Heriot's School,school,55.94601851,-3.194495974,0.2212897213977779
69,260,Lauriston Place,10,7429,,residential,55.94622587,-3.199870148,0.22900612686817978
70,259,St Andrew Square,1,22104,,residential,55.95572053,-3.191536343,0.10676831944134801
70,259,St Andrew Square,2,22106,,residential,55.95572708,-3.191495864,0.10873367371312373
70,259,St Andrew Square,3,62,RBS,commercial,55.95451345,-3.190809613,0.1106865210187495
70,259,St Andrew Square,4,22095,,residential,55.95576565,-3.1912555,0.12089058972325371
70,259,St Andrew Square,5,736,The Capital Building,commercial,55.95375058,-3.194359996,0.1752971153031417
70,259,St Andrew Square,6,4607,,residential,55.95658165,-3.1927362,0.1872406747784852
70,259,St Andrew Square,7,6726,,commercial,55.95369375,-3.194662579,0.19298012665713601
70,259,St Andrew Square,8,10742,,commercial,55.95345832,-3.194307733,0.19841406243082096
70,259,St Andrew Square,9,29767,,residential,55.95677658,-3.191621046,0.21424021859672387
70,259,St Andrew Square,10,6730,,commercial,55.953538,-3.194968349,0.21870113194289834
71,258,Stockbridge,1,3474,Stockbridge Library,library,55.95891962,-3.207839007,0.041914288482433545
71,258,Stockbridge,2,3489,,residential,55.9581499,-3.20786169,0.04800951953493361
71,258,Stockbridge,3,3488,,residential,55.95773514,-3.207592034,0.09701945499654654
71,258,Stockbridge,4,327,Stockbridge Primary School,school,55.9594464,-3.207640299,0.1015315227214637
71,258,Stockbridge,5,3472,,residential,55.9594708,-3.208963789,0.11500162692972066
71,258,Stockbridge,6,30789,,residential,55.95959963,-3.208928681,0.12679143229092057
71,258,Stockbridge,7,3490,,residential,55.95887791,-3.206061369,0.1297734464155833
71,258,Stockbridge,8,3473,,residential,55.95961595,-3.20917631,0.13557873019210728
71,258,Stockbridge,9,3471,,residential,55.95966999,-3.208996565,0.13566819911090416
71,258,Stockbridge,10,520,,residential,55.95872306,-3.205890817,0.1367820609190078
72,256,St Andrews House,1,33092,,commercial,55.95142776,-3.182899925,0.2074435130913445
72,256,St Andrews House,2,32565,Adam Smith's Panmure House,university,55.9522114,-3.178399108,0.23023223742842028
72,256,St Andrews House,3,336,,residential,55.95300701,-3.177608089,0.254244581848317
72,256,St Andrews House,4,184,Sugarhouse,residential,55.95106449,-3.179966974,0.2567549383884456
72,256,St Andrews House,5,6054,Morison House,residential,55.95113772,-3.179660431,0.2581223480964986
72,256,St Andrews House,6,33458,,commercial,55.95130784,-3.184545404,0.2727364188157369
72,256,St Andrews House,7,28,Moray House Library,library,55.9506224,-3.1808417,0.2874544004509178
72,256,St Andrews House,8,64,Dunkeld Flats,residential,55.95079635,-3.179659145,0.2918838416149717
72,256,St Andrews House,9,6053,Thomas House,residential,55.9508726,-3.179340288,0.2935947361090741
72,256,St Andrews House,10,183,Scottish Poetry Library,library,55.9514455,-3.178098866,0.29376784772241904
73,254,Kings Building 3,1,806,Noreen and Kenneth Murray Library,library,55.92290461,-3.174976595,0.0687217341062847
73,254,Kings Building 3,2,98,University of Edinburgh - King's Buildings Campus,university,55.9227561,-3.174665806,0.0919967418907835
73,254,Kings Building 3,3,6491,Arcadia,commercial,55.92429049,-3.176904431,0.130812824311045
73,254,Kings Building 3,4,27183,,residential,55.92467568,-3.175206957,0.1335454235999806
73,254,Kings Building 3,5,27193,,residential,55.92471345,-3.175652551,0.13829729873988722
73,254,Kings Building 3,6,27156,,residential,55.92466512,-3.174698247,0.13866923308134077
73,254,Kings Building 3,7,27166,,residential,55.9246613,-3.1746047,0.1401772466994981
73,254,Kings Building 3,8,27174,,residential,55.92470966,-3.175978756,0.14178225795936805
73,254,Kings Building 3,9,27196,,residential,55.92467182,-3.174440212,0.14511895724465598
73,254,Kings Building 3,10,27186,,residential,55.92471867,-3.176181872,0.14654167680460414
74,253,Kings Building 2,1,9897,,residential,55.92352348,-3.170985876,0.05449163509492928
74,253,Kings Building 2,2,10447,,residential,55.92321122,-3.170514616,0.0705110105047927
74,253,Kings Building 2,3,9863,,residential,55.92366096,-3.17069201,0.0783400766490643
74,253,Kings Building 2,4,9889,,residential,55.92400625,-3.17099655,0.09814684087000242
74,253,Kings Building 2,5,9793,,residential,55.92374065,-3.170311,0.10249775469299793
74,253,Kings Building 2,6,9795,,residential,55.9237639,-3.170228994,0.10815835975336154
74,253,Kings Building 2,7,940,,residential,55.9228558,-3.16999965,0.10957908777371778
74,253,Kings Building 2,8,9788,,residential,55.92334479,-3.169875264,0.11147118663075119
74,253,Kings Building 2,9,9861,,residential,55.92408135,-3.1707618,0.1122218322746413
74,253,Kings Building 2,10,10452,,residential,55.92341132,-3.169828382,0.1156213106755092
75,252,Kings Buildings 1,1,27182,,residential,55.92463767,-3.173753227,0.0505212553007944
75,252,Kings Buildings 1,2,27154,,residential,55.92465395,-3.17408775,0.05450299100292876
75,252,Kings Buildings 1,3,11137,,residential,55.924588,-3.173111881,0.06332678424257228
75,252,Kings Buildings 1,4,11144,,residential,55.9245576,-3.173009131,0.0658292877574044
75,252,Kings Buildings 1,5,27196,,residential,55.92467182,-3.174440212,0.06608114009844425
75,252,Kings Buildings 1,6,11175,,residential,55.92459699,-3.17305454,0.06658504239931294
75,252,Kings Buildings 1,7,11146,,residential,55.924621,-3.173072432,0.0676645179052349
75,252,Kings Buildings 1,8,27166,,residential,55.9246613,-3.1746047,0.07158685864733112
75,252,Kings Buildings 1,9,27156,,residential,55.92466512,-3.174698247,0.07593256649629743
75,252,Kings Buildings 1,10,11140,,residential,55.9247853,-3.173196182,0.07754296606799325
76,251,Waverley Station,1,33458,,commercial,55.95130784,-3.184545404,0.23755199536312605
76,251,Waverley Station,2,7042,,commercial,55.95246469,-3.191802303,0.26688844916069104
76,251,Waverley Station,3,62,RBS,commercial,55.95451345,-3.190809613,0.2917394808579066
76,251,Waverley Station,4,33092,,commercial,55.95142776,-3.182899925,0.3180876490731703
76,251,Waverley Station,5,22095,,residential,55.95576565,-3.1912555,0.4178433674708682
76,251,Waverley Station,6,191,Panmure St Anne's,school,55.94913413,-3.185107078,0.41804088059779654
76,251,Waverley Station,7,22106,,residential,55.95572708,-3.191495864,0.42284951289024775
76,251,Waverley Station,8,22104,,residential,55.95572053,-3.191536343,0.42373812476424855
76,251,Waverley Station,9,10742,,commercial,55.95345832,-3.194307733,0.4318103712483401
76,251,Waverley Station,10,736,The Capital Building,commercial,55.95375058,-3.194359996,0.44292116724894043
77,250,Victoria Quay,1,489,,commercial,55.97810755,-3.1743896,0.05693675219451529
77,250,Victoria Quay,2,420,Nautical House,commercial,55.97769316,-3.176628322,0.1558922598714342
77,250,Victoria Quay,3,11,St Andrew's First Aid,school,55.9768772,-3.1719622,0.15779270314004004
77,250,Victoria Quay,4,32869,,commercial,55.97772848,-3.176830365,0.16868791828682206
77,250,Victoria Quay,5,273,,commercial,55.97908608,-3.171273857,0.24118968034750657
77,250,Victoria Quay,6,422,,residential,55.97807814,-3.178862469,0.29908514050911317
77,250,Victoria Quay,7,32870,,residential,55.97864849,-3.178657814,0.30435692725221114
77,250,Victoria Quay,8,883,,commercial,55.97597948,-3.169630601,0.33376312131729874
77,250,Victoria Quay,9,882,,commercial,55.97577682,-3.16981381,0.33744114489475674
77,250,Victoria Quay,10,705,,residential,55.97457629,-3.172755535,0.3487187910841461
78,249,Fountainbridge,1,416,Exchange Place 3,commercial,55.94438104,-3.207913138,0.14096731144027175
78,249,Fountainbridge,2,381,Tollcross Primary School,school,55.94339683,-3.206475218,0.1726884579259652
78,249,Fountainbridge,3,430,Exchange Place 1,commercial,55.94435327,-3.206793614,0.18873990362834092
78,249,Fountainbridge,4,205,,commercial,55.94493711,-3.207739251,0.1992333168388467
78,249,Fountainbridge,5,466,Exchange Place 2,commercial,55.94475565,-3.206809463,0.2173423333873597
78,249,Fountainbridge,6,8990,,residential,55.94149574,-3.207881547,0.22375331679851396
78,249,Fountainbridge,7,8975,,residential,55.94166918,-3.207268095,0.22452841179652566
78,249,Fountainbridge,8,32012,,residential,55.94133994,-3.208769578,0.22624480918246395
78,249,Fountainbridge,9,32011,,residential,55.94132168,-3.208888238,0.22741233800050215
78,249,Fountainbridge,10,32015,,residential,55.94131781,-3.208958277,0.22745373341803263
79,248,Bristo Square,1,3134,,residential,55.94673936,-3.18744524,0.14199895536278928
79,248,Bristo Square,2,33605,Institute of Design Informatics,university,55.94517079,-3.18693674,0.1509938476270724
79,248,Bristo Square,3,153,,university,55.94683193,-3.187007466,0.1689485097487506
79,248,Bristo Square,4,8,Communications & Marketing,university,55.9460305,-3.1922264,0.19879951952617117
79,248,Bristo Square,5,7,Playfair Library,library,55.9472046,-3.1869088,0.20263891836473458
79,248,Bristo Square,6,32564,Old College (University of Edinburgh),university,55.94741701,-3.18725632,0.20859331766825465
79,248,Bristo Square,7,36,Edinburgh Law School Library,library,55.9476338,-3.1876627,0.21807970614257036
79,248,Bristo Square,8,99,University of Edinburgh,university,55.94382143,-3.18807738,0.2318574112877671
79,248,Bristo Square,9,32713,,commercial,55.94569232,-3.185265663,0.23635279466254389
79,248,Bristo Square,10,32714,,commercial,55.94564228,-3.18517908,0.24215807217682636
80,247,Charlotte Square,1,6472,,commercial,55.95220304,-3.206299895,0.05201224220620418
80,247,Charlotte Square,2,6473,,commercial,55.95237789,-3.20604593,0.06586438671083221
80,247,Charlotte Square,3,6474,,commercial,55.95230176,-3.205762112,0.08344885704751212
80,247,Charlotte Square,4,6471,,commercial,55.95251605,-3.205290111,0.1145235023405642
80,247,Charlotte Square,5,6470,,commercial,55.95254111,-3.205113624,0.12583185332697303
80,247,Charlotte Square,6,5795,George House,commercial,55.95181636,-3.205216009,0.130789888679389
80,247,Charlotte Square,7,6467,,commercial,55.95265988,-3.204473928,0.16749205516347437
80,247,Charlotte Square,8,33497,Basil Paterson School,school,55.95349297,-3.205293741,0.1709596416210463
80,247,Charlotte Square,9,5675,,commercial,55.95070038,-3.206893592,0.18227150435917966
80,247,Charlotte Square,10,6468,,commercial,55.95258969,-3.204127884,0.18725080898755547
81,246,Royal Commonwealth Pool,1,10492,,residential,55.93847109,-3.17484721,0.0822863683797548
81,246,Royal Commonwealth Pool,2,32747,,residential,55.93847724,-3.174930479,0.08552510393887319
81,246,Royal Commonwealth Pool,3,32237,,residential,55.93844629,-3.17512276,0.09680879098983829
81,246,Royal Commonwealth Pool,4,5097,,residential,55.93837549,-3.175394099,0.11494974602067895
81,246,Royal Commonwealth Pool,5,5857,,residential,55.93843516,-3.175485573,0.11580803116290073
81,246,Royal Commonwealth Pool,6,5861,,residential,55.93830492,-3.175322341,0.1164762375919146
81,246,Royal Commonwealth Pool,7,5101,,residential,55.93854399,-3.17570733,0.12212630643354382
81,246,Royal Commonwealth Pool,8,5096,,residential,55.93827514,-3.175566937,0.13029115526564325
81,246,Royal Commonwealth Pool,9,5858,,residential,55.93841969,-3.17602395,0.1458704998823664
81,246,Royal Commonwealth Pool,10,5860,,residential,55.93828215,-3.175934731,0.14853944568532043
82,225,Waverley Court,1,33458,,commercial,55.95130784,-3.184545404,0.052653874904051656
82,225,Waverley Court,2,33092,,commercial,55.95142776,-3.182899925,0.0866021809254747
82,225,Waverley Court,3,28,Moray House Library,library,55.9506224,-3.1808417,0.24176323412986084
82,225,Waverley Court,4,184,Sugarhouse,residential,55.95106449,-3.179966974,0.2725805551700653
82,225,Waverley Court,5,6054,Morison House,residential,55.95113772,-3.179660431,0.2890074026185871
82,225,Waverley Court,6,191,Panmure St Anne's,school,55.94913413,-3.185107078,0.29487009033716116
82,225,Waverley Court,7,64,Dunkeld Flats,residential,55.95079635,-3.179659145,0.30008272089872784
82,225,Waverley Court,8,6036,University of Edinburgh - Holyrood Campus,university,55.94987261,-3.180667168,0.3010878415648867
82,225,Waverley Court,9,6053,Thomas House,residential,55.9508726,-3.179340288,0.31609733792182537
82,225,Waverley Court,10,32565,Adam Smith's Panmure House,university,55.9522114,-3.178399108,0.3636946511962941
83,189,City Chambers,1,37,Signet Library,library,55.9491104,-3.1916095,0.139358041253123
83,189,City Chambers,2,30,Advocates Library,library,55.9488724,-3.1915551,0.15950412315428952
83,189,City Chambers,3,186,National Library of Scotland,library,55.94857471,-3.191701573,0.19287130215924114
83,189,City Chambers,4,195,,commercial,55.94898296,-3.192814218,0.20253519488943497
83,189,City Chambers,5,35,Central Children's Library,library,55.9484985,-3.1924454,0.22502022836349855
83,189,City Chambers,6,185,Central Library,library,55.94828812,-3.192495393,0.24580324183029056
83,189,City Chambers,7,7042,,commercial,55.95246469,-3.191802303,0.2789987883741284
83,189,City Chambers,8,48,New College Library,library,55.949736,-3.1949634,0.29589874908395436
83,189,City Chambers,9,32563,,university,55.94956238,-3.195170918,0.3118804536485765
83,189,City Chambers,10,36,Edinburgh Law School Library,library,55.9476338,-3.1876627,0.3191826062047432
84,183,Waverley Bridge,1,7042,,commercial,55.95246469,-3.191802303,0.05408933997878635
84,183,Waverley Bridge,2,10742,,commercial,55.95345832,-3.194307733,0.22280678396599393
84,183,Waverley Bridge,3,736,The Capital Building,commercial,55.95375058,-3.194359996,0.24973453442688273
84,183,Waverley Bridge,4,6726,,commercial,55.95369375,-3.194662579,0.2570358929486684
84,183,Waverley Bridge,5,6730,,commercial,55.953538,-3.194968349,0.2582692145541757
84,183,Waverley Bridge,6,315,Eagle Buildings,commercial,55.95306267,-3.195919889,0.2782179512737348
84,183,Waverley Bridge,7,62,RBS,commercial,55.95451345,-3.190809613,0.2895477769151685
84,183,Waverley Bridge,8,48,New College Library,library,55.949736,-3.1949634,0.31449633574990254
84,183,Waverley Bridge,9,37,Signet Library,library,55.9491104,-3.1916095,0.3196475909681529
84,183,Waverley Bridge,10,32563,,university,55.94956238,-3.195170918,0.3376819333686491
