candidate_id,centroid_lon,centroid_lat,"C_j, alpha = 0","C_j, alpha = 0.1","C_j, alpha = 0.2","C_j, alpha = 0.3","C_j, alpha = 0.4","C_j, alpha = 0.5","C_j, alpha = 0.6","C_j, alpha = 0.7","C_j, alpha = 0.8","C_j, alpha = 0.9","C_j, alpha = 1"
0,-3.18724975,55.94707346,90000,90000,90000,90000,90000,90000,90000,90000,90000,90000,90000
1,-3.332974671,55.97032003,90000,90000,90000,90000,90000,90000,90000,90000,90000,90000,90000
2,-3.120469843,55.95684355,90000,90000,90000,90000,90000,90000,90000,90000,90000,90000,90000
3,-3.19394332,55.97652547,90000,81000,72000,63000,54000,45000,36000,27000,18000,9000,0
4,-3.277237919,55.92740452,90000,90000,90000,90000,90000,90000,90000,90000,90000,90000,90000
5,-3.213073522,55.93341878,90000,90000,90000,90000,90000,90000,90000,90000,90000,90000,90000
6,-3.081988888,55.88531668,90000,90000,90000,90000,90000,90000,90000,90000,90000,90000,90000
7,-3.236766674,55.94403157,90000,81000,72000,63000,54000,45000,36000,27000,18000,9000,0
8,-3.179216397,55.96019905,90000,81000,72000,63000,54000,45000,36000,27000,18000,9000,0
9,-3.191310384,55.92543583,90000,81000,72000,63000,54000,45000,36000,27000,18000,9000,0
10,-3.317544149,55.91053359,90000,81000,72000,63000,54000,45000,36000,27000,18000,9000,0
11,-3.203787053,55.96065309,90000,90000,90000,90000,90000,90000,90000,90000,90000,90000,90000
12,-3.137281981,55.90207045,90000,90000,90000,90000,90000,90000,90000,90000,90000,90000,90000
13,-3.205667322,55.94795621,90000,81000,72000,63000,54000,45000,36000,27000,18000,9000,0
14,-3.167808786,55.97532646,90000,81000,72000,63000,54000,45000,36000,27000,18000,9000,0
15,-3.068310684,55.93283666,90000,81000,72000,63000,54000,45000,36000,27000,18000,9000,0
16,-3.187666428,55.93837779,90000,90000,90000,90000,90000,90000,90000,90000,90000,90000,90000
17,-3.235026189,55.96229848,90000,90000,90000,90000,90000,90000,90000,90000,90000,90000,90000
18,-3.300853126,55.97895949,90000,90000,90000,90000,90000,90000,90000,90000,90000,90000,90000
19,-3.249487279,55.92272753,90000,90000,90000,90000,90000,90000,90000,90000,90000,90000,90000
20,-3.221350975,55.94177193,90000,90000,90000,90000,90000,90000,90000,90000,90000,90000,90000
21,-3.176904431,55.92429049,90000,81000,72000,63000,54000,45000,36000,27000,18000,9000,0
22,-3.199584659,55.93848256,90000,81000,72000,63000,54000,45000,36000,27000,18000,9000,0
23,-3.100264056,55.94957816,90000,90000,90000,90000,90000,90000,90000,90000,90000,90000,90000
24,-3.174833919,55.94098049,90000,90000,90000,90000,90000,90000,90000,90000,90000,90000,90000
25,-3.18974072,55.88560717,90000,81000,72000,63000,54000,45000,36000,27000,18000,9000,0
26,-3.191429622,55.9557381,90000,90000,90000,90000,90000,90000,90000,90000,90000,90000,90000
27,-3.244977109,55.95349234,90000,81000,72000,63000,54000,45000,36000,27000,18000,9000,0
28,-3.177787275,55.96496016,90000,90000,90000,90000,90000,90000,90000,90000,90000,90000,90000
29,-3.125849423,55.92939789,90000,81000,72000,63000,54000,45000,36000,27000,18000,9000,0
30,-3.191200476,55.96242547,90000,90000,90000,90000,90000,90000,90000,90000,90000,90000,90000
31,-3.174388956,55.97810775,90000,90000,90000,90000,90000,90000,90000,90000,90000,90000,90000
32,-3.1708138,55.95460221,90000,90000,90000,90000,90000,90000,90000,90000,90000,90000,90000
33,-3.314004791,55.93483583,90000,81000,72000,63000,54000,45000,36000,27000,18000,9000,0
34,-3.144736012,55.9495929,90000,81000,72000,63000,54000,45000,36000,27000,18000,9000,0
35,-3.276016557,55.9407926,90000,90000,90000,90000,90000,90000,90000,90000,90000,90000,90000
36,-3.229646323,55.927941,90000,90000,90000,90000,90000,90000,90000,90000,90000,90000,90000
37,-3.319661153,55.8961679,90000,90000,90000,90000,90000,90000,90000,90000,90000,90000,90000
38,-3.202831527,55.95269025,90000,90000,90000,90000,90000,90000,90000,90000,90000,90000,90000
39,-3.202540868,55.92905971,90000,90000,90000,90000,90000,90000,90000,90000,90000,90000,90000
40,-3.265288392,55.90917824,90000,90000,90000,90000,90000,90000,90000,90000,90000,90000,90000
41,-3.112421905,55.94793007,90000,81000,72000,63000,54000,45000,36000,27000,18000,9000,0
42,-3.199850197,55.9461015,90000,90000,90000,90000,90000,90000,90000,90000,90000,90000,90000
43,-3.221724778,55.95434748,90000,81000,72000,63000,54000,45000,36000,27000,18000,9000,0
44,-3.1818686,55.939691,90000,90000,90000,90000,90000,90000,90000,90000,90000,90000,90000
45,-3.206354263,55.97442097,90000,90000,90000,90000,90000,90000,90000,90000,90000,90000,90000
46,-3.231471419,55.91002834,90000,90000,90000,90000,90000,90000,90000,90000,90000,90000,90000
47,-3.308557813,55.96803091,90000,90000,90000,90000,90000,90000,90000,90000,90000,90000,90000
48,-3.059918363,55.94450763,90000,90000,90000,90000,90000,90000,90000,90000,90000,90000,90000
49,-3.147257722,55.87908588,90000,81000,72000,63000,54000,45000,36000,27000,18000,9000,0
50,-3.063925526,55.89334949,90000,81000,72000,63000,54000,45000,36000,27000,18000,9000,0
51,-3.178195527,55.95241616,90000,90000,90000,90000,90000,90000,90000,90000,90000,90000,90000
52,-3.169738696,55.97122251,90000,81000,72000,63000,54000,45000,36000,27000,18000,9000,0
53,-3.138165711,55.92214069,90000,90000,90000,90000,90000,90000,90000,90000,90000,90000,90000
54,-3.185051306,55.94263348,90000,81000,72000,63000,54000,45000,36000,27000,18000,9000,0
55,-3.181359879,55.87078904,90000,81000,72000,63000,54000,45000,36000,27000,18000,9000,0
56,-3.092766902,55.86774861,90000,90000,90000,90000,90000,90000,90000,90000,90000,90000,90000
57,-3.207726862,55.95794252,90000,90000,90000,90000,90000,90000,90000,90000,90000,90000,90000
58,-3.093078084,55.91488739,90000,90000,90000,90000,90000,90000,90000,90000,90000,90000,90000
59,-3.246097947,55.93673286,90000,81000,72000,63000,54000,45000,36000,27000,18000,9000,0
60,-3.155532441,55.96643278,90000,90000,90000,90000,90000,90000,90000,90000,90000,90000,90000
61,-3.219763757,55.94745525,90000,90000,90000,90000,90000,90000,90000,90000,90000,90000,90000
62,-3.194846644,55.95349992,90000,81000,72000,63000,54000,45000,36000,27000,18000,9000,0
63,-3.249498174,55.96620611,90000,81000,72000,63000,54000,45000,36000,27000,18000,9000,0
64,-3.209058069,55.92697449,90000,90000,90000,90000,90000,90000,90000,90000,90000,90000,90000
65,-3.135910039,55.9591153,90000,81000,72000,63000,54000,45000,36000,27000,18000,9000,0
66,-3.228506558,55.93958391,90000,81000,72000,63000,54000,45000,36000,27000,18000,9000,0
67,-3.207313678,55.94646837,90000,90000,90000,90000,90000,90000,90000,90000,90000,90000,90000
68,-3.226650861,55.95922103,90000,81000,72000,63000,54000,45000,36000,27000,18000,9000,0
69,-3.328470109,55.98061637,90000,81000,72000,63000,54000,45000,36000,27000,18000,9000,0
70,-3.252325158,55.93839574,90000,90000,90000,90000,90000,90000,90000,90000,90000,90000,90000
71,-3.254991598,55.95156617,90000,90000,90000,90000,90000,90000,90000,90000,90000,90000,90000
72,-3.196989038,55.9643896,90000,90000,90000,90000,90000,90000,90000,90000,90000,90000,90000
73,-3.295264695,55.92907114,90000,90000,90000,90000,90000,90000,90000,90000,90000,90000,90000
74,-3.172500554,55.96859586,90000,90000,90000,90000,90000,90000,90000,90000,90000,90000,90000
75,-3.247770788,55.95719174,90000,81000,72000,63000,54000,45000,36000,27000,18000,9000,0
76,-3.192101335,55.94871951,90000,81000,72000,63000,54000,45000,36000,27000,18000,9000,0
77,-3.052649777,55.89327514,90000,81000,72000,63000,54000,45000,36000,27000,18000,9000,0
78,-3.209054508,55.93665415,90000,90000,90000,90000,90000,90000,90000,90000,90000,90000,90000
79,-3.187549931,55.95951465,90000,81000,72000,63000,54000,45000,36000,27000,18000,9000,0
80,-3.097459898,55.94404768,90000,81000,72000,63000,54000,45000,36000,27000,18000,9000,0
81,-3.11140244,55.95199696,90000,90000,90000,90000,90000,90000,90000,90000,90000,90000,90000
82,-3.235983255,55.96516214,90000,81000,72000,63000,54000,45000,36000,27000,18000,9000,0
83,-3.283595278,55.95573964,90000,81000,72000,63000,54000,45000,36000,27000,18000,9000,0
84,-3.217388661,55.94500108,90000,90000,90000,90000,90000,90000,90000,90000,90000,90000,90000
85,-3.21342926,55.95063823,90000,81000,72000,63000,54000,45000,36000,27000,18000,9000,0
86,-3.201237918,55.94345357,90000,90000,90000,90000,90000,90000,90000,90000,90000,90000,90000
87,-3.057225049,55.87258102,90000,81000,72000,63000,54000,45000,36000,27000,18000,9000,0
88,-3.156451345,55.92798035,90000,90000,90000,90000,90000,90000,90000,90000,90000,90000,90000
89,-3.175076568,55.95803674,90000,90000,90000,90000,90000,90000,90000,90000,90000,90000,90000
90,-3.260188697,55.91724635,90000,90000,90000,90000,90000,90000,90000,90000,90000,90000,90000
91,-3.2508256,55.94678954,90000,81000,72000,63000,54000,45000,36000,27000,18000,9000,0
92,-3.180166348,55.93650603,72000,72000,72000,72000,72000,72000,72000,72000,72000,72000,72000
93,-3.16722306,55.90197805,90000,90000,90000,90000,90000,90000,90000,90000,90000,90000,90000
94,-3.176736185,55.97771063,90000,90000,90000,90000,90000,90000,90000,90000,90000,90000,90000
95,-3.21478528,55.94082886,90000,81000,72000,63000,54000,45000,36000,27000,18000,9000,0
96,-3.182899925,55.95142776,90000,90000,90000,90000,90000,90000,90000,90000,90000,90000,90000
97,-3.268740541,55.94240269,90000,90000,90000,90000,90000,90000,90000,90000,90000,90000,90000
98,-3.240009676,55.92221913,90000,90000,90000,90000,90000,90000,90000,90000,90000,90000,90000
99,-3.317008615,55.92606542,90000,90000,90000,90000,90000,90000,90000,90000,90000,90000,90000
100,-3.327191219,55.94682906,90000,90000,90000,90000,90000,90000,90000,90000,90000,90000,90000
101,-3.160950083,55.87650614,90000,81000,72000,63000,54000,45000,36000,27000,18000,9000,0
102,-3.18693674,55.94517079,90000,90000,90000,90000,90000,90000,90000,90000,90000,90000,90000
103,-3.211258753,55.95933366,90000,90000,90000,90000,90000,90000,90000,90000,90000,90000,90000
104,-3.184799493,55.96239329,90000,90000,90000,90000,90000,90000,90000,90000,90000,90000,90000
105,-3.206915775,55.94473358,90000,90000,90000,90000,90000,90000,90000,90000,90000,90000,90000
106,-3.181717995,55.94264366,90000,90000,90000,90000,90000,90000,90000,90000,90000,90000,90000
107,-3.179968567,55.96155514,90000,81000,72000,63000,54000,45000,36000,27000,18000,9000,0
108,-3.196389743,55.95771421,90000,81000,72000,63000,54000,45000,36000,27000,18000,9000,0
109,-3.08732673,55.93629665,90000,81000,72000,63000,54000,45000,36000,27000,18000,9000,0
110,-3.118547605,55.88273684,90000,81000,72000,63000,54000,45000,36000,27000,18000,9000,0
111,-3.286906812,55.90457109,90000,81000,72000,63000,54000,45000,36000,27000,18000,9000,0
112,-3.191802303,55.95246469,90000,90000,90000,90000,90000,90000,90000,90000,90000,90000,90000
113,-3.181643177,55.98043981,90000,90000,90000,90000,90000,90000,90000,90000,90000,90000,90000
114,-3.143337735,55.9555413,90000,90000,90000,90000,90000,90000,90000,90000,90000,90000,90000
115,-3.17482011,55.92283306,90000,81000,72000,63000,54000,45000,36000,27000,18000,9000,0
116,-3.283392248,55.91820754,90000,90000,90000,90000,90000,90000,90000,90000,90000,90000,90000
117,-3.287979735,55.92433258,90000,81000,72000,63000,54000,45000,36000,27000,18000,9000,0
118,-3.242612637,55.97497293,90000,81000,72000,63000,54000,45000,36000,27000,18000,9000,0
119,-3.073506032,55.88031134,90000,90000,90000,90000,90000,90000,90000,90000,90000,90000,90000
120,-3.20682534,55.95059578,90000,81000,72000,63000,54000,45000,36000,27000,18000,9000,0
121,-3.195663637,55.94533246,90000,81000,72000,63000,54000,45000,36000,27000,18000,9000,0
122,-3.264718075,55.92667217,90000,90000,90000,90000,90000,90000,90000,90000,90000,90000,90000
123,-3.184725125,55.94894915,90000,81000,72000,63000,54000,45000,36000,27000,18000,9000,0
124,-3.069085954,55.94490077,90000,90000,90000,90000,90000,90000,90000,90000,90000,90000,90000
125,-3.174271721,55.96528035,90000,90000,90000,90000,90000,90000,90000,90000,90000,90000,90000
126,-3.201819888,55.93065658,90000,90000,90000,90000,90000,90000,90000,90000,90000,90000,90000
127,-3.150934102,55.90631601,90000,90000,90000,90000,90000,90000,90000,90000,90000,90000,90000
128,-3.202444642,55.93760346,90000,81000,72000,63000,54000,45000,36000,27000,18000,9000,0
129,-3.322166531,55.90876593,90000,90000,90000,90000,90000,90000,90000,90000,90000,90000,90000
130,-3.306897659,55.89648406,90000,81000,72000,63000,54000,45000,36000,27000,18000,9000,0
131,-3.187854614,55.92316278,90000,90000,90000,90000,90000,90000,90000,90000,90000,90000,90000
132,-3.304536809,55.95119745,90000,81000,72000,63000,54000,45000,36000,27000,18000,9000,0
133,-3.182747229,55.95885951,90000,90000,90000,90000,90000,90000,90000,90000,90000,90000,90000
134,-3.232312347,55.96585833,90000,90000,90000,90000,90000,90000,90000,90000,90000,90000,90000
135,-3.181016304,55.94797712,90000,81000,72000,63000,54000,45000,36000,27000,18000,9000,0
136,-3.238561888,55.93240462,90000,81000,72000,63000,54000,45000,36000,27000,18000,9000,0
137,-3.180413258,55.94955951,72000,72000,72000,72000,72000,72000,72000,72000,72000,72000,72000
138,-3.216747326,55.95555883,90000,81000,72000,63000,54000,45000,36000,27000,18000,9000,0
139,-3.187671408,55.96573971,90000,81000,72000,63000,54000,45000,36000,27000,18000,9000,0
140,-3.305695044,55.96106892,90000,90000,90000,90000,90000,90000,90000,90000,90000,90000,90000
141,-3.203264457,55.89535435,90000,90000,90000,90000,90000,90000,90000,90000,90000,90000,90000
142,-3.224256867,55.95016817,90000,81000,72000,63000,54000,45000,36000,27000,18000,9000,0
143,-3.189272722,55.9268633,90000,90000,90000,90000,90000,90000,90000,90000,90000,90000,90000
144,-3.225089561,55.9408151,90000,90000,90000,90000,90000,90000,90000,90000,90000,90000,90000
145,-3.196848718,55.94757137,90000,81000,72000,63000,54000,45000,36000,27000,18000,9000,0
146,-3.272201702,55.9119279,90000,90000,90000,90000,90000,90000,90000,90000,90000,90000,90000
147,-3.218358857,55.94010782,90000,81000,72000,63000,54000,45000,36000,27000,18000,9000,0
148,-3.207184049,55.94056121,90000,81000,72000,63000,54000,45000,36000,27000,18000,9000,0
149,-3.248885107,55.90735696,90000,81000,72000,63000,54000,45000,36000,27000,18000,9000,0
150,-3.137442518,55.966669,90000,90000,90000,90000,90000,90000,90000,90000,90000,90000,90000
151,-3.211172131,55.94734116,90000,90000,90000,90000,90000,90000,90000,90000,90000,90000,90000
152,-3.297074036,55.94265847,90000,90000,90000,90000,90000,90000,90000,90000,90000,90000,90000
153,-3.110702513,55.91783518,90000,81000,72000,63000,54000,45000,36000,27000,18000,9000,0
154,-3.332410525,55.90900824,90000,90000,90000,90000,90000,90000,90000,90000,90000,90000,90000
155,-3.243239944,55.95655412,90000,81000,72000,63000,54000,45000,36000,27000,18000,9000,0
156,-3.23917301,55.91654594,90000,81000,72000,63000,54000,45000,36000,27000,18000,9000,0
157,-3.320410729,55.89264454,90000,90000,90000,90000,90000,90000,90000,90000,90000,90000,90000
158,-3.307080577,55.97163798,90000,81000,72000,63000,54000,45000,36000,27000,18000,9000,0
159,-3.232768781,55.92678462,90000,81000,72000,63000,54000,45000,36000,27000,18000,9000,0
160,-3.171962758,55.97687558,90000,81000,72000,63000,54000,45000,36000,27000,18000,9000,0
161,-3.142226736,55.9319446,90000,81000,72000,63000,54000,45000,36000,27000,18000,9000,0
162,-3.176298935,55.93987686,90000,90000,90000,90000,90000,90000,90000,90000,90000,90000,90000
163,-3.274134939,55.96286821,90000,90000,90000,90000,90000,90000,90000,90000,90000,90000,90000
164,-3.132936517,55.86699541,90000,81000,72000,63000,54000,45000,36000,27000,18000,9000,0
165,-3.197804433,55.94422746,90000,90000,90000,90000,90000,90000,90000,90000,90000,90000,90000
166,-3.138318059,55.89747106,90000,90000,90000,90000,90000,90000,90000,90000,90000,90000,90000
167,-3.113379719,55.94358428,90000,90000,90000,90000,90000,90000,90000,90000,90000,90000,90000
168,-3.207780833,55.95907384,90000,81000,72000,63000,54000,45000,36000,27000,18000,9000,0
169,-3.10078717,55.86549771,90000,90000,90000,90000,90000,90000,90000,90000,90000,90000,90000
170,-3.14090431,55.95257991,90000,81000,72000,63000,54000,45000,36000,27000,18000,9000,0
171,-3.145920679,55.95988279,90000,90000,90000,90000,90000,90000,90000,90000,90000,90000,90000
172,-3.19121362,55.87073372,90000,90000,90000,90000,90000,90000,90000,90000,90000,90000,90000
173,-3.221957867,55.96093269,90000,90000,90000,90000,90000,90000,90000,90000,90000,90000,90000
174,-3.201986211,55.96290976,90000,90000,90000,90000,90000,90000,90000,90000,90000,90000,90000
175,-3.328999718,55.93856727,90000,90000,90000,90000,90000,90000,90000,90000,90000,90000,90000
176,-3.232942551,55.904613,90000,90000,90000,90000,90000,90000,90000,90000,90000,90000,90000
177,-3.22924549,55.97914204,90000,81000,72000,63000,54000,45000,36000,27000,18000,9000,0
178,-3.215640136,55.94292543,90000,90000,90000,90000,90000,90000,90000,90000,90000,90000,90000
179,-3.174202576,55.9542104,90000,90000,90000,90000,90000,90000,90000,90000,90000,90000,90000
180,-3.096180716,55.93911763,90000,90000,90000,90000,90000,90000,90000,90000,90000,90000,90000
181,-3.173042751,55.9413755,90000,90000,90000,90000,90000,90000,90000,90000,90000,90000,90000
182,-3.078093106,55.87687523,90000,90000,90000,90000,90000,90000,90000,90000,90000,90000,90000
183,-3.173444921,55.97102987,90000,90000,90000,90000,90000,90000,90000,90000,90000,90000,90000
184,-3.185845262,55.9721949,90000,90000,90000,90000,90000,90000,90000,90000,90000,90000,90000
185,-3.298580127,55.91980415,90000,81000,72000,63000,54000,45000,36000,27000,18000,9000,0
186,-3.229461271,55.93344769,90000,90000,90000,90000,90000,90000,90000,90000,90000,90000,90000
187,-3.209940931,55.92889298,90000,81000,72000,63000,54000,45000,36000,27000,18000,9000,0
188,-3.066857462,55.92148813,90000,90000,90000,90000,90000,90000,90000,90000,90000,90000,90000
189,-3.045841273,55.90067374,90000,90000,90000,90000,90000,90000,90000,90000,90000,90000,90000
190,-3.102379755,55.91252059,90000,90000,90000,90000,90000,90000,90000,90000,90000,90000,90000
191,-3.224983012,55.95463169,90000,90000,90000,90000,90000,90000,90000,90000,90000,90000,90000
192,-3.201430161,55.97214284,90000,81000,72000,63000,54000,45000,36000,27000,18000,9000,0
193,-3.198237379,55.92901442,90000,90000,90000,90000,90000,90000,90000,90000,90000,90000,90000
194,-3.242152669,55.95838001,90000,90000,90000,90000,90000,90000,90000,90000,90000,90000,90000
195,-3.248217963,55.931517,90000,90000,90000,90000,90000,90000,90000,90000,90000,90000,90000
196,-3.158433119,55.97237812,90000,90000,90000,90000,90000,90000,90000,90000,90000,90000,90000
197,-3.151052267,55.91372244,90000,90000,90000,90000,90000,90000,90000,90000,90000,90000,90000
198,-3.204944796,55.94596826,90000,81000,72000,63000,54000,45000,36000,27000,18000,9000,0
199,-3.302102416,55.97965611,90000,81000,72000,63000,54000,45000,36000,27000,18000,9000,0
200,-3.330618582,55.87655266,90000,90000,90000,90000,90000,90000,90000,90000,90000,90000,90000
201,-3.13964354,55.92078222,90000,90000,90000,90000,90000,90000,90000,90000,90000,90000,90000
202,-3.188416617,55.94339001,90000,81000,72000,63000,54000,45000,36000,27000,18000,9000,0
203,-3.30870397,55.96960903,90000,90000,90000,90000,90000,90000,90000,90000,90000,90000,90000
204,-3.196995058,55.93655392,90000,90000,90000,90000,90000,90000,90000,90000,90000,90000,90000
205,-3.168530954,55.97039798,90000,90000,90000,90000,90000,90000,90000,90000,90000,90000,90000
206,-3.184013652,55.94671933,90000,90000,90000,90000,90000,90000,90000,90000,90000,90000,90000
207,-3.172015463,55.95715441,90000,81000,72000,63000,54000,45000,36000,27000,18000,9000,0
208,-3.049973445,55.94210199,90000,81000,72000,63000,54000,45000,36000,27000,18000,9000,0
209,-3.185891385,55.96362937,90000,81000,72000,63000,54000,45000,36000,27000,18000,9000,0
210,-3.103658592,55.94181512,90000,90000,90000,90000,90000,90000,90000,90000,90000,90000,90000
211,-3.331643868,55.97188104,90000,90000,90000,90000,90000,90000,90000,90000,90000,90000,90000
212,-3.235745369,55.94812848,90000,81000,72000,63000,54000,45000,36000,27000,18000,9000,0
213,-3.134779985,55.94849824,90000,90000,90000,90000,90000,90000,90000,90000,90000,90000,90000
214,-3.322362758,55.91060855,90000,90000,90000,90000,90000,90000,90000,90000,90000,90000,90000
215,-3.064622637,55.8654385,90000,90000,90000,90000,90000,90000,90000,90000,90000,90000,90000
216,-3.273390405,55.93830135,90000,81000,72000,63000,54000,45000,36000,27000,18000,9000,0
217,-3.181356403,55.94435116,90000,81000,72000,63000,54000,45000,36000,27000,18000,9000,0
218,-3.115261425,55.95336304,90000,81000,72000,63000,54000,45000,36000,27000,18000,9000,0
219,-3.181388959,55.96134562,90000,81000,72000,63000,54000,45000,36000,27000,18000,9000,0
220,-3.149532183,55.96368628,90000,81000,72000,63000,54000,45000,36000,27000,18000,9000,0
221,-3.249336468,55.9741898,90000,81000,72000,63000,54000,45000,36000,27000,18000,9000,0
222,-3.174874831,55.96728986,90000,90000,90000,90000,90000,90000,90000,90000,90000,90000,90000
223,-3.157927983,55.9676071,90000,90000,90000,90000,90000,90000,90000,90000,90000,90000,90000
224,-3.278753975,55.92067848,90000,81000,72000,63000,54000,45000,36000,27000,18000,9000,0
225,-3.211383705,55.95705883,90000,90000,90000,90000,90000,90000,90000,90000,90000,90000,90000
226,-3.190809613,55.95451345,90000,90000,90000,90000,90000,90000,90000,90000,90000,90000,90000
227,-3.172037812,55.86819815,90000,90000,90000,90000,90000,90000,90000,90000,90000,90000,90000
228,-3.226831758,55.96485932,90000,81000,72000,63000,54000,45000,36000,27000,18000,9000,0
229,-3.205015596,55.92875805,90000,90000,90000,90000,90000,90000,90000,90000,90000,90000,90000
230,-3.284916044,55.94265634,90000,81000,72000,63000,54000,45000,36000,27000,18000,9000,0
231,-3.250316181,55.94471486,90000,81000,72000,63000,54000,45000,36000,27000,18000,9000,0
232,-3.185214157,55.9444398,90000,81000,72000,63000,54000,45000,36000,27000,18000,9000,0
233,-3.222859598,55.90713173,90000,81000,72000,63000,54000,45000,36000,27000,18000,9000,0
234,-3.244521665,55.92391307,90000,81000,72000,63000,54000,45000,36000,27000,18000,9000,0
235,-3.180054831,55.95085175,90000,90000,90000,90000,90000,90000,90000,90000,90000,90000,90000
236,-3.242151717,55.96696497,90000,81000,72000,63000,54000,45000,36000,27000,18000,9000,0
237,-3.202417234,55.92747549,90000,90000,90000,90000,90000,90000,90000,90000,90000,90000,90000
238,-3.206475218,55.94339683,90000,90000,90000,90000,90000,90000,90000,90000,90000,90000,90000
239,-3.174395271,55.91404419,90000,90000,90000,90000,90000,90000,90000,90000,90000,90000,90000
240,-3.260912843,55.96694004,90000,90000,90000,90000,90000,90000,90000,90000,90000,90000,90000
241,-3.32905213,55.92301262,90000,90000,90000,90000,90000,90000,90000,90000,90000,90000,90000
242,-3.101155849,55.89779797,90000,90000,90000,90000,90000,90000,90000,90000,90000,90000,90000
243,-3.083137698,55.91301797,90000,90000,90000,90000,90000,90000,90000,90000,90000,90000,90000
244,-3.144485565,55.89628042,90000,90000,90000,90000,90000,90000,90000,90000,90000,90000,90000
245,-3.073969167,55.93092459,90000,81000,72000,63000,54000,45000,36000,27000,18000,9000,0
246,-3.194640524,55.94359585,90000,90000,90000,90000,90000,90000,90000,90000,90000,90000,90000
247,-3.161129183,55.93097377,90000,90000,90000,90000,90000,90000,90000,90000,90000,90000,90000
248,-3.31848319,55.918073,90000,90000,90000,90000,90000,90000,90000,90000,90000,90000,90000
249,-3.190140901,55.96051884,90000,90000,90000,90000,90000,90000,90000,90000,90000,90000,90000
250,-3.200866954,55.93680134,90000,81000,72000,63000,54000,45000,36000,27000,18000,9000,0
251,-3.13255965,55.9562518,90000,90000,90000,90000,90000,90000,90000,90000,90000,90000,90000
252,-3.243234103,55.92876044,90000,90000,90000,90000,90000,90000,90000,90000,90000,90000,90000
253,-3.274033322,55.90404666,90000,81000,72000,63000,54000,45000,36000,27000,18000,9000,0
254,-3.109671797,55.95056709,90000,90000,90000,90000,90000,90000,90000,90000,90000,90000,90000
255,-3.113323673,55.95054145,90000,90000,90000,90000,90000,90000,90000,90000,90000,90000,90000
256,-3.319036957,55.96586837,90000,90000,90000,90000,90000,90000,90000,90000,90000,90000,90000
257,-3.163456049,55.96489567,90000,81000,72000,63000,54000,45000,36000,27000,18000,9000,0
258,-3.182182781,55.87762396,90000,90000,90000,90000,90000,90000,90000,90000,90000,90000,90000
259,-3.177638083,55.95159872,90000,90000,90000,90000,90000,90000,90000,90000,90000,90000,90000
260,-3.180749106,55.9399857,90000,90000,90000,90000,90000,90000,90000,90000,90000,90000,90000
261,-3.161437032,55.89407184,90000,81000,72000,63000,54000,45000,36000,27000,18000,9000,0
262,-3.184545404,55.95130784,90000,90000,90000,90000,90000,90000,90000,90000,90000,90000,90000
263,-3.1956252,55.97585769,90000,81000,72000,63000,54000,45000,36000,27000,18000,9000,0
264,-3.185222372,55.9456673,90000,90000,90000,90000,90000,90000,90000,90000,90000,90000,90000
265,-3.1145323,55.87095228,90000,90000,90000,90000,90000,90000,90000,90000,90000,90000,90000
266,-3.179352401,55.93440697,90000,81000,72000,63000,54000,45000,36000,27000,18000,9000,0
267,-3.280394033,55.91287293,90000,90000,90000,90000,90000,90000,90000,90000,90000,90000,90000
268,-3.217741693,55.92716035,90000,90000,90000,90000,90000,90000,90000,90000,90000,90000,90000
269,-3.224834063,55.95800006,90000,81000,72000,63000,54000,45000,36000,27000,18000,9000,0
270,-3.165690649,55.97532525,90000,90000,90000,90000,90000,90000,90000,90000,90000,90000,90000
271,-3.219244479,55.94417265,90000,81000,72000,63000,54000,45000,36000,27000,18000,9000,0
272,-3.299574298,55.92982698,90000,81000,72000,63000,54000,45000,36000,27000,18000,9000,0
273,-3.210468677,55.93731601,90000,90000,90000,90000,90000,90000,90000,90000,90000,90000,90000
274,-3.105835973,55.93513025,90000,81000,72000,63000,54000,45000,36000,27000,18000,9000,0
275,-3.312109131,55.89646848,90000,90000,90000,90000,90000,90000,90000,90000,90000,90000,90000
276,-3.211168546,55.95002431,90000,90000,90000,90000,90000,90000,90000,90000,90000,90000,90000
277,-3.193142206,55.90070085,90000,90000,90000,90000,90000,90000,90000,90000,90000,90000,90000
278,-3.252858684,55.95677463,90000,81000,72000,63000,54000,45000,36000,27000,18000,9000,0
279,-3.204688361,55.9628661,90000,81000,72000,63000,54000,45000,36000,27000,18000,9000,0
280,-3.044664705,55.89493969,90000,90000,90000,90000,90000,90000,90000,90000,90000,90000,90000
281,-3.265493759,55.91986273,90000,90000,90000,90000,90000,90000,90000,90000,90000,90000,90000
282,-3.15319301,55.95468731,90000,90000,90000,90000,90000,90000,90000,90000,90000,90000,90000
283,-3.313660637,55.96153117,90000,90000,90000,90000,90000,90000,90000,90000,90000,90000,90000
284,-3.201250782,55.94577684,90000,81000,72000,63000,54000,45000,36000,27000,18000,9000,0
285,-3.163586787,55.95568969,90000,81000,72000,63000,54000,45000,36000,27000,18000,9000,0
286,-3.282288618,55.92969547,90000,90000,90000,90000,90000,90000,90000,90000,90000,90000,90000
287,-3.129718688,55.9344369,90000,90000,90000,90000,90000,90000,90000,90000,90000,90000,90000
288,-3.058858359,55.93792125,90000,81000,72000,63000,54000,45000,36000,27000,18000,9000,0
289,-3.067420945,55.94302127,90000,90000,90000,90000,90000,90000,90000,90000,90000,90000,90000
290,-3.322778937,55.94405497,90000,81000,72000,63000,54000,45000,36000,27000,18000,9000,0
291,-3.186133447,55.96003116,90000,81000,72000,63000,54000,45000,36000,27000,18000,9000,0
292,-3.226765616,55.9534418,90000,90000,90000,90000,90000,90000,90000,90000,90000,90000,90000
293,-3.309284231,55.96586647,90000,90000,90000,90000,90000,90000,90000,90000,90000,90000,90000
294,-3.261385674,55.93085984,90000,90000,90000,90000,90000,90000,90000,90000,90000,90000,90000
295,-3.300301668,55.97488383,90000,90000,90000,90000,90000,90000,90000,90000,90000,90000,90000
296,-3.25622374,55.91367089,90000,90000,90000,90000,90000,90000,90000,90000,90000,90000,90000
297,-3.262769551,55.94415888,90000,81000,72000,63000,54000,45000,36000,27000,18000,9000,0
298,-3.230063142,55.938111,90000,90000,90000,90000,90000,90000,90000,90000,90000,90000,90000
299,-3.187054975,55.86461258,90000,90000,90000,90000,90000,90000,90000,90000,90000,90000,90000
300,-3.186247612,55.95653524,72000,72000,72000,72000,72000,72000,72000,72000,72000,72000,72000
301,-3.058306837,55.94396074,72000,64800,57600,50400,43200,36000,28800,21600,14400,7200,0
302,-3.066753916,55.94388032,72000,64800,57600,50400,43200,36000,28800,21600,14400,7200,0
303,-3.173586297,55.96791807,72000,72000,72000,72000,72000,72000,72000,72000,72000,72000,72000
304,-3.167394703,55.96901165,72000,72000,72000,72000,72000,72000,72000,72000,72000,72000,72000
305,-3.215335841,55.94007147,72000,72000,72000,72000,72000,72000,72000,72000,72000,72000,72000
306,-3.307442445,55.92738268,72000,64800,57600,50400,43200,36000,28800,21600,14400,7200,0
307,-3.212354285,55.95159412,72000,72000,72000,72000,72000,72000,72000,72000,72000,72000,72000
308,-3.328783526,55.90841344,72000,72000,72000,72000,72000,72000,72000,72000,72000,72000,72000
309,-3.320113285,55.90882288,72000,72000,72000,72000,72000,72000,72000,72000,72000,72000,72000
310,-3.175724609,55.95108947,72000,72000,72000,72000,72000,72000,72000,72000,72000,72000,72000
311,-3.289481117,55.92668428,72000,64800,57600,50400,43200,36000,28800,21600,14400,7200,0
312,-3.17221628,55.95524789,72000,72000,72000,72000,72000,72000,72000,72000,72000,72000,72000
313,-3.098561479,55.94406628,72000,64800,57600,50400,43200,36000,28800,21600,14400,7200,0
314,-3.213307722,55.92781816,72000,72000,72000,72000,72000,72000,72000,72000,72000,72000,72000
315,-3.307258798,55.96944275,72000,64800,57600,50400,43200,36000,28800,21600,14400,7200,0
316,-3.188919737,55.94760045,72000,64800,57600,50400,43200,36000,28800,21600,14400,7200,0
317,-3.250881447,55.94504588,72000,64800,57600,50400,43200,36000,28800,21600,14400,7200,0
318,-3.180985762,55.96085174,72000,72000,72000,72000,72000,72000,72000,72000,72000,72000,72000
319,-3.198763444,55.93532371,72000,72000,72000,72000,72000,72000,72000,72000,72000,72000,72000
320,-3.206431879,55.93712324,72000,64800,57600,50400,43200,36000,28800,21600,14400,7200,0
321,-3.223024024,55.94606397,72000,72000,72000,72000,72000,72000,72000,72000,72000,72000,72000
322,-3.215661361,55.95941013,72000,64800,57600,50400,43200,36000,28800,21600,14400,7200,0
323,-3.073104634,55.93198048,72000,72000,72000,72000,72000,72000,72000,72000,72000,72000,72000
324,-3.233671053,55.92758664,72000,72000,72000,72000,72000,72000,72000,72000,72000,72000,72000
325,-3.234135938,55.96283984,72000,72000,72000,72000,72000,72000,72000,72000,72000,72000,72000
326,-3.237800314,55.94191081,72000,64800,57600,50400,43200,36000,28800,21600,14400,7200,0
327,-3.223434402,55.95953625,72000,72000,72000,72000,72000,72000,72000,72000,72000,72000,72000
328,-3.214285387,55.95727801,72000,72000,72000,72000,72000,72000,72000,72000,72000,72000,72000
329,-3.212397112,55.93341636,72000,72000,72000,72000,72000,72000,72000,72000,72000,72000,72000
330,-3.195470337,55.96037972,72000,72000,72000,72000,72000,72000,72000,72000,72000,72000,72000
331,-3.209749772,55.92798535,72000,72000,72000,72000,72000,72000,72000,72000,72000,72000,72000
332,-3.136971299,55.92135417,72000,64800,57600,50400,43200,36000,28800,21600,14400,7200,0
333,-3.231847151,55.94564842,72000,64800,57600,50400,43200,36000,28800,21600,14400,7200,0
334,-3.202094747,55.96411788,72000,64800,57600,50400,43200,36000,28800,21600,14400,7200,0
335,-3.187197759,55.95995415,72000,64800,57600,50400,43200,36000,28800,21600,14400,7200,0
336,-3.185175373,55.96403105,72000,64800,57600,50400,43200,36000,28800,21600,14400,7200,0
337,-3.118332042,55.95791541,72000,72000,72000,72000,72000,72000,72000,72000,72000,72000,72000
338,-3.182589723,55.94485887,72000,64800,57600,50400,43200,36000,28800,21600,14400,7200,0
339,-3.269286765,55.94211535,72000,64800,57600,50400,43200,36000,28800,21600,14400,7200,0
340,-3.300641789,55.98003077,72000,64800,57600,50400,43200,36000,28800,21600,14400,7200,0
341,-3.203104599,55.94424805,72000,72000,72000,72000,72000,72000,72000,72000,72000,72000,72000
342,-3.201278015,55.96076241,72000,72000,72000,72000,72000,72000,72000,72000,72000,72000,72000
343,-3.218184683,55.94556945,72000,64800,57600,50400,43200,36000,28800,21600,14400,7200,0
344,-3.194150044,55.93643192,72000,64800,57600,50400,43200,36000,28800,21600,14400,7200,0
345,-3.185021146,55.93796327,72000,72000,72000,72000,72000,72000,72000,72000,72000,72000,72000
346,-3.184951408,55.94383598,72000,64800,57600,50400,43200,36000,28800,21600,14400,7200,0
347,-3.226124805,55.95197358,72000,64800,57600,50400,43200,36000,28800,21600,14400,7200,0
348,-3.22241531,55.9417913,72000,64800,57600,50400,43200,36000,28800,21600,14400,7200,0
349,-3.175888371,55.95787195,72000,72000,72000,72000,72000,72000,72000,72000,72000,72000,72000
350,-3.185474586,55.9466428,72000,64800,57600,50400,43200,36000,28800,21600,14400,7200,0
351,-3.198032689,55.93836922,72000,72000,72000,72000,72000,72000,72000,72000,72000,72000,72000
352,-3.210396331,55.94607056,72000,64800,57600,50400,43200,36000,28800,21600,14400,7200,0
353,-3.205765497,55.9474092,72000,72000,72000,72000,72000,72000,72000,72000,72000,72000,72000
354,-3.207963567,55.97132539,72000,72000,72000,72000,72000,72000,72000,72000,72000,72000,72000
355,-3.187795032,55.94979757,72000,64800,57600,50400,43200,36000,28800,21600,14400,7200,0
356,-3.220588934,55.9397099,72000,64800,57600,50400,43200,36000,28800,21600,14400,7200,0
357,-3.194640214,55.94023763,72000,64800,57600,50400,43200,36000,28800,21600,14400,7200,0
358,-3.197245733,55.94709728,72000,72000,72000,72000,72000,72000,72000,72000,72000,72000,72000
359,-3.186906245,55.94478428,72000,64800,57600,50400,43200,36000,28800,21600,14400,7200,0
360,-3.17618017,55.96517649,72000,64800,57600,50400,43200,36000,28800,21600,14400,7200,0
361,-3.223634264,55.95508277,72000,72000,72000,72000,72000,72000,72000,72000,72000,72000,72000
362,-3.202037829,55.94676649,72000,72000,72000,72000,72000,72000,72000,72000,72000,72000,72000
363,-3.203183907,55.95150074,72000,72000,72000,72000,72000,72000,72000,72000,72000,72000,72000
364,-3.182738851,55.93980947,72000,64800,57600,50400,43200,36000,28800,21600,14400,7200,0
365,-3.171746867,55.94008064,72000,64800,57600,50400,43200,36000,28800,21600,14400,7200,0
366,-3.196283585,55.96280409,72000,64800,57600,50400,43200,36000,28800,21600,14400,7200,0
367,-3.197265856,55.94477165,72000,64800,57600,50400,43200,36000,28800,21600,14400,7200,0
368,-3.192443757,55.95490573,72000,72000,72000,72000,72000,72000,72000,72000,72000,72000,72000
369,-3.208070182,55.95856559,72000,64800,57600,50400,43200,36000,28800,21600,14400,7200,0
370,-3.181682341,55.95316433,72000,64800,57600,50400,43200,36000,28800,21600,14400,7200,0
371,-3.175384585,55.92347881,72000,64800,57600,50400,43200,36000,28800,21600,14400,7200,0
372,-3.171646245,55.92320216,72000,64800,57600,50400,43200,36000,28800,21600,14400,7200,0
373,-3.17383083,55.92418541,72000,64800,57600,50400,43200,36000,28800,21600,14400,7200,0
374,-3.187526919,55.95264104,72000,64800,57600,50400,43200,36000,28800,21600,14400,7200,0
375,-3.174126319,55.97761715,72000,72000,72000,72000,72000,72000,72000,72000,72000,72000,72000
376,-3.209247502,55.94335693,72000,64800,57600,50400,43200,36000,28800,21600,14400,7200,0
377,-3.189053072,55.94583372,72000,64800,57600,50400,43200,36000,28800,21600,14400,7200,0
378,-3.207101172,55.95233546,72000,64800,57600,50400,43200,36000,28800,21600,14400,7200,0
379,-3.173923554,55.93900025,72000,72000,72000,72000,72000,72000,72000,72000,72000,72000,72000
380,-3.184178535,55.9517345,72000,72000,72000,72000,72000,72000,72000,72000,72000,72000,72000
381,-3.19025777,55.95010933,72000,72000,72000,72000,72000,72000,72000,72000,72000,72000,72000
382,-3.191890333,55.95198076,72000,72000,72000,72000,72000,72000,72000,72000,72000,72000,72000