poi_id,inflow_per_hour,outflow_per_hour,demand_per_hour,category,lat,lon
0,0.0001938917991863373,0.0001938917991863373,0.0003877835983726746,library,55.9162285,-3.2851455
1,4.287923454430203e-06,4.211993838329433e-06,8.499917292759635e-06,library,55.9407099,-3.2810362
2,0.001998949723025918,0.0012972302879010092,0.003296180010926927,library,55.9427446,-3.0563335
3,0.07165637647949186,0.09189254757475515,0.163548924054247,library,55.9474192,-3.18728575
4,0.0002571792978106578,0.0002571792978106578,0.0005143585956213156,library,55.9331942,-3.1367474
5,0.0004294535493313415,0.0004294535493313415,0.000858907098662683,library,55.8717713,-3.1137959
6,0.0002347356692537442,0.0002347356692537442,0.0004694713385074884,library,55.9201125,-3.2875585
7,0.0002483019199906685,0.0002483019199906685,0.000496603839981337,library,55.9754823,-3.1800469
8,0.04352452112207933,0.04213050778988909,0.08565502891196841,library,55.9506224,-3.1808417
9,0.10785637527992686,0.15548046960338782,0.26333684488331466,library,55.9334673,-3.2128229
10,0.03581739324053063,0.0700083654464602,0.10582575868699085,library,55.948668825999995,-3.1919613932
11,0.00027986101250632655,0.00027986101250632655,0.0005597220250126531,library,55.9028613,-3.1531137
12,0.0002635247606102051,0.0002635247606102051,0.0005270495212204102,library,55.8796264,-3.1535729
13,0.5098905540951654,0.5959595378427642,1.1058500919379295,library,55.939691,-3.1818686
14,0.012818073390721276,0.017563138877542916,0.030381212268264193,library,55.9460774,-3.2005191
15,0.00018102003001718418,0.00018102003001718418,0.00036204006003436837,library,55.87442,-3.0485666
16,0.00027376442328197524,0.00027376442328197524,0.0005475288465639505,library,55.9767277,-3.2267667
17,0.0002981619525826862,0.0002981619525826862,0.0005963239051653724,library,55.9162181,-3.1102172
18,0.00012335296456722044,0.00012335296456722044,0.0002467059291344409,library,55.949736,-3.1949634
19,0.004242675863403481,0.0039138126042184826,0.008156488467621964,library,55.9246932,-3.2880002
20,0.00032968737277713024,0.00032968737277713024,0.0006593747455542605,library,55.89286101,-3.070264127
21,0.0001326903067253479,0.0001326903067253479,0.0002653806134506958,library,55.9616459,-3.26096943
22,0.045828919830660945,0.03850536458992184,0.08433428442058279,library,55.94266114,-3.188989747
23,0.00019902048238955604,0.00019902048238955604,0.0003980409647791121,library,55.91345709,-3.134949632
24,0.12344299640328701,0.1195176512017195,0.24296064760500652,library,55.94010782,-3.218358857
25,0.001314469640225339,0.001314469640225339,0.002628939280450678,library,55.89609792,-3.311059707
26,0.10207535553665245,0.11832374107010514,0.2203990966067576,library,55.93663051,-3.179831189
27,0.023553093170798286,0.02618725517237012,0.04974034834316841,library,55.90876593,-3.322166531
28,0.0016594042424116127,0.0016594042424116127,0.0033188084848232253,library,55.95503729,-3.142267856
29,0.18319267433528943,0.159838745199382,0.3430314195346714,library,55.9514455,-3.178098866
30,0.00010217496221753934,0.00010217496221753934,0.0002043499244350787,library,55.9320804,-3.179735895
31,0.007222587896358085,0.0074732379827547,0.014695825879112785,library,55.92889298,-3.209940931
32,0.0008943384282010448,0.0007898148468926982,0.001684153275093743,library,55.93725887,-3.248423134
33,0.05633644612222185,0.051899094674250766,0.10823554079647262,library,55.96134562,-3.181388959
34,0.00017624098769933492,0.00017624098769933492,0.00035248197539866985,library,55.86672505,-3.06583005
35,0.05579144017996836,0.06593699255067402,0.12172843273064238,library,55.92290461,-3.174976595
36,0.0005623493664105209,0.0005623493664105209,0.0011246987328210418,library,55.90672481,-3.251408978
37,0.00036717002624681754,0.00036717002624681754,0.0007343400524936351,library,55.95538392,-3.287034985
38,0.26871510040294033,0.21643115975675417,0.48514626015969453,library,55.95891962,-3.207839007
39,0.00015750237947016467,0.00015750237947016467,0.00031500475894032933,library,55.90531345,-3.134191235
40,0.0004287699130344284,0.0004287699130344284,0.0008575398260688568,library,55.95337271,-3.116759644
41,8.932232693601192e-05,8.932232693601192e-05,0.00017864465387202385,library,55.96651862,-3.205719224
42,0.00018461120132501913,0.00018461120132501913,0.00036922240265003825,library,55.90529096,-3.223430258
43,0.0070485539744119825,0.0075172255286268625,0.014565779503038844,library,55.95050315,-3.213323145
44,0.0015704830829149927,0.0015704830829149927,0.0031409661658299854,school,55.973634080000004,-3.2507802496666667
45,0.00017545217292714947,0.00017545217292714947,0.00035090434585429895,school,55.9666246,-3.2259783
46,0.0003283004764582835,0.0003283004764582835,0.000656600952916567,school,55.9344588,-3.1233362
47,0.0017763281546192145,0.0017763281546192145,0.003552656309238429,school,55.9609479,-3.171037
48,0.01770447145173222,0.014304143409130683,0.0320086148608629,school,55.9768772,-3.1719622
49,0.00011019684745363704,0.00011019684745363704,0.00022039369490727407,school,55.9471277,-3.2137763
50,0.0001018369064831639,0.0001018369064831639,0.0002036738129663278,school,55.9529392,-3.1994168
51,0.008971746682571287,0.0081128603540917,0.017084607036662987,school,55.9430316,-3.0674452
52,0.000688409931999868,0.000688409931999868,0.001376819863999736,school,55.928444539999994,-3.273827281333333
53,0.0006331538476566625,0.0006331538476566625,0.001266307695313325,school,55.95238672,-3.2800213066666664
54,0.0002448057072471596,0.0002448057072471596,0.0004896114144943192,school,55.9037635,-3.1653365
55,0.00020508313345021738,0.00020508313345021738,0.00041016626690043475,school,55.9173669,-3.1693957
56,0.0012402938667531397,0.0012402938667531397,0.0024805877335062794,school,55.901250454999996,-3.045115402
57,0.0005856227466207116,0.0005856227466207116,0.0011712454932414232,school,55.9518817,-3.1132882
58,0.000308214775364077,0.000308214775364077,0.000616429550728154,school,55.9339879,-3.1470357
59,0.0005555175823276373,0.0005555175823276373,0.0011110351646552747,school,55.934923133333335,-3.127840397
60,0.00016987232697105172,0.00016987232697105172,0.00033974465394210344,school,55.9555238,-3.152655
61,9.742661625277286e-05,9.742661625277286e-05,0.00019485323250554573,school,55.97648064,-3.186195735
62,0.0005103174868451591,0.0005103174868451591,0.0010206349736903181,school,55.97141011,-3.304438658
63,9.144646899714605e-06,9.129938729352382e-06,1.8274585629066987e-05,school,55.96571475,-3.189293486
64,0.0001976006451629641,0.0001976006451629641,0.0003952012903259282,school,55.89809051,-3.153343637
65,0.00034175364888876225,0.00034175364888876225,0.0006835072977775245,school,55.94313161,-3.044215958
66,0.0001276107425906331,0.0001276107425906331,0.0002552214851812662,school,55.97530208,-3.213430479
67,0.006598983708288205,0.006598983708288205,0.01319796741657641,school,55.89629569,-3.321238961
68,0.00040562650565606576,0.00038419628838652257,0.0007898227940425883,school,55.93628395,-3.10452498
69,0.00017818117169873465,0.00017818117169873465,0.0003563623433974693,school,55.93196186,-3.290187042
70,0.00014824863334372113,0.00014824863334372113,0.00029649726668744226,school,55.91279734,-3.135086424
71,0.00017880037718416772,0.00017880037718416772,0.00035760075436833545,school,55.9227861,-3.161746013
72,0.058608673093851836,0.09180023190213323,0.15040890499598505,school,55.936801335,-3.2008669540000003
73,8.619465786976655e-05,8.619465786976655e-05,0.0001723893157395331,school,55.92954816,-3.218452366
74,8.109494825215466e-05,8.109494825215466e-05,0.00016218989650430932,school,55.92144785,-3.212312889
75,0.02053330929360055,0.028699754805582248,0.049233064099182794,school,55.96472063,-3.227396912
76,0.0002658979194493806,0.0002658979194493806,0.0005317958388987612,school,55.92244893,-3.281525523
77,0.07386456525382956,0.05790969309123632,0.1317742583450659,school,55.95800006,-3.224834063
78,0.0004872563440615892,0.0004872563440615892,0.0009745126881231784,school,55.91520901,-3.236387153
79,0.0002703551671286887,0.0002703551671286887,0.0005407103342573774,school,55.97340853,-3.25496947
80,0.00012238386805673738,0.00012238386805673738,0.00024476773611347476,school,55.94601851,-3.194495974
81,0.000247279083393191,0.000247279083393191,0.000494558166786382,school,55.93401846,-3.135939249
82,0.0003704903909965559,0.0003704903909965559,0.0007409807819931118,school,55.96550097,-3.161601955
83,0.00023648834738567662,0.00023648834738567662,0.00047297669477135325,school,55.96581272,-3.16568221
84,0.0030251816939920995,0.0024942735941947854,0.005519455288186885,school,55.96607325,-3.174593907
85,0.037371752714759066,0.03859774510846192,0.07596949782322099,school,55.96051884,-3.190140901
86,0.022180800378781385,0.02397387473976681,0.04615467511854819,school,55.95395103,-3.227191859
87,0.001432300119768163,0.001432300119768163,0.002864600239536326,school,55.95989658,-3.144027159
88,0.00026991775159033814,0.00026991775159033814,0.0005398355031806763,school,55.96047022,-3.150131239
89,0.0575703187737716,0.09314059489105447,0.15071091366482608,school,55.93731601,-3.210468677
90,0.001451376179740895,0.001451376179740895,0.00290275235948179,school,55.8976554,-3.312464512
91,0.0008886098540005819,0.00089554204535403,0.001784151899354612,school,55.94003635,-3.22969552
92,0.007451265508424662,0.007451265508424662,0.014902531016849324,school,55.92929159,-3.204512687
93,0.00017668663396089833,0.00017668663396089833,0.00035337326792179665,school,55.93011752,-3.136394641
94,0.0005098927542905032,0.0005098927542905032,0.0010197855085810064,school,55.904732225000004,-3.1519274765
95,0.00016557088089340607,0.00016557088089340607,0.00033114176178681215,school,55.90568832,-3.195786497
96,0.0002227915797735429,0.0002227915797735429,0.0004455831595470858,school,55.91467426,-3.152929869
97,0.022038604851235388,0.015242981078039734,0.03728158592927512,school,55.97039798,-3.168530954
98,0.0003288852967965472,0.0003288852967965472,0.0006577705935930944,school,55.93096126,-3.158853695
99,8.162641912682947e-05,8.162641912682947e-05,0.00016325283825365894,school,55.94115031,-3.143186577
100,0.0006364516230577509,0.0006364516230577509,0.0012729032461155018,school,55.94465608,-3.112302672
101,0.022207601910424427,0.015572157632943024,0.03777975954336745,school,55.94181512,-3.103658592
102,0.0016085862280111763,0.0016085862280111763,0.0032171724560223526,school,55.95384451,-3.140325816
103,0.0015865503802716964,0.0015865503802716964,0.003173100760543393,school,55.94827664,-3.143794514
104,0.00029126387999944543,0.00029126387999944543,0.0005825277599988909,school,55.9157084,-3.10995788
105,0.00025227125171574047,0.00025227125171574047,0.0005045425034314809,school,55.89880791,-3.163266758
106,0.0002582200084507996,0.0002582200084507996,0.0005164400169015992,school,55.9120591,-3.25208321
107,0.00013533406249391047,0.00013533406249391047,0.00027066812498782093,school,55.90744961,-3.138053064
108,0.0019037881137844933,0.001328136145056641,0.003231924258841134,school,55.9547593,-3.11289202
109,0.001788681054491704,0.001788681054491704,0.003577362108983408,school,55.95226678,-3.251324577
110,0.00022050535264470274,0.00022050535264470274,0.00044101070528940547,school,55.93669416,-3.071220324
111,0.00022291633753293731,0.00022291633753293731,0.00044583267506587463,school,55.94487493,-3.305946297
112,0.00025269284746268824,0.00025269284746268824,0.0005053856949253765,school,55.9082668,-3.236722024
113,0.00018005495584514782,0.00018005495584514782,0.00036010991169029564,school,55.91130701,-3.229532705
114,0.0008977992420478986,0.0008977992420478986,0.0017955984840957971,school,55.86914414,-3.184162494
115,0.00023523425599609817,0.00023523425599609817,0.00047046851199219634,school,55.91590523,-3.280526468
116,0.00010609659616642696,0.00010609659616642696,0.00021219319233285391,school,55.90020311,-3.30266603
117,0.00018285618191882073,0.00018285618191882073,0.00036571236383764146,school,55.91981411,-3.293193881
118,0.000136309820965529,0.000136309820965529,0.000272619641931058,school,55.91732134,-3.290462532
119,0.008552087013838281,0.008552087013838281,0.017104174027676562,school,55.92905971,-3.202540868
120,0.00010105241275608445,0.00010105241275608445,0.0002021048255121689,school,55.94796102,-3.130809012
121,0.00037385887046895215,0.00037385887046895215,0.0007477177409379043,school,55.95143692,-3.301556681
122,0.23410047530206374,0.20429007980399147,0.4383905551060552,school,55.95171849,-3.177277892
123,0.01680465610806124,0.01488106222308633,0.03168571833114757,school,55.94913413,-3.185107078
124,0.029646055441167486,0.02091839406720535,0.050564449508372834,school,55.97662773,-3.195046258
125,0.06557407343309038,0.07360608464947577,0.13918015808256615,school,55.93837779,-3.187666428
126,0.0780677641228217,0.06125857101659174,0.13932633513941345,school,55.96093269,-3.221957867
127,0.0001927183192762856,0.0001927183192762856,0.0003854366385525712,school,55.96369494,-3.284965249
128,0.00019179723818793287,0.00019179723818793287,0.00038359447637586574,school,55.92545629,-3.166402291
129,0.013302379691530992,0.012438797874673375,0.025741177566204365,school,55.96078899,-3.205467915
130,0.11112973559272778,0.08958812512268585,0.20071786071541364,school,55.9594464,-3.207640299
131,0.00013967221421202223,0.00013967221421202223,0.00027934442842404445,school,55.96215765,-3.245534653
132,0.00038227814932642156,0.00038227814932642156,0.0007645562986528431,school,55.97160719,-3.159862063
133,0.00584172643022744,0.007155028794200844,0.012996755224428284,school,55.94339683,-3.206475218
134,0.0010255688976085156,0.0010255688976085156,0.0020511377952170313,school,55.96768089,-3.156771179
135,0.0001292954412692183,0.0001292954412692183,0.0002585908825384366,school,55.95613413,-3.16983825
136,0.14468898762359103,0.15193167409296723,0.29662066171655826,school,55.95951465,-3.187549931
137,0.024268916178521546,0.02242643538083963,0.04669535155936118,school,55.96019702,-3.179226226
138,0.0009141520755868229,0.0006282043737074323,0.0015423564492942554,school,55.95056387,-3.232223558
139,0.00024851122206946317,0.00024851122206946317,0.0004970224441389263,school,55.93540736,-3.23941739
140,0.0005990493530978065,0.0005990493530978065,0.001198098706195613,school,55.937273024999996,-3.2480775145000003
141,0.24487836693122933,0.32630014334373936,0.5711785102749687,school,55.93987686,-3.176298935
142,0.00015647017155662462,0.00015647017155662462,0.00031294034311324923,school,55.96382275,-3.269054738
143,0.031213492386280905,0.030043815212761567,0.06125730759904247,school,55.94214457,-3.22307097
144,0.029659284927981675,0.030361568538243438,0.06002085346622511,school,55.94357116,-3.236779124
145,0.00016256141411137722,0.00016256141411137722,0.00032512282822275444,school,55.96316577,-3.250866473
146,8.929876268263307e-05,8.929876268263307e-05,0.00017859752536526614,school,55.95535291,-3.262030079
147,0.00023820681798501772,0.00023820681798501772,0.00047641363597003544,school,55.96727536,-3.252134802
148,0.00019880434103566384,0.00019880434103566384,0.0003976086820713277,school,55.9682641,-3.254458022
149,0.00011092151604438075,0.00011092151604438075,0.0002218430320887615,school,55.91395516,-3.235772138
150,0.00022579028024171082,0.00022579028024171082,0.00045158056048342165,school,55.91223642,-3.23592587
151,0.00017730868700619669,0.00017730868700619669,0.00035461737401239337,school,55.96725872,-3.18027515
152,0.0005177873646095826,0.0005177873646095826,0.0010355747292191651,school,55.94144485,-3.063719212
153,0.00017667751242000284,0.00017667751242000284,0.00035335502484000567,school,55.93241252,-3.292128336
154,0.00018656401326817167,0.00018656401326817167,0.00037312802653634335,school,55.9309554,-3.28979464
155,0.00012160456346261706,0.00012160456346261706,0.0002432091269252341,school,55.9687977,-3.21302922
156,8.191827765059369e-05,8.191827765059369e-05,0.00016383655530118738,school,55.94080547,-3.285579093
157,0.00018681605508891514,0.00018681605508891514,0.0003736321101778303,school,55.91838857,-3.156812192
158,0.0029774294487170364,0.0036517105237403973,0.006629139972457433,school,55.94056121,-3.207184049
159,0.00046305953003060164,0.00046305953003060164,0.0009261190600612033,school,55.96982802,-3.30100596
160,0.0001434076907868467,0.0001434076907868467,0.0002868153815736934,school,55.97028183,-3.240852857
161,0.014579677118681446,0.014267868681202518,0.028847545799883963,school,55.9480121,-3.235913673
162,0.00021601487729676713,0.00021601487729676713,0.00043202975459353426,school,55.90653466,-3.284894681
163,0.0008883403932586262,0.0008883403932586262,0.0017766807865172525,school,55.91154247,-3.273782749
164,0.00047728957103894344,0.00047728957103894344,0.0009545791420778869,school,55.881138785000005,-3.148771011
165,0.1470278901446766,0.1305842447653426,0.27761213491001924,school,55.94082886,-3.21478528
166,0.0002059092634138545,0.0002059092634138545,0.000411818526827709,school,55.93061096,-3.262897333
167,0.00047915479670202,0.00047915479670202,0.00095830959340404,school,55.93865418,-3.050284657
168,8.071423681594031e-05,8.071423681594031e-05,0.00016142847363188062,school,55.89932727,-3.258609393
169,0.005089060330255765,0.00472273828224132,0.009811798612497084,school,55.94397547,-3.323401788
170,0.0004059208747747762,0.0004059208747747762,0.0008118417495495524,school,55.89939314,-3.049139994
171,0.0004891999399359359,0.0004891999399359359,0.0009783998798718718,school,55.88813581,-3.053585933
172,0.0008991422191399847,0.0008991422191399847,0.0017982844382799694,school,55.86575577,-3.106628824
173,0.0011354090382221294,0.0007802519326997329,0.0019156609709218625,school,55.95373887,-3.228833505
174,0.0021299511064859196,0.002484174114054319,0.004614125220540239,school,55.94695708,-3.220519383
175,9.83813827051775e-05,9.83813827051775e-05,0.000196762765410355,school,55.93807497,-3.295665977
176,0.00017383403703856418,0.00017383403703856418,0.00034766807407712836,school,55.93152417,-3.22360004
177,0.00013105506700105283,0.00013105506700105283,0.00026211013400210566,school,55.93040394,-3.241254213
178,0.00022290770167030362,0.00022290770167030362,0.00044581540334060724,school,55.93173592,-3.227789452
179,0.00023564469633532178,0.00023564469633532178,0.00047128939267064357,school,55.96002178,-3.290965344
180,0.00020476626535757443,0.00020476626535757443,0.00040953253071514885,school,55.86716074,-3.06307053
181,0.00040794030095477605,0.00040794030095477605,0.0008158806019095521,school,55.87215392,-3.114981173
182,0.0005847490169001917,0.0005847490169001917,0.0011694980338003834,school,55.87110158,-3.097989643
183,9.390888103221097e-05,9.390888103221097e-05,0.00018781776206442194,school,55.97032965,-3.179500191
184,0.05258380299044731,0.03710335532364396,0.08968715831409127,school,55.97646782,-3.193321542
185,0.00019495331208282498,0.00019495331208282498,0.00038990662416564997,school,55.92059846,-3.261141573
186,0.00019431357772874881,0.00019431357772874881,0.00038862715545749763,school,55.9207403,-3.262913481
187,0.0004243031901508853,0.0004243031901508853,0.0008486063803017706,school,55.9414007,-3.050314765
188,0.0004143827795013794,0.0004143827795013794,0.0008287655590027588,school,55.94165405,-3.046770649
189,0.0002915651942148415,0.0002915651942148415,0.000583130388429683,school,55.94459248,-3.052617328
190,0.00017987742468487188,0.00017987742468487188,0.00035975484936974375,school,55.90709217,-3.220054183
191,0.00042450489096011414,0.00042450489096011414,0.0008490097819202283,school,55.93504984,-3.08802746
192,0.00013724127309128263,0.00013724127309128263,0.00027448254618256526,school,55.87782572,-3.333888439
193,0.000133565640064998,0.000133565640064998,0.000267131280129996,school,55.87039668,-3.120422226
194,0.002070542639170872,0.002060287620978991,0.004130830260149863,school,55.93834902,-3.273254727
195,0.00010600209249658726,0.00010600209249658726,0.00021200418499317452,school,55.88018627,-3.099866139
196,0.00047274690504162895,0.00047274690504162895,0.0009454938100832579,school,55.86933027,-3.113129231
197,0.00011362258099320755,0.00011362258099320755,0.0002272451619864151,school,55.89131363,-3.070645343
198,0.0002672577041992776,0.0002672577041992776,0.0005345154083985552,school,55.97633449,-3.226294076
199,0.005523203366251659,0.005523203366251659,0.011046406732503318,school,55.89624825,-3.317754084
200,0.000213726865666133,0.00018273591619702125,0.0003964627818631543,school,55.97327187,-3.196682771
201,0.0002492163135341039,0.0002492163135341039,0.0004984326270682078,school,55.88019182,-3.153350777
202,0.03237470201965537,0.04120453467869943,0.07357923669835481,school,55.94346695,-3.19799807
203,0.0001919602032263512,0.0001919602032263512,0.0003839204064527024,school,55.90379681,-3.156031073
204,0.0002621898472706046,0.0002621898472706046,0.0005243796945412092,school,55.90472586,-3.155102142
205,0.0001822848699664376,0.0001822848699664376,0.0003645697399328752,school,55.87404306,-3.049227277
206,0.0001340229850754971,0.0001340229850754971,0.0002680459701509942,school,55.87466871,-3.047811515
207,8.622795725088972e-05,8.622795725088972e-05,0.00017245591450177944,school,55.94835438,-3.124384332
208,7.910564262766115e-05,7.910564262766115e-05,0.0001582112852553223,school,55.98347333,-3.192548074
209,0.009741104763293679,0.009630176609336783,0.019371281372630462,school,55.92844901,-3.205306897
210,0.0002589354241019375,0.0002589354241019375,0.000517870848203875,school,55.93061089,-3.145335471
211,0.027578446009060627,0.023375869898269522,0.05095431590733015,school,55.9468548,-3.18277252
212,0.0015167548247133138,0.0020570099585060218,0.003573764783219336,school,55.95349297,-3.205293741
213,0.035277994418819354,0.038794327229005734,0.0740723216478251,school,55.95434748,-3.221724778
214,0.00018369246673756947,0.00018369246673756947,0.00036738493347513893,school,55.87627535,-3.054638029
215,0.00017955075583843053,0.00017955075583843053,0.00035910151167686105,school,55.92793856,-3.121922357
216,0.12899878093092462,0.08993533257437943,0.21893411350530406,school,55.94404768,-3.097459898
217,0.00012185427447313934,0.00012185427447313934,0.00024370854894627868,university,55.9460305,-3.1922264
218,0.06793141393661051,0.07883875029806305,0.14677016423467354,university,55.910608554,-3.3223627579999997
219,8.51851788241036e-05,8.51851788241036e-05,0.0001703703576482072,university,55.86443943,-3.199993153
220,0.0004979713265755287,0.0004979713265755287,0.0009959426531510574,university,55.92003105,-3.130459795
221,0.05270094360121954,0.060192007060533216,0.11289295066175276,university,55.9227561,-3.174665806
222,0.04364495922731727,0.03778655424848367,0.08143151347580094,university,55.94382143,-3.18807738
223,0.024597720092626958,0.020407850949644514,0.04500557104227147,university,55.94842786,-3.183648715
224,0.0008487384974238873,0.0008487384974238873,0.0016974769948477745,university,55.91840635,-3.239711183
225,0.0485570795451175,0.06301008646329502,0.11156716600841252,university,55.94572217,-3.198643501
226,0.01065020793145774,0.011162200618273882,0.02181240854973162,university,55.93092459,-3.073969167
227,0.31105594169944834,0.42479321258649355,0.7358491542859419,university,55.947124470000006,-3.187131893
228,0.061769285887438165,0.05241637188145449,0.11418565776889265,university,55.94797712,-3.181016304
229,0.1334034691780147,0.1284612355918177,0.2618647047698324,university,55.94987261,-3.180667168
230,0.004031667935306603,0.0037198984837817626,0.007751566419088366,university,55.92443586,-3.288860806
231,0.02060788989759472,0.02060788989759472,0.04121577979518944,university,55.92316278,-3.187854614
232,0.020159619952670644,0.01977547740871037,0.03993509736138101,university,55.92217818,-3.13849509
233,0.027507376558480602,0.03962244461880176,0.06712982117728236,university,55.93322827,-3.214057585
234,0.00012525063374054331,0.00012525063374054331,0.00025050126748108663,university,55.94956238,-3.195170918
235,0.14291033531204397,0.13114024776571337,0.2740505830777573,university,55.9522114,-3.178399108
236,0.009935415016846463,0.012556984343229513,0.022492399360075976,university,55.94666041,-3.184553469
237,8.970650178320072e-05,8.970650178320072e-05,0.00017941300356640144,university,55.95488353,-3.196538197
238,8.47207964900632e-05,8.47207964900632e-05,0.0001694415929801264,university,55.94460062,-3.192729549
239,0.1949937094381968,0.25186200895582167,0.4468557183940185,university,55.94517079,-3.18693674
240,0.00010075728035395775,0.00010075728035395775,0.0002015145607079155,residential,55.9619568,-3.175409486
241,0.012225640642009549,0.01245303095887251,0.02467867160088206,residential,55.91043558,-3.318215975
242,0.28780375235074707,0.28780375235074707,0.5756075047014941,residential,55.953492340939924,-3.244977108646163
243,0.7442210648493849,0.7442210648493849,1.4884421296987698,residential,55.92543582890298,-3.191310383749921
244,0.0910970549400457,0.0910970549400457,0.1821941098800914,residential,55.967595557474915,-3.1581088926822742
245,0.2807672335816591,0.2807672335816591,0.5615344671633182,residential,55.94793006516682,-3.1124219049065776
246,0.0020424321934052235,0.0020424321934052235,0.004084864386810447,residential,55.92301261733334,-3.3290521299333333
247,0.12477353785199027,0.12015101961284429,0.24492455746483455,residential,55.95096779,-3.1796567095
248,0.09391419800647578,0.09391419800647578,0.18782839601295157,residential,55.92221913085663,-3.240009675553652
249,0.5282715432970905,0.48375038165675704,1.0120219249538476,residential,55.94263347533333,-3.1850513061333334
250,0.00017058008970334397,0.00017058008970334397,0.00034116017940668793,residential,55.88266915,-3.109815549
251,0.000178035525216149,0.000178035525216149,0.000356071050432298,residential,55.91117546,-3.312811017
252,0.0002813667201008613,0.0002813667201008613,0.0005627334402017226,residential,55.91409713,-3.145987436
253,0.00029259885695452793,0.00029259885695452793,0.0005851977139090559,residential,55.9091834,-3.150463886
254,0.00014905932265040075,0.00014905932265040075,0.0002981186453008015,residential,55.91173912,-3.173472794
255,0.0005953115679380221,0.0005953115679380221,0.0011906231358760442,residential,55.878089925,-3.1549930465
256,0.003287584987362044,0.003287584987362044,0.006575169974724088,residential,55.932466535555555,-3.2253433485555556
257,0.002280432432323201,0.002280432432323201,0.004560864864646402,residential,55.93022039583334,-3.123253460666666
258,0.021826622328956675,0.018133817683741445,0.03996044001269812,residential,55.97214283740386,-3.2014301609807694
259,0.47636172719493103,0.39585670805653894,0.8722184352514699,residential,55.97440816231359,-3.206316676909602
260,0.1576030974773555,0.15903312975604955,0.31663622723340507,residential,55.95771534655064,-3.1963861544588608
261,0.00275638488699149,0.00275638488699149,0.00551276977398298,residential,55.93054015999999,-3.1442763869999997
262,0.0018128553745515178,0.0018128553745515178,0.0036257107491030355,residential,55.93060816375,-3.139605142125
263,0.03740815957165399,0.04735057261817864,0.08475873218983263,residential,55.94359318,-3.194645599
264,0.001350053595654769,0.001350053595654769,0.002700107191309538,residential,55.914288265625004,-3.177271175375
265,0.0010577033706426328,0.0010577033706426328,0.0021154067412852656,residential,55.980663965000005,-3.22563085675
266,0.00911444292674276,0.00911444292674276,0.01822888585348552,residential,55.9744676877174,-3.2485789954456523
267,0.000493127247093813,0.000493127247093813,0.000986254494187626,residential,55.93065828,-3.1282261045
268,0.005676475392029787,0.004589731566166314,0.010266206958196102,residential,55.96568216,-3.195179864
269,0.00567464334868633,0.00567464334868633,0.01134928669737266,residential,55.90736724308823,-3.248652189294117
270,0.003974667709774828,0.003974667709774828,0.007949335419549656,residential,55.87059231666667,-3.1907934421111106
271,0.006940386282426392,0.01191464639258083,0.01885503267500722,residential,55.95300701,-3.177608089
272,0.00261099037243051,0.00261099037243051,0.00522198074486102,residential,55.91807299571428,-3.3184831904761904
273,0.00028559771782923264,0.00028559771782923264,0.0005711954356584653,residential,55.97710582,-3.2423063
274,0.001577685100054802,0.001577685100054802,0.003155370200109604,residential,55.97134694142858,-3.1923938317142855
275,0.1617129249208206,0.19529158347828174,0.35700450839910236,residential,55.96516214336898,-3.23598325526738
276,0.00019491206931982014,0.00019491206931982014,0.0003898241386396403,residential,55.9122052,-3.313597833
277,0.016502229617942458,0.016502229617942458,0.033004459235884916,residential,55.93911763375,-3.0961807162282606
278,0.000777890489022771,0.000777890489022771,0.001555780978045542,residential,55.978000178,-3.1796935166000004
279,0.10275447816804414,0.10707482203970735,0.20982930020775148,residential,55.96003116,-3.186133447
280,0.0037960759301104044,0.0037960759301104044,0.007592151860220809,residential,55.973404522500005,-3.1850410584999995
281,0.027222442051881963,0.027222442051881963,0.05444488410376393,residential,55.87089318932143,-3.181456915360714
282,0.3275604169480316,0.23871417532643088,0.5662745922744625,residential,55.9593336604762,-3.2112587530952386
283,0.8747663864576446,0.7128509981047428,1.5876173845623875,residential,55.96242546712418,-3.191200475594771
284,0.0040641546215897835,0.0040641546215897835,0.008128309243179567,residential,55.949721958750004,-3.2099855802999997
285,0.0012522177605718181,0.0012522177605718181,0.0025044355211436362,residential,55.928504848333326,-3.256813219333333
286,0.0017378243485889856,0.0017378243485889856,0.003475648697177971,residential,55.90002577444445,-3.1938985915
287,0.023705498376124234,0.030427791418785984,0.05413328979491022,residential,55.948006535714285,-3.205503036428571
288,0.1654203464124909,0.2000024924840092,0.36542283889650007,residential,55.947483538711666,-3.219720853343558
289,0.027357060801106736,0.02253896277392015,0.049896023575026885,residential,55.965196065,-3.17424227275
290,0.0008171720565898855,0.0008171720565898855,0.001634344113179771,residential,55.97802880375,-3.1662947050000003
291,0.000819929416459388,0.000819929416459388,0.001639858832918776,residential,55.91564072599999,-3.0888895662
292,0.0005709524725151373,0.0005709524725151373,0.0011419049450302745,residential,55.916502587500005,-3.06935503625
293,0.0003386517991076831,0.0003386517991076831,0.0006773035982153662,residential,55.915194404999994,-3.0786190055000002
294,0.00015367893762211946,0.00015367893762211946,0.0003073578752442389,residential,55.91708258,-3.075937979
295,0.00048033529940495106,0.00048033529940495106,0.0009606705988099021,residential,55.91118745,-3.1114231930000003
296,0.012987854736937303,0.012657427572030108,0.025645282308967413,residential,55.94245525749011,-3.2843557730778823
297,0.09098274034839024,0.0916784666860371,0.18266120703442734,residential,55.955447039090906,-3.2167730964162677
298,0.006607735542978849,0.006607735542978849,0.013215471085957699,residential,55.94887751438357,-3.2140761434931506
299,0.0005631236360812777,0.0005631236360812777,0.0011262472721625554,residential,55.95077609,-3.219759945
300,0.00012518917930093401,0.00012518917930093401,0.00025037835860186803,residential,55.97457629,-3.172755535
301,0.0011910319879510482,0.0008809917053271381,0.0020720236932781863,residential,55.975262285,-3.1675262865000002
302,0.08438680761171832,0.08438680761171832,0.16877361522343665,residential,55.9591152966763,-3.135910039183044
303,0.3752798891791788,0.3266645630468354,0.7019444522260142,residential,55.964376077142866,-3.1970079711904766
304,0.00013333299250995755,0.00013333299250995755,0.0002666659850199151,residential,55.9112676,-3.295770467
305,0.02363194605811759,0.0243579665099532,0.047989912568070794,residential,55.94290586,-3.237589657
306,0.013085574154477057,0.013977962493509587,0.027063536647986643,residential,55.944172654,-3.2192444789999994
307,0.00021032564108566256,0.00021032564108566256,0.0004206512821713251,residential,55.95972537,-3.163560731
308,0.06296330095358685,0.06296330095358685,0.1259266019071737,residential,55.93065658374999,-3.2018198878749997
309,0.23784049905588184,0.27736003950120086,0.5152005385570827,residential,55.9399857,-3.180749106
310,0.0018342258466255363,0.0018342258466255363,0.0036684516932510725,residential,55.9385865209091,-3.225182726954546
311,0.004334809434502459,0.004334809434502459,0.008669618869004919,residential,55.948003619999994,-3.3103047313157896
312,0.0007806195630722416,0.0007806195630722416,0.0015612391261444832,residential,55.9315149575,-3.2719690462499997
313,9.865130624295583e-05,7.366491066367387e-05,0.0001723162169066297,residential,55.93274717,-3.104446537
314,0.0016693415058481567,0.0016693415058481567,0.0033386830116963135,residential,55.96389263625,-3.27343858325
315,0.009491619991690875,0.009491619991690875,0.01898323998338175,residential,55.96572739096491,-3.180792629350877
316,0.009183250000141292,0.009183250000141292,0.018366500000282584,residential,55.930958914492756,-3.161535712072463
317,0.004950772689514192,0.005210539616488292,0.010161312306002484,residential,55.94678954,-3.250825599666667
318,0.00018590533098733172,0.00018590533098733172,0.00037181066197466343,residential,55.8859458,-3.3052578615
319,0.000204586101811086,0.000204586101811086,0.000409172203622172,residential,55.9255839,-3.157955961
320,0.0007496739338366111,0.0007496739338366111,0.0014993478676732222,residential,55.93645754666667,-3.1443249923333334
321,0.01732014900748037,0.01732014900748037,0.03464029801496074,residential,55.96586646842105,-3.309284231047847
322,0.002092503502856957,0.002092503502856957,0.004185007005713914,residential,55.96586837333333,-3.319036956666667
323,0.006612672551647598,0.006612672551647598,0.013225345103295197,residential,55.91447355,-3.0932838829230773
324,0.00011749633762273744,0.00011749633762273744,0.00023499267524547488,residential,55.92861452,-3.092706538
325,0.0004537545046352121,0.0004537545046352121,0.0009075090092704242,residential,55.92096499000001,-3.1015877020000002
326,0.00020547146609058503,0.00020547146609058503,0.00041094293218117006,residential,55.928812975,-3.090591108
327,0.0007181194250372812,0.0007181194250372812,0.0014362388500745624,residential,55.919504956666664,-3.103434846666667
328,0.00018568990932352965,0.00018568990932352965,0.0003713798186470593,residential,55.923942385000004,-3.0932988935
329,0.0018793755022346763,0.0018793755022346763,0.0037587510044693527,residential,55.882626302727274,-3.116689366727273
330,0.000665809380183216,0.000665809380183216,0.001331618760366432,residential,55.884277606666664,-3.115920919
331,0.0006122815971216254,0.0006122815971216254,0.0012245631942432507,residential,55.88321015333333,-3.1132896100000003
332,0.005188954133191053,0.005188954133191053,0.010377908266382106,residential,55.95530038477273,-3.164440702818182
333,0.00014812907174320596,0.00014812907174320596,0.0002962581434864119,residential,55.92628216,-3.272494398
334,0.08793430691216639,0.12244663340273175,0.21038094031489812,residential,55.965784604999996,-3.23240034825
335,0.006779668235677052,0.006779668235677052,0.013559336471354103,residential,55.928160590697665,-3.156293724860465
336,0.0009430679269257018,0.0009430679269257018,0.0018861358538514036,residential,55.935968540000005,-3.2419243633333337
337,0.005965277133956232,0.005965277133956232,0.011930554267912464,residential,55.92829258947368,-3.2643530366315794
338,0.002897217664771621,0.002897217664771621,0.005794435329543242,residential,55.931578346842095,-3.264045504894737
339,0.00041813648325990567,0.00041813648325990567,0.0008362729665198113,residential,55.93269900666667,-3.266715122333333
340,0.0003775106105486043,0.0003775106105486043,0.0007550212210972086,residential,55.93381169666666,-3.2643296599999996
341,1.4608217030287522,0.9210668242390057,2.381888527267758,residential,55.95682664954954,-3.1204002265495503
342,0.006455846129766983,0.006648380069506193,0.013104226199273176,residential,55.961531168823534,-3.313660637
343,0.004540714124702188,0.0048172223512787035,0.00935793647598089,residential,55.96080747714286,-3.3078546014285712
344,0.08622038271968818,0.08622038271968818,0.17244076543937636,residential,55.89611792465162,-3.3196648366741903
345,0.0016371761823577198,0.0016371761823577198,0.0032743523647154396,residential,55.89239838,-3.321131692
346,0.004227038120874505,0.004227038120874505,0.00845407624174901,residential,55.89322143,-3.3190986694999998
347,0.001083915746710287,0.001083915746710287,0.002167831493420574,residential,55.89081632,-3.324477672
348,9.962188127718071e-05,9.962188127718071e-05,0.00019924376255436141,residential,55.93125506,-3.044855969
349,0.010626784055980366,0.010626784055980366,0.021253568111960733,residential,55.939967657,-3.0513996108
350,0.0003105762774830013,0.0003105762774830013,0.0006211525549660025,residential,55.896490623333335,-3.1129761190000003
351,0.0006422200526035855,0.0006422200526035855,0.001284440105207171,residential,55.900722048,-3.1262830578
352,0.00019136455385306816,0.00019136455385306816,0.00038272910770613633,residential,55.92485758,-3.318514058
353,0.0033091140077038984,0.0030037962163048898,0.006312910224008789,residential,55.9261403,-3.31670715
354,0.0004564707255033219,0.0004564707255033219,0.0009129414510066438,residential,55.91180946666666,-3.3110034046666663
355,0.0003744798710945175,0.0003744798710945175,0.000748959742189035,residential,55.8937015025,-3.306979386
356,0.00016336063670554,0.00016336063670554,0.00032672127341108,residential,55.8780184,-3.33126563
357,0.0001604697745115958,0.0001604697745115958,0.0003209395490231916,residential,55.87750456,-3.329347057
358,0.00012938005728559045,0.00012938005728559045,0.0002587601145711809,residential,55.87690224,-3.326148113
359,9.898826482580868e-05,9.898826482580868e-05,0.00019797652965161737,residential,55.88929684,-3.323178972
360,9.993777487957556e-05,9.993777487957556e-05,0.00019987554975915112,residential,55.87042742,-3.332899694
361,0.0030617334056993995,0.0030617334056993995,0.006123466811398799,residential,55.96679980766666,-3.2627937184333335
362,0.09815256310291975,0.10359699031231849,0.20174955341523826,residential,55.94081509666666,-3.225089560666667
363,0.0003361991397078565,0.0003361991397078565,0.000672398279415713,residential,55.905729175,-3.04660145675
364,0.006134674628490485,0.005644933782311425,0.01177960841080191,residential,55.93858088,-3.329165851
365,0.000289233750862222,0.000289233750862222,0.000578467501724444,residential,55.94655431,-3.317551372
366,0.00017425318635328572,0.00017425318635328572,0.00034850637270657144,residential,55.9485824,-3.323996128
367,0.005235170585817918,0.00484751858821733,0.010082689174035249,residential,55.94676679,-3.327304686
368,0.19029219007171178,0.2596946222160808,0.4499868122877926,residential,55.94673936,-3.18744524
369,0.00028184519321120465,0.00028184519321120465,0.0005636903864224093,residential,55.91713253,-3.099520881
370,0.00098493270685785,0.00098493270685785,0.0019698654137157,residential,55.91168132399999,-3.0861369492
371,0.0003414963631241319,0.0003414963631241319,0.0006829927262482638,residential,55.88812283000001,-3.143922214
372,0.0002451463412424439,0.0002451463412424439,0.0004902926824848878,residential,55.88388237,-3.1443401499999997
373,0.00028629965694073597,0.00028629965694073597,0.0005725993138814719,residential,55.907320285,-3.0861381765
374,0.10660362875649174,0.11453834976528492,0.22114197852177664,residential,55.943453574,-3.2012379175999994
375,0.0007183010715080686,0.0007183010715080686,0.0014366021430161373,residential,55.864622455,-3.1863167294999997
376,0.02224851093279743,0.02128608064642817,0.043534591579225596,residential,55.962866635,-3.2045668725
377,0.001116794987907268,0.001116794987907268,0.002233589975814536,residential,55.962552100714284,-3.208313215642857
378,0.04422619487728891,0.03391017366978204,0.07813636854707096,residential,55.95705883000001,-3.2113837050000003
379,0.0010223966488892321,0.0010223966488892321,0.0020447932977784643,residential,55.96708741857142,-3.2304496965714287
380,0.050268641302306,0.050268641302306,0.100537282604612,residential,55.94981046837697,-3.144883265715532
381,0.0011771086283330874,0.0011771086283330874,0.002354217256666175,residential,55.897285499999995,-3.0528476854999997
382,0.007947769975555297,0.007947769975555297,0.015895539951110593,residential,55.868634311666675,-3.09367613275
383,0.0012495236109321623,0.0012495236109321623,0.0024990472218643246,residential,55.86563769,-3.0908685030000003
384,0.3106974278765193,0.2502461627368091,0.5609435906133284,residential,55.95794252,-3.2077268620000003
385,0.0001519926723323425,0.0001519926723323425,0.000303985344664685,residential,55.91927449,-3.291535499
386,0.0009089343529156155,0.0009089343529156155,0.001817868705831231,residential,55.962574565,-3.15473394025
387,0.004839998974106075,0.004839998974106075,0.00967999794821215,residential,55.96393828575757,-3.1481836118484847
388,0.00019016328157652043,0.00019016328157652043,0.00038032656315304086,residential,55.90273505,-3.282207799
389,0.02852290570056681,0.02852290570056681,0.05704581140113362,residential,55.90917823728097,-3.2652883916797584
390,0.0005152170406371871,0.0005152170406371871,0.0010304340812743742,residential,55.96123076,-3.1530148540000003
391,0.002379208638208915,0.002379208638208915,0.00475841727641783,residential,55.922867150714296,-3.066166622035714
392,0.0027582896328219495,0.0027582896328219495,0.005516579265643899,residential,55.913567667894746,-3.0826493121578946
393,0.004059348590191944,0.004059348590191944,0.008118697180383888,residential,55.87828647954546,-3.1457709014545454
394,0.0024351769988643413,0.0024351769988643413,0.004870353997728683,residential,55.92531825166666,-3.262674435111111
395,0.003445160021936552,0.003445160021936552,0.006890320043873104,residential,55.922550817428565,-3.2846406419142866
396,8.586375660525763e-05,8.586375660525763e-05,0.00017172751321051525,residential,55.9265007,-3.22416375
397,0.052037839800677235,0.057224921361616554,0.10926276116229379,residential,55.95463169,-3.224983012
398,0.004123171728475715,0.004123171728475715,0.00824634345695143,residential,55.93153406521738,-3.2386178707826083
399,0.00417794274613276,0.00417794274613276,0.00835588549226552,residential,55.920214054999995,-3.2986122865416667
400,0.0003695960149330305,0.0003695960149330305,0.000739192029866061,residential,55.8781857,-3.185140815
401,0.001738784699153087,0.001738784699153087,0.003477569398306174,residential,55.8768305275,-3.18216749425
402,0.0003309817998806907,0.0003309817998806907,0.0006619635997613814,residential,55.87458635,-3.193321713
403,0.00033288917837814624,0.00033288917837814624,0.0006657783567562925,residential,55.866482932500006,-3.1976668022499997
404,0.0020284204181019185,0.0020284204181019185,0.004056840836203837,residential,55.868512669999994,-3.171718455
405,8.333753190820604e-05,8.333753190820604e-05,0.0001666750638164121,residential,55.865658,-3.171471831
406,0.0004018518371753312,0.0004018518371753312,0.0008037036743506623,residential,55.86688612,-3.173675591
407,0.0002552389870776154,0.0002552389870776154,0.0005104779741552308,residential,55.9352099,-3.234794041
408,0.003508290050526094,0.003508290050526094,0.007016580101052188,residential,55.91300607631579,-3.149572850052632
409,0.00020718809711740315,0.00020718809711740315,0.0004143761942348063,residential,55.90736082,-3.160519651
410,0.004253724801688474,0.004253724801688474,0.008507449603376948,residential,55.90623136894736,-3.1479255851315786
411,0.0017552362446588694,0.0017552362446588694,0.003510472489317739,residential,55.90469639333333,-3.138492172666667
412,0.0009166824151585505,0.0009166824151585505,0.001833364830317101,residential,55.90488219999999,-3.1292444215714283
413,0.00024947465562660104,0.00024947465562660104,0.0004989493112532021,residential,55.97188394333333,-3.3272712406666667
414,9.003694382433134e-05,9.003694382433134e-05,0.00018007388764866268,residential,55.9710812,-3.325888112
415,0.3150296745094658,0.3298891568146241,0.6449188313240899,residential,55.9703200325,-3.332974671
416,0.07892497794665458,0.0826098430840237,0.1615348210306783,residential,55.97188229,-3.331672139
417,0.0009111731211016884,0.0009111731211016884,0.0018223462422033768,residential,55.903470568,-3.1732605474000004
418,0.0009175200306186837,0.0009175200306186837,0.0018350400612373674,residential,55.965574016666665,-3.1639642313333334
419,0.00016373742602166633,0.00016373742602166633,0.00032747485204333266,residential,55.90503091,-3.176205123
420,0.0015549274320286791,0.0015549274320286791,0.0031098548640573582,residential,55.9060684,-3.1533511978571434
421,0.14224417947804807,0.12447239968233202,0.2667165791603801,residential,55.947569575,-3.196849265
422,8.097667092382656e-05,8.097667092382656e-05,0.00016195334184765313,residential,55.9653462,-3.172053077
423,0.0004375454016805726,0.0004375454016805726,0.0008750908033611452,residential,55.906553815,-3.1558540885
424,0.00011629560536512909,0.00011629560536512909,0.00023259121073025818,residential,55.94948431,-3.196266305
425,0.01300011820001485,0.01300011820001485,0.0260002364000297,residential,55.90135820049383,-3.138347281358025
426,0.00017483628044546562,0.00017483628044546562,0.00034967256089093123,residential,55.90483664,-3.136445949
427,0.002597046744928499,0.002597046744928499,0.005194093489856998,residential,55.93905593,-3.0578998325
428,0.009546943513550551,0.009546943513550551,0.019093887027101103,residential,55.93385803538462,-3.2310504816153838
429,0.09354360474293263,0.12143847432450737,0.21498207906744,residential,55.958859511111115,-3.1827472294444443
430,0.028806397310548165,0.028806397310548165,0.05761279462109633,residential,55.89318725191275,-3.0526224270167783
431,0.00011584372645836597,0.00011584372645836597,0.00023168745291673193,residential,55.86408648,-3.070799013
432,0.0004329275272398173,0.0004329275272398173,0.0008658550544796346,residential,55.8746125,-3.068093334
433,0.00022007125117248837,0.00022007125117248837,0.00044014250234497673,residential,55.87592308,-3.068734799
434,0.24382429784366477,0.22430677506413305,0.4681310729077978,residential,55.95801446800001,-3.1751069409
435,0.00231229405658222,0.00231229405658222,0.00462458811316444,residential,55.90119848285715,-3.1643583830476185
436,0.26217230024688,0.3575069270273001,0.61967922727418,residential,55.94098049,-3.174833919
437,0.30385512831770645,0.42117440117983107,0.7250295294975375,residential,55.9413755,-3.173042751
438,0.0012581493391393495,0.0012581493391393495,0.002516298678278699,residential,55.9591752775,-3.16911929275
439,0.002288317857304445,0.002288317857304445,0.00457663571460889,residential,55.960860525,-3.171013886
440,0.0009138921458418795,0.0009138921458418795,0.001827784291683759,residential,55.96152251666666,-3.1683441736666667
441,0.00010467268248220214,0.00010467268248220214,0.0002093453649644043,residential,55.9635063,-3.170440337
442,0.0033845689197164975,0.0033845689197164975,0.006769137839432995,residential,55.93580032375,-3.087558378625
443,0.0004884449387260604,0.0004884449387260604,0.0009768898774521208,residential,55.93508176,-3.091158682
444,0.0002556257571905728,0.0002556257571905728,0.0005112515143811456,residential,55.912939035,-3.119760054
445,0.00022018306826338156,0.00022018306826338156,0.0004403661365267631,residential,55.91298418,-3.115164222
446,0.0001582112852553042,0.0001582112852553042,0.0003164225705106084,residential,55.903236975,-3.3305596289999997
447,0.18290814828111648,0.29342019268945774,0.4763283409705742,residential,55.936654145,-3.209054508
448,0.0063479540359766655,0.0063479540359766655,0.012695908071953331,residential,55.90481570857143,-3.285899198547619
449,0.0028508317162163495,0.0028508317162163495,0.005701663432432699,residential,55.904951482272736,-3.2775917913636365
450,0.05826220162258929,0.09869535164225383,0.15695755326484312,residential,55.945330215,-3.1956709805
451,0.001132857652427959,0.001132857652427959,0.002265715304855918,residential,55.864144800000005,-3.0900137
452,0.0010006383523894255,0.0010006383523894255,0.002001276704778851,residential,55.86546799,-3.0879767165
453,0.00021515347848008763,0.00021515347848008763,0.00043030695696017526,residential,55.95862696,-3.171429835
454,0.00287070426917626,0.00287070426917626,0.00574140853835252,residential,55.918810061333346,-3.2823125186666666
455,0.0006838663214686375,0.0006838663214686375,0.001367732642937275,residential,55.92063842666666,-3.2777318463333334
456,0.0002757160610987011,0.0002757160610987011,0.0005514321221974022,residential,55.91914935,-3.279072965
457,0.0006862218488654505,0.0006862218488654505,0.001372443697730901,residential,55.91793221333333,-3.2769115336666665
458,0.0006137038766851399,0.0006137038766851399,0.0012274077533702798,residential,55.916655090000006,-3.284238867666667
459,0.020645196624692125,0.020645196624692125,0.04129039324938425,residential,55.912172295000005,-3.2713981787727264
460,0.002351640555388041,0.002351640555388041,0.004703281110776082,residential,55.913602819090904,-3.278389717
461,0.000783073083907439,0.000783073083907439,0.001566146167814878,residential,55.91326162,-3.273608407
462,0.0007878361219006654,0.0007878361219006654,0.0015756722438013309,residential,55.91173813,-3.27612026
463,0.0007778070557972489,0.0007778070557972489,0.0015556141115944978,residential,55.91255628,-3.275080053
464,0.001915285612214498,0.001915285612214498,0.003830571224428996,residential,55.921751471250005,-3.280277951625
465,0.002155026741792345,0.002155026741792345,0.00431005348358469,residential,55.92562258125,-3.2819077319999996
466,0.0054371407352788665,0.0054371407352788665,0.010874281470557733,residential,55.92969547416667,-3.2822886180000004
467,0.0008363020333144476,0.0008363020333144476,0.0016726040666288952,residential,55.96007399333333,-3.149543793
468,0.0005169705293126118,0.0005169705293126118,0.0010339410586252236,residential,55.9544963,-3.1534584
469,0.27284329877628816,0.4409571926127372,0.7138004913890253,residential,55.9376034625,-3.2024446422499997
470,0.9850522385793601,1.3587139134911361,2.343766152070496,residential,55.93848255611111,-3.1995846586111107
471,0.12372295990123926,0.11999263391245411,0.24371559381369337,residential,55.95460220500001,-3.1708138
472,0.00020052405658799088,0.00020052405658799088,0.00040104811317598176,residential,55.95602187,-3.161463814
473,0.005416135930547296,0.005416135930547296,0.010832271861094592,residential,55.93603822863636,-3.2455208473181827
474,0.043288331337782246,0.06553230231275858,0.10882063365054083,residential,55.93655392,-3.196995058
475,0.0005653710505671494,0.0005653710505671494,0.0011307421011342988,residential,55.97272983,-3.167137733666667
476,0.0003066444650665768,0.0003066444650665768,0.0006132889301331536,residential,55.97354867,-3.165947248
477,0.00027239422036413587,0.00021999360550972654,0.0004923878258738624,residential,55.97582079,-3.169036413
478,0.00022315161028686447,0.00022315161028686447,0.00044630322057372893,residential,55.96285142,-3.165961558
479,0.003952609597185753,0.003952609597185753,0.007905219194371507,residential,55.97504558260868,-3.302293060152174
480,0.0007197397560839329,0.0007197397560839329,0.0014394795121678659,residential,55.9740073925,-3.2895118642499996
481,0.00023926533606102832,0.00023926533606102832,0.00047853067212205665,residential,55.87993943,-3.080615819
482,0.0004933758266240798,0.0004933758266240798,0.0009867516532481597,residential,55.878728075,-3.081148044
483,0.0008224181005646429,0.0008224181005646429,0.0016448362011292857,residential,55.86469961125,-3.06617650425
484,0.00020140407949049738,0.00020140407949049738,0.00040280815898099476,residential,55.97225654,-3.162214934
485,0.0006484904880463436,0.0006484904880463436,0.0012969809760926872,residential,55.88747399499999,-3.19748110575
486,0.0011238031043926248,0.0011238031043926248,0.0022476062087852496,residential,55.89500797125,-3.20308606725
487,0.00041338499531680205,0.00041338499531680205,0.0008267699906336041,residential,55.88595930666667,-3.182469068333333
488,0.000850006083050109,0.000850006083050109,0.001700012166100218,residential,55.88559857,-3.1932537539999997
489,0.00030698620807938904,0.00030698620807938904,0.0006139724161587781,residential,55.883885945,-3.183202099
490,0.0003695180817214902,0.0003695180817214902,0.0007390361634429804,residential,55.885189915,-3.1894753409999996
491,0.0004969464438011163,0.0004969464438011163,0.0009938928876022325,residential,55.88472233000001,-3.187116054
492,0.00014777000103798415,0.00014777000103798415,0.0002955400020759683,residential,55.88396304,-3.178313514
493,0.0005049738005236796,0.0005049738005236796,0.0010099476010473592,residential,55.882476274999995,-3.177912077
494,0.0026027162025563577,0.0026027162025563577,0.005205432405112715,residential,55.9682041345,-3.1778181845499995
495,0.0007713266230658456,0.0007713266230658456,0.0015426532461316911,residential,55.86776049714286,-3.1303066278571423
496,0.0003699545455953894,0.0003699545455953894,0.0007399090911907789,residential,55.86647714,-3.1355083765
497,0.0005163816795796535,0.0005163816795796535,0.001032763359159307,residential,55.86528796666667,-3.133552762333333
498,0.00013239450877479433,0.00013239450877479433,0.00026478901754958866,residential,55.87053067,-3.13895891
499,0.0013601070723003826,0.0011545601502499613,0.002514667222550344,residential,55.967666475,-3.1751021505
500,0.0007517603705496441,0.0007517603705496441,0.0015035207410992882,residential,55.97017622333334,-3.1805843683333332
501,0.0001299664972604552,0.0001299664972604552,0.0002599329945209104,residential,55.89213254,-3.156333906
502,0.0002765228507886611,0.0002765228507886611,0.0005530457015773222,residential,55.89441042,-3.1580257119999997
503,0.002286147518986522,0.002286147518986522,0.004572295037973044,residential,55.89404848,-3.1624350872
504,0.1287139357343169,0.08836949233896879,0.21708342807328568,residential,55.971026011428556,-3.1734124264285706
505,8.966163722292912e-05,8.94703049607879e-05,0.00017913194218371702,residential,55.96620976153846,-3.1915609599230765
506,0.0005102889634063145,0.0005102889634063145,0.001020577926812629,residential,55.968474677500005,-3.187992703
507,0.00014821911176066767,0.00014821911176066767,0.00029643822352133533,residential,55.96953775,-3.19001115
508,0.00420855452030045,0.00420855452030045,0.0084171090406009,residential,55.927690368499995,-3.2768231098
509,0.00047975609597365065,0.00047975609597365065,0.0009595121919473013,residential,55.97149496,-3.1785278555
510,0.0011578148619237182,0.0011578148619237182,0.0023156297238474365,residential,55.94071795461538,-3.2970224126923076
511,0.00026450850949185484,0.00026450850949185484,0.0005290170189837097,residential,55.9595756,-3.172035831
512,0.07290015445902646,0.07767179760192267,0.15057195206094914,residential,55.945968259999994,-3.2049447962000004
513,0.06888037792358773,0.06677483590124032,0.13565521382482804,residential,55.954210398,-3.1742025764
514,0.003490252742248208,0.003490252742248208,0.006980505484496416,residential,55.91244345185186,-3.281573404962963
515,0.0005830051409309707,0.0005830051409309707,0.0011660102818619414,residential,55.90871925,-3.24710835
516,0.020679898947945894,0.020679898947945894,0.04135979789589179,residential,55.91033234021739,-3.231756335978261
517,0.005469081011233615,0.005469081011233615,0.01093816202246723,residential,55.956073303000004,-3.28344709234
518,0.09563492479699771,0.09965188252866637,0.19528680732566409,residential,55.946198530000004,-3.199939619333333
519,0.02321625178348161,0.024730295684281464,0.04794654746776307,residential,55.95016109611111,-3.224309201444444
520,0.32033988494248283,0.37579569563459203,0.6961355805770748,residential,55.9426435075,-3.18171843825
521,0.00016181182049994656,0.00016181182049994656,0.0003236236409998931,residential,55.943911555,-3.1778465110000003
522,0.4799443191494909,0.49239596513038075,0.9723402842798716,residential,55.944112131428575,-3.236726238714285
523,0.0011113669609080941,0.0011113669609080941,0.0022227339218161882,residential,55.91956018428572,-3.2668217534285717
524,0.000507880158825537,0.000507880158825537,0.001015760317651074,residential,55.923019967500004,-3.25297638625
525,0.0033313688930092056,0.0033313688930092056,0.006662737786018411,residential,55.88865004043479,-3.081816294086956
526,0.00016229526365951722,0.00016229526365951722,0.00032459052731903445,residential,55.87323896,-3.082634111
527,0.0002771087641700188,0.0002771087641700188,0.0005542175283400376,residential,55.871517839999996,-3.0793510069999996
528,0.000535203218693185,0.000535203218693185,0.00107040643738637,residential,55.87393061666666,-3.0805345010000003
529,0.00013761295604370477,0.00013761295604370477,0.00027522591208740954,residential,55.90975489,-3.139883125
530,0.01199200588709352,0.01199200588709352,0.02398401177418704,residential,55.8964728245652,-3.1443177073695647
531,0.00019486905872305219,0.00019486905872305219,0.00038973811744610437,residential,55.92056076,-3.307763153
532,0.00021573970047049097,0.00021573970047049097,0.00043147940094098193,residential,55.9372271,-3.236149
533,0.0017510446513445122,0.0017510446513445122,0.0035020893026890243,residential,55.96547589055555,-3.2199091795555552
534,0.19239512245449858,0.1357675653350752,0.3281626877895738,residential,55.97593334857144,-3.1955597402857143
535,0.008350275168777508,0.0071348330865242905,0.015485108255301798,residential,55.97437063447368,-3.197193217342105
536,0.00046045448613809214,0.00046045448613809214,0.0009209089722761843,residential,55.97780416333333,-3.211194153333333
537,0.0001361405493699103,0.0001361405493699103,0.0002722810987398206,residential,55.97660125,-3.211028825
538,0.020379735903179135,0.020206201645379115,0.04058593754855825,residential,55.920743755000004,-3.142349241
539,0.0011148429791281943,0.0011148429791281943,0.0022296859582563886,residential,55.92498354666666,-3.321974429166666
540,0.0007300946655962405,0.0007300946655962405,0.001460189331192481,residential,55.97974672555556,-3.215178404111111
541,0.034850559466936076,0.03595119964850208,0.07080175911543815,residential,55.971664255714295,-3.307316104285714
542,0.00035875167276050305,0.00035875167276050305,0.0007175033455210061,residential,55.97271044,-3.304359074
543,0.0002764766515809052,0.0002764766515809052,0.0005529533031618105,residential,55.93143316,-3.156899911
544,0.001788612350738309,0.001788612350738309,0.003577224701476618,residential,55.88273620933333,-3.1247205351333336
545,0.00015816397326615195,0.00015816397326615195,0.0003163279465323039,residential,55.88133172,-3.139747358
546,0.013462322998931549,0.013462322998931549,0.026924645997863098,residential,55.8844501614433,-3.081875001402062
547,0.003080645549859446,0.003080645549859446,0.006161291099718892,residential,55.95412249799999,-3.3007821083000004
548,0.45443821738054146,0.37968575566072954,0.8341239730412711,residential,55.97895949,-3.300853126
549,0.5440579163282886,0.4545498937946536,0.9986078101229422,residential,55.97965611,-3.302102416
550,0.0007922630114513109,0.0007922630114513109,0.0015845260229026218,residential,55.92724764,-3.2684963472499997
551,0.01205719517168661,0.01205719517168661,0.02411439034337322,residential,55.931548680441175,-3.2462599474705875
552,0.0004550413662414142,0.0005756361299520624,0.0010306774961934765,residential,55.926934758333324,-3.2511887303333338
553,0.013476791712866679,0.013476791712866679,0.026953583425733358,residential,55.86548049337748,-3.1003974275695363
554,0.005385850223600632,0.009216535235481091,0.014602385459081723,residential,55.9091297,-3.332449479
555,0.005291032676831155,0.005291032676831155,0.01058206535366231,residential,55.87096590828572,-3.059184998085714
556,0.00010826432012524396,0.00010826432012524396,0.00021652864025048792,residential,55.96553525,-3.291955212
557,0.007126378951013869,0.007348324461715437,0.014474703412729308,residential,55.96803091,-3.308557813
558,0.1277685282904238,0.1319957231121414,0.2597642514025652,residential,55.969609027999994,-3.3087039704999994
559,0.0006024935435431115,0.0006024935435431115,0.001204987087086223,residential,55.90185022,-3.265406669
560,0.00040072291586955674,0.00040072291586955674,0.0008014458317391135,residential,55.90162124,-3.26891050975
561,0.0007214968433819596,0.0007214968433819596,0.0014429936867639192,residential,55.90324653,-3.268285337
562,0.0024679913591743167,0.0024679913591743167,0.004935982718348633,residential,55.90413731578946,-3.228107013631579
563,0.0036482919060378915,0.0036482919060378915,0.007296583812075783,residential,55.90488754611111,-3.235733497055555
564,0.003947649289163124,0.003947649289163124,0.007895298578326248,residential,55.90747170038462,-3.2222085918461536
565,0.00021716839140747404,0.00021716839140747404,0.0004343367828149481,residential,55.90238442,-3.286901059
566,0.00038558089398465774,0.00038558089398465774,0.0007711617879693155,residential,55.899934523333336,-3.294050192666667
567,0.00010634371737070286,0.00010634371737070286,0.00021268743474140572,residential,55.89911216,-3.298195171
568,0.006277301129656907,0.006277301129656907,0.012554602259313813,residential,55.922565186,-3.2495905848999995
569,0.008620731029982339,0.008620731029982339,0.017241462059964678,residential,55.96671914771429,-3.242193913571429
570,0.0011182482593546958,0.0011182482593546958,0.0022364965187093916,residential,55.930423923333336,-3.2526222610000004
571,0.0004006787464340769,0.0004006787464340769,0.0008013574928681538,residential,55.91772354799999,-3.2256787162
572,0.02544813430911247,0.02544813430911247,0.05089626861822494,residential,55.917733050950226,-3.259906927131222
573,0.0033573239353721232,0.0033573239353721232,0.0067146478707442465,residential,55.93001672625,-3.2585832034375
574,0.00017957619922096595,0.00017957619922096595,0.0003591523984419319,residential,55.89739076,-3.204313234
575,0.011335041464997477,0.011335041464997477,0.022670082929994954,residential,55.88039267405797,-3.0735944671449276
576,0.009301981343384,0.009301981343384,0.018603962686768,residential,55.87716080453125,-3.078082676203125
577,0.11436792897944714,0.11984764391054502,0.23421557288999217,residential,55.93283055346153,-3.0683060755769227
578,0.0011140181837533821,0.0011140181837533821,0.0022280363675067642,residential,55.910363258000004,-3.2294303001999998
579,0.0008502414852871483,0.0008502414852871483,0.0017004829705742966,residential,55.91598464,-3.1313360058
580,0.006420416287425966,0.006420416287425966,0.012840832574851932,residential,55.955672962499996,-3.1436172305
581,0.005574714261672677,0.00504995915305537,0.010624673414728048,residential,55.94486147,-3.068842899
582,0.0029674824785682423,0.003193784244877191,0.006161266723445433,residential,55.961617105,-3.3046120895
583,0.00017617551831586325,0.00017617551831586325,0.0003523510366317265,residential,55.9076004,-3.22042395
584,0.003672877789143283,0.003672877789143283,0.007345755578286566,residential,55.910323077499996,-3.2744884919999997
585,0.0015588784279946116,0.0015588784279946116,0.0031177568559892233,residential,55.94912025,-3.1346489366666668
586,0.00030020835693733786,0.00030020835693733786,0.0006004167138746757,residential,55.9375902,-3.24243135
587,0.00022257173344605578,0.00022257173344605578,0.00044514346689211156,residential,55.9383479,-3.1224472089999997
588,0.0001062106883215903,0.0001062106883215903,0.0002124213766431806,residential,55.93968533,-3.121979261
589,0.0005495681878255325,0.0005495681878255325,0.001099136375651065,residential,55.937049314999996,-3.240736385
590,0.036214533324585345,0.02500444068705666,0.061218974011642,residential,55.97121649,-3.1697478795
591,0.0005022948249728291,0.0004367334133784992,0.0009390282383513283,residential,55.972977805,-3.19310506
592,0.0031728676656984658,0.0031728676656984658,0.0063457353313969315,residential,55.952546485,-3.1403802890000003
593,0.001613707007701555,0.001613707007701555,0.00322741401540311,residential,55.92901099333333,-3.2417316379999996
594,0.007390245182757976,0.007390245182757976,0.014780490365515951,residential,55.96695627538462,-3.2496093645769233
595,0.001810703288706503,0.001810703288706503,0.003621406577413006,residential,55.96305685615384,-3.247994233615384
596,0.0008313316228897332,0.0008313316228897332,0.0016626632457794664,residential,55.971992965,-3.1872349939999998
597,0.0012880944635900121,0.0012880944635900121,0.0025761889271800243,residential,55.97262246,-3.1802448979999998
598,0.06389778160593579,0.08088978017897248,0.14478756178490826,residential,55.95573775333333,-3.1914292356666665
599,0.0003988217304720582,0.0003988217304720582,0.0007976434609441164,residential,55.948689035,-3.2992912705000004
600,0.00031851333766085325,0.00031851333766085325,0.0006370266753217065,residential,55.960042225,-3.1562399990000003
601,0.00018309797175477562,0.00018309797175477562,0.00036619594350955124,residential,55.97048684,-3.189657847
602,0.00011634789208729096,0.00011634789208729096,0.00023269578417458193,residential,55.92500144,-3.257394219
603,0.0001681553403364195,0.0001681553403364195,0.000336310680672839,residential,55.92422666,-3.259136823
604,0.00016586414612151555,0.00016586414612151555,0.0003317282922430311,residential,55.972363099999995,-3.175318312
605,0.0017942834454430145,0.0017942834454430145,0.003588566890886029,residential,55.913890345,-3.2585547645
606,0.0004895493048004602,0.0004895493048004602,0.0009790986096009204,residential,55.912678639999996,-3.2517507695
607,0.009909341906845923,0.008809387383699869,0.018718729290545792,residential,55.95655412,-3.243239944
608,0.0007249935067850569,0.0007249935067850569,0.0014499870135701138,residential,55.90728343,-3.226301817
609,0.0007156130667606214,0.0007156130667606214,0.0014312261335212427,residential,55.966864173333335,-3.1481714076666667
610,0.0008584075641564021,0.0008584075641564021,0.0017168151283128042,residential,55.97653535999999,-3.2400065856666664
611,0.003913949873518372,0.003913949873518372,0.007827899747036744,residential,55.97842164,-3.2316633436666664
612,0.0004390982432626482,0.0004390982432626482,0.0008781964865252964,residential,55.97744157,-3.23361583
613,0.0011781169375429956,0.0011781169375429956,0.002356233875085991,residential,55.970221069000004,-3.2274415377000003
614,0.00035906883444067035,0.00035906883444067035,0.0007181376688813407,residential,55.968016829999996,-3.2260768745
615,0.000182841602356353,0.000182841602356353,0.000365683204712706,residential,55.9670543,-3.225062
616,0.0003062949124863793,0.0003062949124863793,0.0006125898249727586,residential,55.969637735000006,-3.238589226
617,0.0002838634109709667,0.0002838634109709667,0.0005677268219419334,residential,55.97045497,-3.244089977
618,0.00015267330472152306,0.00015267330472152306,0.0003053466094430461,residential,55.97158242,-3.240284019
619,0.0018147224209387068,0.0018147224209387068,0.0036294448418774136,residential,55.98022993,-3.2311109575000003
620,0.0003587491102256684,0.0003587491102256684,0.0007174982204513368,residential,55.97896543,-3.22783749
621,0.0005273712415386455,0.0005273712415386455,0.001054742483077291,residential,55.979035865,-3.224459634
622,0.00015417075716414662,0.00015417075716414662,0.00030834151432829323,residential,55.9792957,-3.221604599
623,0.0034641186253963003,0.0034641186253963003,0.0069282372507926005,residential,55.974180241,-3.2428266313000003
624,0.0006125639580296603,0.0006125639580296603,0.0012251279160593205,residential,55.945184899999994,-3.0624965863333338
625,0.0002783631151751952,0.0002783631151751952,0.0005567262303503904,residential,55.95825222,-3.296205269
626,0.00033129881337855776,0.00033129881337855776,0.0006625976267571155,residential,55.9757594,-3.24217325
627,0.0011085630791654083,0.0011085630791654083,0.0022171261583308166,residential,55.97586986666667,-3.2443746116666667
628,0.0005450516331527486,0.0005450516331527486,0.0010901032663054972,residential,55.961754925,-3.1501218360000003
629,0.00017620280978454967,0.00017620280978454967,0.00035240561956909934,residential,55.9341587,-3.2574206
630,0.00017381129805790402,0.00017381129805790402,0.00034762259611580804,residential,55.93568494,-3.257961574
631,0.0026958947847110955,0.0023310858044192453,0.00502698058913034,residential,55.937288173333336,-3.2529220826666667
632,0.0005389639443666017,0.0005389639443666017,0.0010779278887332034,residential,55.93311894,-3.2525327545
633,0.00011373444531069718,0.00011373444531069718,0.00022746889062139435,residential,55.93420588,-3.261217986
634,0.001956801948109649,0.001956801948109649,0.003913603896219298,residential,55.93419186,-3.2383133593
635,0.0003315476909391439,0.0003678445387609358,0.0006993922297000798,residential,55.94533285,-3.25829308
636,0.017958744840892743,0.017958744840892743,0.035917489681785486,residential,55.95149484,-3.2553649328749996
637,0.00019299421156563533,0.00019299421156563533,0.00038598842313127067,residential,55.97819925,-3.184511745
638,0.01275231723719942,0.012163205522468643,0.024915522759668064,residential,55.96239329,-3.184799493
639,0.00032147363950607,0.00032147363950607,0.00064294727901214,residential,55.9661798675,-3.18838949375
640,0.00036920954576006687,0.00036920954576006687,0.0007384190915201337,residential,55.923871285000004,-3.264321761
641,0.6296702291089605,0.6498647521579798,1.2795349812669403,residential,55.941755289999996,-3.221274147545454
642,0.00015444351321123163,0.00015444351321123163,0.00030888702642246327,residential,55.89445932,-3.091859847
643,0.00022465385589567403,0.00022465385589567403,0.00044930771179134806,residential,55.88057024,-3.121660215
644,3.586194273016101e-05,2.1161506585361417e-05,5.702344931552243e-05,residential,55.94055884,-3.286387494
645,0.00046017445062043196,0.00046017445062043196,0.0009203489012408639,residential,55.96547977,-3.154287107
646,0.00017310800216696802,0.00017310800216696802,0.00034621600433393604,residential,55.96034589,-3.1766163195
647,0.0031234205339333325,0.0031234205339333325,0.006246841067866665,residential,55.96669759710526,-3.141357486578947
648,0.12068187444500372,0.11323564313111716,0.2339175175761209,residential,55.960638026000005,-3.20360072
649,0.13897241017016093,0.10899065897101305,0.247963069141174,residential,55.959221025,-3.2266508605
650,0.0001886503642549871,0.0001886503642549871,0.0003773007285099742,residential,55.91447739,-3.13159417
651,0.0006890032948477148,0.0006890032948477148,0.0013780065896954296,residential,55.914589910000004,-3.1356260455
652,0.0025268987428488997,0.0025268987428488997,0.005053797485697799,residential,55.96208967999999,-3.2740965583333335
653,0.0009820592491652748,0.0009820592491652748,0.0019641184983305495,residential,55.933768210000004,-3.1085855017000004
654,0.0013394770875260812,0.0010856383618719336,0.0024251154493980147,residential,55.943572991875,-3.2963619351875
655,9.722251123120263e-05,9.722251123120263e-05,0.00019444502246240527,residential,55.90879746,-3.306397387
656,9.90943203392145e-05,9.90943203392145e-05,0.000198188640678429,residential,55.91047218,-3.299104826
657,0.0009492677115319073,0.0009492677115319073,0.0018985354230638147,residential,55.94893679416668,-3.04681435525
658,0.08480810536554692,0.07523455618304739,0.1600426615485943,residential,55.942925425,-3.215640136
659,0.0006470969228962823,0.0006470969228962823,0.0012941938457925646,residential,55.941085865000005,-3.045670399
660,0.0006702852943689803,0.0006702852943689803,0.0013405705887379606,residential,55.943692850000005,-3.053109879
661,0.0006734419203880711,0.0006734419203880711,0.0013468838407761422,residential,55.94498603,-3.0545623814285716
662,0.0420413474597816,0.02401571314877058,0.06605706060855218,residential,55.94508214000001,-3.059143877052631
663,0.0020153345686002876,0.001301259086404729,0.003316593655005017,residential,55.94237415,-3.057770189
664,0.08160219070198328,0.08518807282286317,0.16679026352484644,residential,55.98061637,-3.328470109
665,0.00020247749098259584,0.00020247749098259584,0.0004049549819651917,residential,55.87947927,-3.127454345
666,0.005045333956506242,0.005045333956506242,0.010090667913012484,residential,55.937369571,-3.0846090898
667,0.0004321590768602727,0.0004321590768602727,0.0008643181537205454,residential,55.94370479,-3.050780901
668,0.00014540851817591524,0.00014540851817591524,0.00029081703635183047,residential,55.90281118,-3.181744748
669,0.010322437869981965,0.010322437869981965,0.02064487573996393,residential,55.912859762714284,-3.1021546200142853
670,0.01633028818045213,0.01633028818045213,0.03266057636090426,residential,55.876219608,-3.1605772713937497
671,8.657756770739651e-05,8.657756770739651e-05,0.00017315513541479302,residential,55.94319526,-3.180113856
672,0.00712744156716345,0.006307344428122121,0.01343478599528557,residential,55.94435237,-3.181366069
673,0.0014281463676529215,0.0014281463676529215,0.002856292735305843,residential,55.9252735,-3.2697360674444442
674,0.0002563285731780123,0.0002563285731780123,0.0005126571463560247,residential,55.923966925,-3.2716468919999997
675,0.00035122879579579366,0.00035122879579579366,0.0007024575915915873,residential,55.9250306,-3.2673832185
676,0.00011938394375338981,0.00011938394375338981,0.00023876788750677963,residential,55.89535556,-3.075933411
677,0.0016543322595768577,0.0016543322595768577,0.0033086645191537155,residential,55.933819328999995,-3.1303252048999997
678,0.0005246372909343564,0.0005246372909343564,0.0010492745818687127,residential,55.9345390625,-3.1343007535
679,0.004169266973919828,0.004169266973919828,0.008338533947839656,residential,55.92872121428571,-3.1274078867142863
680,0.0012773892050209105,0.0012773892050209105,0.002554778410041821,residential,55.96782376428572,-3.2565077712857144
681,0.003164478278683916,0.003164478278683916,0.006328956557367832,residential,55.93646650000001,-3.0897275988000006
682,0.00011014685453661332,0.00011014685453661332,0.00022029370907322663,residential,55.90461413,-3.1263969
683,0.003032176035365666,0.003032176035365666,0.006064352070731332,residential,55.89493969166667,-3.044664704666666
684,0.0018089401753880773,0.0018089401753880773,0.0036178803507761546,residential,55.899364592,-3.0454518552
685,0.0002142439688075508,0.0002142439688075508,0.0004284879376151016,residential,55.87829822,-3.141211668
686,0.008452566258795851,0.008452566258795851,0.016905132517591702,residential,55.8974710583721,-3.1383180594418607
687,0.00016318589522166285,0.00016318589522166285,0.0003263717904433257,residential,55.88444115,-3.10863903
688,8.398058569876722e-05,8.398058569876722e-05,0.00016796117139753443,residential,55.90940553,-3.046222957
689,0.000599757271298517,0.000599757271298517,0.001199514542597034,residential,55.8790571,-3.1594914999999997
690,0.0012151400502309075,0.0012151400502309075,0.002430280100461815,residential,55.880157014,-3.1497161656
691,0.00012967818748377152,0.00012967818748377152,0.00025935637496754305,residential,55.89210745,-3.07270455
692,0.0002950513351214632,0.0002950513351214632,0.0005901026702429264,residential,55.93859931,-3.242495943
693,0.0006616586783855106,0.0006616586783855106,0.0013233173567710212,residential,55.93306359,-3.1398826155000004
694,0.000663932096445115,0.000663932096445115,0.00132786419289023,residential,55.92010902,-3.2752355308
695,0.017286979320115407,0.017286979320115407,0.034573958640230815,residential,55.893362681463415,-3.0635462997804876
696,0.0029801109813250844,0.0029801109813250844,0.005960221962650169,residential,55.91819913636363,-3.112893679181818
697,0.004130239814165271,0.004130239814165271,0.008260479628330542,residential,55.874016368260875,-3.05613758726087
698,0.00040763098033450864,0.00040763098033450864,0.0008152619606690173,residential,55.90103151333333,-3.0951522253333335
699,0.001387473201132482,0.001387473201132482,0.002774946402264964,commercial,55.93180446,-3.295991867
700,0.02210921306770325,0.02301152328208188,0.045120736349785126,commercial,55.93483735,-3.314039763
701,0.2589093076917355,0.28599801826160365,0.5449073259533391,commercial,55.95451345,-3.190809613
702,0.16510821086068808,0.16639577566832472,0.3315039865290128,commercial,55.939560722727265,-3.228455037636364
703,0.0027656742873715667,0.0027656742873715667,0.0055313485747431335,commercial,55.91950754,-3.30221062
704,0.31527936145358376,0.4319278293603419,0.7472071908139257,commercial,55.9463991075,-3.207203807875
705,0.01803742255348067,0.026971292090909857,0.045008714644390525,commercial,55.94727055,-3.208586129
706,0.002381162552100353,0.002381162552100353,0.004762325104200706,commercial,55.934466,-3.122422183
707,0.006249051237117985,0.005924521425255405,0.01217357266237339,commercial,55.9362144,-3.10410485
708,0.013498651599155934,0.013498651599155934,0.026997303198311867,commercial,55.96655135,-3.13437445
709,0.003801976569280197,0.003801976569280197,0.007603953138560394,commercial,55.9143661,-3.251895648
710,0.46615772358033036,0.4390844729445881,0.9052421965249184,commercial,55.96290976,-3.201986211
711,0.013554940078187082,0.013554940078187082,0.027109880156374163,commercial,55.8754405275,-3.16777876325
712,0.03976607012156196,0.036083550284305106,0.07584962040586707,commercial,55.9297927,-3.29640295
713,0.11076365841209418,0.09200247135466978,0.20276612976676395,commercial,55.926784624999996,-3.232768781
714,0.0029682300105343127,0.0029682300105343127,0.005936460021068625,commercial,55.96177761,-3.174259749
715,0.10192239654554311,0.19921680172494202,0.30113919827048513,commercial,55.94898296,-3.192814218
716,0.04877494628966443,0.04485487539703417,0.0936298216866986,commercial,55.92787385,-3.293826553
717,0.4671355408226749,0.5590953909167677,1.0262309317394427,commercial,55.94473357500001,-3.2069157754999993
718,0.13648368572374212,0.1564405362838683,0.2929242220076104,commercial,55.94240269,-3.268740541
719,0.06718081762061424,0.06718081762061424,0.1343616352412285,commercial,55.972929692499996,-3.1842888220749996
720,0.0012108026571814973,0.0012108026571814973,0.0024216053143629947,commercial,55.97908608,-3.171273857
721,0.002407578026188462,0.002407578026188462,0.004815156052376924,commercial,55.91089852,-3.087735658
722,0.010663117017301578,0.010663117017301578,0.021326234034603157,commercial,55.978830911428574,-3.2318965832857143
723,0.0029296622806359754,0.0029296622806359754,0.005859324561271951,commercial,55.98342741,-3.231888858
724,0.0025019935317488534,0.0025019935317488534,0.005003987063497707,commercial,55.93789775,-3.32082503
725,0.8171767347830774,1.004508366233139,1.8216851010162165,commercial,55.9526663659375,-3.2027588140312497
726,0.7871764563091252,0.8240176474452053,1.6111941037543307,commercial,55.953500664,-3.1948437092
727,0.0011885981146713572,0.0011885981146713572,0.0023771962293427143,commercial,55.95710086,-3.192941993
728,0.0048698161340319,0.0048698161340319,0.0097396322680638,commercial,55.946709495,-3.08027209225
729,0.13820189808188857,0.12159434123422327,0.25979623931611184,commercial,55.95836835,-3.242142232
730,0.05027942059841724,0.05027942059841724,0.10055884119683448,commercial,55.972725335897444,-3.1559735812820517
731,0.002720685574932978,0.002720685574932978,0.005441371149865956,commercial,55.97567986,-3.157846212
732,0.003309064166600475,0.003309064166600475,0.00661812833320095,commercial,55.9749469,-3.155678885
733,0.10816983761168855,0.0791256027631513,0.18729544037483986,commercial,55.97531324444445,-3.165694385388889
734,0.004383579088148518,0.004383579088148518,0.008767158176297037,commercial,55.95957956,-3.169533315
735,0.0722491646072135,0.06648359600253011,0.1387327606097436,commercial,55.95788102,-3.171743228
736,0.010002448977287923,0.010002448977287923,0.020004897954575846,commercial,55.97226107,-3.1610724885
737,0.18728641649048816,0.15153159982624054,0.3388180163167287,commercial,55.98044245,-3.181628391
738,0.2716611027733741,0.26000906837554827,0.5316701711489223,commercial,55.95683932,-3.172376313
739,0.004929576929831107,0.004929576929831107,0.009859153859662214,commercial,55.952138812499996,-3.19846442525
740,0.8367793193016364,0.6762832647983421,1.5130625840999785,commercial,55.97771082,-3.1767293435
741,0.0014888947357132307,0.0014888947357132307,0.0029777894714264615,commercial,55.97829383,-3.180040443
742,0.0075794762359189935,0.0075794762359189935,0.015158952471837987,commercial,55.94667009,-3.135928802
743,0.004364706418500093,0.004364706418500093,0.008729412837000187,commercial,55.961559085000005,-3.166969043
744,0.05213144372474644,0.04728190960811164,0.09941335333285808,commercial,55.92982698,-3.299574298
745,0.010573033078053828,0.010692937043966715,0.02126597012202054,commercial,55.9233817,-3.247180296
746,0.17464832250268683,0.14848904136389118,0.323137363866578,commercial,55.938636794000004,-3.2521875860000002
747,0.0028201160325908256,0.0028201160325908256,0.005640232065181651,commercial,55.93938785,-3.241741475
748,0.0031015465888517635,0.0031015465888517635,0.006203093177703527,commercial,55.90686775,-3.226775957
749,0.015347938877943506,0.015347938877943506,0.030695877755887013,commercial,55.87113985,-3.177888178
750,0.06388862696478886,0.09528312928663993,0.1591717562514288,commercial,55.947341533333336,-3.2111676216666662
751,0.5136137682944258,0.4708008239786479,0.9844145922730738,commercial,55.9615549,-3.179971249
752,0.07307133961054056,0.06967573192926316,0.1427470715398037,commercial,55.96570143,-3.187646439
753,0.9053938031199944,0.7313912270985339,1.6367850302185283,commercial,55.97810755,-3.1743896
754,0.0011895702881598795,0.0011895702881598795,0.002379140576319759,commercial,55.95609375,-3.201526504
755,0.14108444136544881,0.11377626082314071,0.2548607021885895,commercial,55.927942484285715,-3.229651972714286
756,0.01552174190134565,0.01552174190134565,0.0310434838026913,commercial,55.96103561777778,-3.1711990046666667
757,0.007120150231688638,0.007120150231688638,0.014240300463377277,commercial,55.93641498666667,-3.278758771166667
758,0.002897339944499038,0.002897339944499038,0.005794679888998076,commercial,55.972303135,-3.1686016935
759,0.1667782735835713,0.1930662173131799,0.3598444908967512,commercial,55.93443512,-3.179369791
760,0.007489055740374659,0.00798748948207548,0.01547654522245014,commercial,55.92786514,-3.248075421
761,0.003566731996902577,0.003566731996902577,0.007133463993805154,commercial,55.9309622,-3.15702369
762,0.05057552269479183,0.042466805287123426,0.09304232798191525,commercial,55.96698820666668,-3.174287962833333
763,0.9755765290044992,0.6841606310082772,1.6597371600127764,commercial,55.96859586285715,-3.1725005541428573
764,0.006419319106949232,0.006419319106949232,0.012838638213898464,commercial,55.951902412500004,-3.3043130874999997
765,0.10104410374772345,0.07719799271889739,0.17824209646662084,commercial,55.95726597,-3.216353781
766,0.00820041935427287,0.00820041935427287,0.01640083870854574,commercial,55.97331523666666,-3.1634484853333333
767,0.002417402093965337,0.002417402093965337,0.004834804187930674,commercial,55.96005347,-3.295703121
768,0.003546576287347575,0.003546576287347575,0.00709315257469515,commercial,55.96270738,-3.159287966
769,0.0015666632678225192,0.0015666632678225192,0.0031333265356450384,commercial,55.91984659,-3.129359724
770,0.22923546716320012,0.24608519584989424,0.4753206630130944,commercial,55.94500108,-3.21738866075
771,0.0983790779701705,0.103431800280487,0.2018108782506575,commercial,55.94471486,-3.250316181
772,0.43006105957393104,0.5177256500980476,0.9477867096719786,commercial,55.94577684,-3.201250782
773,0.00388753219261365,0.00388753219261365,0.0077750643852273,commercial,55.87672662,-3.148757303
774,0.36698985951700436,0.38013630951187993,0.7471261690288843,commercial,55.92697632,-3.20905698975
775,0.0052225519048539415,0.002940473024149608,0.008163024929003549,commercial,55.94374633571429,-3.2869029715714286
776,0.002847967882805353,0.002847967882805353,0.005695935765610706,commercial,55.97114528,-3.149848843
777,0.00142854203874092,0.00142854203874092,0.00285708407748184,commercial,55.9747477,-3.238231405
778,0.019158250931801485,0.019158250931801485,0.03831650186360297,commercial,55.93145285909091,-3.252160030272727
779,0.048426104025366117,0.06215354960796723,0.11057965363333334,commercial,55.94758664,-3.20687388
780,0.0054138153502973855,0.0054138153502973855,0.010827630700594771,commercial,55.9756929175,-3.1697913825000006
781,0.0015115121156889374,0.0015115121156889374,0.0030230242313778748,commercial,55.92057264,-3.167227809
782,0.00875684669576966,0.00875684669576966,0.01751369339153932,commercial,55.94144185,-3.054110914
783,0.00751680773643825,0.00751680773643825,0.0150336154728765,commercial,55.943329688000006,-3.0475896312
784,0.00494952237193989,0.00494952237193989,0.00989904474387978,commercial,55.89358356,-3.06857491
785,0.002616146187745574,0.002616146187745574,0.005232292375491148,commercial,55.93762822,-3.234742851
786,0.5043541379427273,0.5043541379427273,1.0087082758854546,commercial,55.9268633,-3.189272722
787,0.0037298708620085125,0.0037298708620085125,0.007459741724017025,commercial,55.9550821,-3.159720203
788,0.5589162307444107,0.3523705283194712,0.9112867590638818,commercial,55.95679568749999,-3.12181645125
789,0.0017243534641527166,0.0017243534641527166,0.003448706928305433,commercial,55.93008957,-3.17567926
790,0.02360338484024551,0.02360338484024551,0.04720676968049102,commercial,55.89568459,-3.312647866
791,0.03344118671253959,0.03344118671253959,0.06688237342507918,commercial,55.938071726153844,-3.059030016846154
792,0.007806146264325096,0.007806146264325096,0.015612292528650191,commercial,55.976059230000004,-3.183734963
793,0.006160104016086714,0.006160104016086714,0.012320208032173428,commercial,55.958794133333335,-3.167554044333334
794,0.0019946092310526788,0.0019946092310526788,0.0039892184621053576,commercial,55.88792098,-3.094437964
795,0.001525361540698902,0.001525361540698902,0.003050723081397804,commercial,55.95472217,-3.110451106
796,0.026612290023302516,0.026612290023302516,0.05322458004660503,commercial,55.9562518,-3.13255965
797,0.03458578768171442,0.03458578768171442,0.06917157536342884,commercial,55.95159165,-3.142210146
798,0.004208346101894612,0.004208346101894612,0.008416692203789223,commercial,55.91972041,-3.2955888645
799,0.002341902674448631,0.002341902674448631,0.004683805348897262,commercial,55.86586606,-3.055098436
800,0.3826408125568297,0.27338622716701144,0.6560270397238411,commercial,55.94957816,-3.100264056
801,0.04791379747020628,0.04791379747020628,0.09582759494041256,commercial,55.96652058285714,-3.1556471695714285
802,0.01660703537852976,0.01660703537852976,0.03321407075705952,commercial,55.95980331,-3.147801077
803,0.004206718465564423,0.004206718465564423,0.008413436931128846,commercial,55.9036561,-3.141943246
804,0.002221272257147079,0.002221272257147079,0.004442544514294158,commercial,55.91352574,-3.146293219
805,0.001507096901316376,0.001507096901316376,0.003014193802632752,commercial,55.93461515,-3.308931589
806,0.001333016346917003,0.001333016346917003,0.002666032693834006,commercial,55.9477085,-3.193456613
807,0.03176636078713194,0.03176636078713194,0.06353272157426389,commercial,55.953274032,-3.11512919
808,0.051747789229810735,0.051747789229810735,0.10349557845962147,commercial,55.970392341428564,-3.188093785928572
809,0.12851314890020105,0.17194766150128002,0.3004608104014811,commercial,55.95059577500001,-3.2068253398333333
810,0.0017932826306790394,0.0017932826306790394,0.0035865652613580787,commercial,55.9073373,-3.209170905
811,0.002090089783382991,0.002090089783382991,0.004180179566765982,commercial,55.963067,-3.165269089
812,0.004267568019024238,0.004267568019024238,0.008535136038048476,commercial,55.96200086,-3.169731806
813,0.14299786457196953,0.1525300379861549,0.29552790255812444,commercial,55.9509307,-3.213436743
814,0.07859953466278595,0.0838010866598777,0.16240062132266364,commercial,55.95005734,-3.211297762
815,0.027788135087135752,0.022548024408731437,0.050336159495867186,commercial,55.96363507,-3.178813905
816,0.6618586737169279,0.5449888282100691,1.206847501926997,commercial,55.965007981999996,-3.1776355036000004
817,0.704902886583659,0.7853113931549003,1.4902142797385594,commercial,55.92429049,-3.176904431
818,0.004649933934561359,0.004649933934561359,0.009299867869122718,commercial,55.9707726,-3.181644827
819,0.0024282999847367423,0.0024282999847367423,0.004856599969473485,commercial,55.97307428,-3.167040581
820,0.2805040055274266,0.2677783681279003,0.5482823736553268,commercial,55.96362937,-3.185891385
821,0.031073310993149802,0.031073310993149802,0.062146621986299604,commercial,55.923913065,-3.2445216654999998
822,0.024588729389232605,0.024588729389232605,0.04917745877846521,commercial,55.91594581666667,-3.240378949666667
823,0.42187776429440105,0.43554193174604156,0.8574196960404425,commercial,55.95246469,-3.191802303
824,0.07194539058098379,0.07664339445992058,0.14858878504090436,commercial,55.95250356,-3.22581242
825,0.0015941824327546177,0.0015941824327546177,0.0031883648655092354,commercial,55.89651754,-3.097062254
826,0.005856659083543656,0.005856659083543656,0.011713318167087311,commercial,55.88443801,-3.080693012
827,0.004232391837161928,0.0035983142241631087,0.007830706061325037,commercial,55.97103292,-3.213515555
828,0.17937051148625352,0.17937051148625352,0.35874102297250704,commercial,55.95195802863637,-3.111270459318182
829,0.007061216804715097,0.007061216804715097,0.014122433609430194,commercial,55.95320469,-3.112668265
830,0.23027874144020472,0.14978915354936032,0.38006789498956506,commercial,55.957886485,-3.1224992805
831,0.0012649354887505615,0.0012649354887505615,0.002529870977501123,commercial,55.94712291,-3.130559505
832,0.002597295590306277,0.002597295590306277,0.005194591180612554,commercial,55.93026966,-3.267550763
833,0.00120249464227131,0.00120249464227131,0.00240498928454262,commercial,55.9771549,-3.200043173
834,0.0023256803986462385,0.0023256803986462385,0.004651360797292477,commercial,55.90585225,-3.221282
835,0.04119000897944173,0.04119000897944173,0.08238001795888346,commercial,55.89678146,-3.3070872270000002
836,0.042192324084258805,0.042192324084258805,0.08438464816851761,commercial,55.950567085,-3.1096717967500003
837,0.03570141272658645,0.03570141272658645,0.0714028254531729,commercial,55.95054144666667,-3.1133236733333334
838,0.18645077404273425,0.18645077404273425,0.3729015480854685,commercial,55.957042494285716,-3.2473684214285714
839,0.040251901748347675,0.040251901748347675,0.08050380349669535,commercial,55.957895535000006,-3.2496682320000003
840,0.023322590134086926,0.023322590134086926,0.04664518026817385,commercial,55.916222675,-3.260781334333334
841,0.016659642625937297,0.016659642625937297,0.033319285251874595,commercial,55.909412593333336,-3.2331014916666665
842,0.004867725140364043,0.004867725140364043,0.009735450280728086,commercial,55.903536965,-3.2895934455000004
843,0.001772112114739973,0.001772112114739973,0.003544224229479946,commercial,55.90223069,-3.220911852
844,0.002788512061661172,0.002788512061661172,0.005577024123322344,commercial,55.91222094,-3.163622415
845,0.004904490749326221,0.004904490749326221,0.009808981498652442,commercial,55.91402584,-3.1594275085000003
846,0.005449599996563943,0.005449599996563943,0.010899199993127886,commercial,55.94156229,-3.115292363
847,0.01374217017943734,0.01374217017943734,0.02748434035887468,commercial,55.90863736,-3.2285740938
848,0.018879013055995746,0.018879013055995746,0.03775802611199149,commercial,55.95679044,-3.252756687
849,0.0016560898242510371,0.0016560898242510371,0.0033121796485020743,commercial,55.95680539,-3.149664645
850,0.004880037425191318,0.004880037425191318,0.009760074850382636,commercial,55.93175326,-3.254354257
851,0.09593261781897305,0.09960224904704346,0.1955348668660165,commercial,55.940792605,-3.2760164755
852,7.113056763150565e-05,6.866337889312625e-05,0.0001397939465246319,commercial,55.94259689,-3.279943919
853,0.0045391154355384,0.0045391154355384,0.0090782308710768,commercial,55.918446544999995,-3.3008772935
854,0.029180637234653244,0.02939930758087233,0.05857994481552557,commercial,55.93812377,-3.22996223
855,0.058804922287506056,0.053599239174076524,0.11240416146158258,commercial,55.94354903,-3.062674069
856,0.0013505500550746216,0.0013505500550746216,0.002701100110149243,commercial,55.9276452,-3.1127334
857,0.01660493773704828,0.01660493773704828,0.03320987547409656,commercial,55.93650786,-3.063542385
858,0.3778701773778807,0.3908441465766803,0.7687143239545611,commercial,55.9444398,-3.185214157
859,0.27916029018609695,0.30791218162995815,0.5870724718160552,commercial,55.9456673,-3.1852223715
860,0.0048092937756800515,0.0048092937756800515,0.009618587551360103,commercial,55.94364525666666,-3.319676996333333
861,0.007980151567918837,0.007980151567918837,0.015960303135837673,commercial,55.93233696,-3.1405397615
862,0.0022395069944858574,0.0022395069944858574,0.004479013988971715,commercial,55.91861445,-3.277513624
863,0.0030686762119696443,0.0030686762119696443,0.006137352423939289,commercial,55.89447535,-3.162846137
864,0.18724444623292977,0.2856295671101874,0.4728740133431172,commercial,55.95142776,-3.182899925
865,0.011687405268836796,0.011687405268836796,0.023374810537673592,commercial,55.93425594571428,-3.1430681865714285
866,0.0027180996779104707,0.0027180996779104707,0.005436199355820941,commercial,55.95776823,-3.163828018
867,0.004512327170907122,0.004512327170907122,0.009024654341814244,commercial,55.97163267,-3.253645829
868,0.3063560215688212,0.29703604050619187,0.6033920620750131,commercial,55.95130784,-3.184545404
869,0.002348699802401241,0.002348699802401241,0.004697399604802482,commercial,55.92943747,-3.13251356
870,0.0030397236842987885,0.0030397236842987885,0.006079447368597577,commercial,55.90647817,-3.097085084
871,0.011709484895311994,0.011709484895311994,0.023418969790623988,hospital,55.92901442,-3.198237379
872,0.0006970529134509568,0.0009344292876948684,0.0016314822011458253,hospital,55.94376147,-3.26428492
873,0.009456428721987,0.009456428721987,0.018912857443974,hospital,55.92747549,-3.202417234
874,0.04098188967914227,0.05670924052380547,0.09769113020294774,hospital,55.96229848,-3.235026189
875,0.0017537187373234638,0.0014133022042466946,0.003167020941570158,hospital,55.92214178,-3.134855691
876,0.00026672666457964154,0.00026672666457964154,0.0005334533291592831,hospital,55.90851693,-3.154093206
877,0.0004236298303433952,0.0008933799529168674,0.0013170097832602627,hospital,55.92711602,-3.217728499
878,0.00011875280947871697,0.00011875280947871697,0.00023750561895743394,hospital,55.88040442,-3.090131883
879,0.07485284748176785,0.07421373557208812,0.14906658305385595,hospital,55.92096285,-3.139081918
880,0.0002932969243130574,0.0002932969243130574,0.0005865938486261147,hospital,55.90878163,-3.097672519
881,0.00028753125931330997,0.00028753125931330997,0.0005750625186266199,hospital,55.90951615,-3.14950038
882,0.1795693858309311,0.3041663904715665,0.48373577630249764,hospital,55.94434540333333,-3.1977744023333337
883,9.013927984449001e-05,9.013927984449001e-05,0.00018027855968898003,hospital,55.97141465,-3.17608361
884,0.00023101548805085052,0.00023101548805085052,0.00046203097610170103,hospital,55.96803728,-3.144357653
