poi_id,inflow,outflow,demand,category,lat,lon
0,0.00352902418311534,0.00352902418311534,0.00352902418311534,library,55.9162285,-3.2851455
1,1.727354956262136e-05,1.355562006111608e-05,1.727354956262136e-05,library,55.9407099,-3.2810362
2,0.018311829163575256,0.014296211695250005,0.018311829163575256,library,55.9427446,-3.0563335
3,1.9031749559479332,2.438156185064254,2.438156185064254,library,55.9474192,-3.18728575
4,0.0035816343042270136,0.0035816343042270136,0.0035816343042270136,library,55.9331942,-3.1367474
5,0.006864974746026912,0.006864974746026912,0.006864974746026912,library,55.8717713,-3.1137959
6,0.004856907823805098,0.004856907823805098,0.004856907823805098,library,55.9201125,-3.2875585
7,0.002835747843513562,0.002835747843513562,0.002835747843513562,library,55.9754823,-3.1800469
8,0.8613873424542949,0.8394265698596193,0.8613873424542949,library,55.9506224,-3.1808417
9,1.6395295207262734,2.2288790666470533,2.2288790666470533,library,55.9334673,-3.2128229
10,2.0017854968673037,4.286007936974585,4.286007936974585,library,55.948668825999995,-3.1919613932
11,0.006137357475680025,0.006137357475680025,0.006137357475680025,library,55.9028613,-3.1531137
12,0.009301830845717157,0.009301830845717157,0.009301830845717157,library,55.8796264,-3.1535729
13,7.819341688990301,8.99103292248188,8.99103292248188,library,55.939691,-3.1818686
14,0.8157354034127239,1.0328345886443702,1.0328345886443702,library,55.9460774,-3.2005191
15,0.003013379190935594,0.003013379190935594,0.003013379190935594,library,55.87442,-3.0485666
16,0.002906068124293063,0.002906068124293063,0.002906068124293063,library,55.9767277,-3.2267667
17,0.005274784045550599,0.005274784045550599,0.005274784045550599,library,55.9162181,-3.1102172
18,0.002078240274221373,0.002078240274221373,0.002078240274221373,library,55.949736,-3.1949634
19,0.24353667015433433,0.19440163027445492,0.24353667015433433,library,55.9246932,-3.2880002
20,0.005549910309602367,0.005549910309602367,0.005549910309602367,library,55.89286101,-3.070264127
21,0.0022214890148055974,0.0022214890148055974,0.0022214890148055974,library,55.9616459,-3.26096943
22,0.5392938483905149,0.5309329260768514,0.5392938483905149,library,55.94266114,-3.188989747
23,0.003330641703735945,0.003330641703735945,0.003330641703735945,library,55.91345709,-3.134949632
24,1.8995862904488523,1.8389461863237697,1.8995862904488523,library,55.94010782,-3.218358857
25,0.06399821241245851,0.06399821241245851,0.06399821241245851,library,55.89609792,-3.311059707
26,4.099119265603091,4.466999016683705,4.466999016683705,library,55.93663051,-3.179831189
27,0.2934985773258515,0.3144140721669766,0.3144140721669766,library,55.90876593,-3.322166531
28,0.13668763778547113,0.13668763778547113,0.13668763778547113,library,55.95503729,-3.142267856
29,1.9769611706089225,1.612765156642362,1.9769611706089225,library,55.9514455,-3.178098866
30,0.0013036961682328756,0.0013036961682328756,0.0013036961682328756,library,55.9320804,-3.179735895
31,1.2198603570798667,1.0977704837226614,1.2198603570798667,library,55.92889298,-3.209940931
32,0.10722347856463078,0.09074248594556882,0.10722347856463078,library,55.93725887,-3.248423134
33,4.481900978117817,4.009719327863954,4.481900978117817,library,55.96134562,-3.181388959
34,0.0029107879174940705,0.0029107879174940705,0.0029107879174940705,library,55.86672505,-3.06583005
35,3.9466423632981074,3.825352121287503,3.9466423632981074,library,55.92290461,-3.174976595
36,0.012060006184652453,0.012060006184652453,0.012060006184652453,library,55.90672481,-3.251408978
37,0.0073093538033341425,0.0073093538033341425,0.0073093538033341425,library,55.95538392,-3.287034985
38,3.036244417746706,2.302906667707167,3.036244417746706,library,55.95891962,-3.207839007
39,0.002587427372192776,0.002587427372192776,0.002587427372192776,library,55.90531345,-3.134191235
40,0.06948682240173287,0.06948682240173287,0.06948682240173287,library,55.95337271,-3.116759644
41,0.0014542419996627259,0.0014542419996627259,0.0014542419996627259,library,55.96651862,-3.205719224
42,0.0035712965688048954,0.0035712965688048954,0.0035712965688048954,library,55.90529096,-3.223430258
43,0.8455376370331513,0.9454329037750275,0.9454329037750275,library,55.95050315,-3.213323145
44,0.03345932718071704,0.03345932718071704,0.03345932718071704,school,55.973634080000004,-3.2507802496666667
45,0.003238878311944424,0.003238878311944424,0.003238878311944424,school,55.9666246,-3.2259783
46,0.0033315723715663208,0.0033315723715663208,0.0033315723715663208,school,55.9344588,-3.1233362
47,0.00626314858959761,0.00626314858959761,0.00626314858959761,school,55.9609479,-3.171037
48,2.63324195248404,1.8242950791039925,2.63324195248404,school,55.9768772,-3.1719622
49,0.0020219086416209072,0.0020219086416209072,0.0020219086416209072,school,55.9471277,-3.2137763
50,0.0015626495399760543,0.0015626495399760543,0.0015626495399760543,school,55.9529392,-3.1994168
51,0.42198657004156176,0.36115366091389883,0.42198657004156176,school,55.9430316,-3.0674452
52,0.01083937684668853,0.01083937684668853,0.01083937684668853,school,55.928444539999994,-3.273827281333333
53,0.012129148980784338,0.012129148980784338,0.012129148980784338,school,55.95238672,-3.2800213066666664
54,0.005809627633809925,0.005809627633809925,0.005809627633809925,school,55.9037635,-3.1653365
55,0.004405218500728425,0.004405218500728425,0.004405218500728425,school,55.9173669,-3.1693957
56,0.021979762367600894,0.021979762367600894,0.021979762367600894,school,55.901250454999996,-3.045115402
57,0.1032437236571338,0.1032437236571338,0.1032437236571338,school,55.9518817,-3.1132882
58,0.0031809786904045804,0.0031809786904045804,0.0031809786904045804,school,55.9339879,-3.1470357
59,0.011349161506243108,0.011349161506243108,0.011349161506243108,school,55.934923133333335,-3.127840397
60,0.0018033400757915161,0.0018033400757915161,0.0018033400757915161,school,55.9555238,-3.152655
61,0.0019324612012894032,0.0019324612012894032,0.0019324612012894032,school,55.97648064,-3.186195735
62,0.008178261119756862,0.008178261119756862,0.008178261119756862,school,55.97141011,-3.304438658
63,0.0002738303681809575,0.00027371646583418396,0.0002738303681809575,school,55.96571475,-3.189293486
64,0.004129958398867341,0.004129958398867341,0.004129958398867341,school,55.89809051,-3.153343637
65,0.0025445887186194734,0.0025445887186194734,0.0025445887186194734,school,55.94313161,-3.044215958
66,0.0020359603845806614,0.0020359603845806614,0.0020359603845806614,school,55.97530208,-3.213430479
67,0.3358614980435337,0.3358614980435337,0.3358614980435337,school,55.89629569,-3.321238961
68,0.010807877834558095,0.010223804609025802,0.010807877834558095,school,55.93628395,-3.10452498
69,0.002766389584091087,0.002766389584091087,0.002766389584091087,school,55.93196186,-3.290187042
70,0.0027988480933519586,0.0027988480933519586,0.0027988480933519586,school,55.91279734,-3.135086424
71,0.002829335479796304,0.002829335479796304,0.002829335479796304,school,55.9227861,-3.161746013
72,0.9170359522815893,1.291256743225147,1.291256743225147,school,55.936801335,-3.2008669540000003
73,0.0015009979408369706,0.0015009979408369706,0.0015009979408369706,school,55.92954816,-3.218452366
74,0.0013022150972667357,0.0013022150972667357,0.0013022150972667357,school,55.92144785,-3.212312889
75,0.39267432465054974,0.3400419766662349,0.39267432465054974,school,55.96472063,-3.227396912
76,0.004138941657931702,0.004138941657931702,0.004138941657931702,school,55.92244893,-3.281525523
77,0.8862204267929283,0.7010961367599088,0.8862204267929283,school,55.95800006,-3.224834063
78,0.043643020814065354,0.043643020814065354,0.043643020814065354,school,55.91520901,-3.236387153
79,0.005268551639345619,0.005268551639345619,0.005268551639345619,school,55.97340853,-3.25496947
80,0.0017174934717053068,0.0017174934717053068,0.0017174934717053068,school,55.94601851,-3.194495974
81,0.0036695938402643556,0.0036695938402643556,0.0036695938402643556,school,55.93401846,-3.135939249
82,0.03502971959629236,0.03502971959629236,0.03502971959629236,school,55.96550097,-3.161601955
83,0.022307844554379317,0.022307844554379317,0.022307844554379317,school,55.96581272,-3.16568221
84,0.43439619742533986,0.31475182293916093,0.43439619742533986,school,55.96607325,-3.174593907
85,0.5494415978570261,0.5546360035096338,0.5546360035096338,school,55.96051884,-3.190140901
86,0.30608237710874775,0.31254055183984664,0.31254055183984664,school,55.95395103,-3.227191859
87,0.11991885207349617,0.11991885207349617,0.11991885207349617,school,55.95989658,-3.144027159
88,0.0045900918167426485,0.0045900918167426485,0.0045900918167426485,school,55.96047022,-3.150131239
89,0.8234993776663492,1.2812663009049001,1.2812663009049001,school,55.93731601,-3.210468677
90,0.07126648145291502,0.07126648145291502,0.07126648145291502,school,55.8976554,-3.312464512
91,0.1999707208428717,0.16491128346718678,0.1999707208428717,school,55.94003635,-3.22969552
92,0.5211746497576012,0.5211746497576012,0.5211746497576012,school,55.92929159,-3.204512687
93,0.003740051325297855,0.003740051325297855,0.003740051325297855,school,55.93011752,-3.136394641
94,0.010848192100859397,0.010848192100859397,0.010848192100859397,school,55.904732225000004,-3.1519274765
95,0.0029242478355527095,0.0029242478355527095,0.0029242478355527095,school,55.90568832,-3.195786497
96,0.005016809186541061,0.005016809186541061,0.005016809186541061,school,55.91467426,-3.152929869
97,2.1152131528616973,1.3315573492028692,2.1152131528616973,school,55.97039798,-3.168530954
98,0.006719361892200391,0.006719361892200391,0.006719361892200391,school,55.93096126,-3.158853695
99,0.0013775637574034326,0.0013775637574034326,0.0013775637574034326,school,55.94115031,-3.143186577
100,0.12509546241445285,0.12509546241445285,0.12509546241445285,school,55.94465608,-3.112302672
101,0.2253641404470865,0.1793905059431329,0.2253641404470865,school,55.94181512,-3.103658592
102,0.13347575061125194,0.13347575061125194,0.13347575061125194,school,55.95384451,-3.140325816
103,0.11328362979310319,0.11328362979310319,0.11328362979310319,school,55.94827664,-3.143794514
104,0.005205533725673799,0.005205533725673799,0.005205533725673799,school,55.9157084,-3.10995788
105,0.006183216606663572,0.006183216606663572,0.006183216606663572,school,55.89880791,-3.163266758
106,0.004932711853191257,0.004932711853191257,0.004932711853191257,school,55.9120591,-3.25208321
107,0.0022196815108120305,0.0022196815108120305,0.0022196815108120305,school,55.90744961,-3.138053064
108,0.026192005932846676,0.02021342717221305,0.026192005932846676,school,55.9547593,-3.11289202
109,0.18584751856755885,0.18584751856755885,0.18584751856755885,school,55.95226678,-3.251324577
110,0.002027327061533796,0.002027327061533796,0.002027327061533796,school,55.93669416,-3.071220324
111,0.003265312965978759,0.003265312965978759,0.003265312965978759,school,55.94487493,-3.305946297
112,0.007971762021144415,0.007971762021144415,0.007971762021144415,school,55.9082668,-3.236722024
113,0.009712933368433194,0.009712933368433194,0.009712933368433194,school,55.91130701,-3.229532705
114,0.032668003863412086,0.032668003863412086,0.032668003863412086,school,55.86914414,-3.184162494
115,0.0038601223555446546,0.0038601223555446546,0.0038601223555446546,school,55.91590523,-3.280526468
116,0.0015758558501103252,0.0015758558501103252,0.0015758558501103252,school,55.90020311,-3.30266603
117,0.004191163842416133,0.004191163842416133,0.004191163842416133,school,55.91981411,-3.293193881
118,0.0031010671066259744,0.0031010671066259744,0.0031010671066259744,school,55.91732134,-3.290462532
119,0.5987113796275199,0.5987113796275199,0.5987113796275199,school,55.92905971,-3.202540868
120,0.0013033859231568398,0.0013033859231568398,0.0013033859231568398,school,55.94796102,-3.130809012
121,0.0038938506573491416,0.0038938506573491416,0.0038938506573491416,school,55.95143692,-3.301556681
122,2.5295889425513804,2.062643892226865,2.5295889425513804,school,55.95171849,-3.177277892
123,0.9294061166726073,1.040489362668204,1.040489362668204,school,55.94913413,-3.185107078
124,0.45662456696065024,0.2796439880046116,0.45662456696065024,school,55.97662773,-3.195046258
125,1.1295668482128274,1.1861054675837122,1.1861054675837122,school,55.93837779,-3.187666428
126,0.9369967823472135,0.7423479980299332,0.9369967823472135,school,55.96093269,-3.221957867
127,0.0032957635137756762,0.0032957635137756762,0.0032957635137756762,school,55.96369494,-3.284965249
128,0.002990805555615788,0.002990805555615788,0.002990805555615788,school,55.92545629,-3.166402291
129,0.4668306479272138,0.37536106191143426,0.4668306479272138,school,55.96078899,-3.205467915
130,1.2565037832803052,0.9536348428658343,1.2565037832803052,school,55.9594464,-3.207640299
131,0.0023918994169767915,0.0023918994169767915,0.0023918994169767915,school,55.96215765,-3.245534653
132,0.024957331688561242,0.024957331688561242,0.024957331688561242,school,55.97160719,-3.159862063
133,1.0592585297733026,1.2256117577673413,1.2256117577673413,school,55.94339683,-3.206475218
134,0.1288173528226404,0.1288173528226404,0.1288173528226404,school,55.96768089,-3.156771179
135,0.00439718826223427,0.00439718826223427,0.00439718826223427,school,55.95613413,-3.16983825
136,2.129072893363548,2.1867085281613594,2.1867085281613594,school,55.95951465,-3.187549931
137,1.8217750643683417,1.663194453699978,1.8217750643683417,school,55.96019702,-3.179226226
138,0.014569298704660288,0.011122603298852961,0.014569298704660288,school,55.95056387,-3.232223558
139,0.004812903604710687,0.004812903604710687,0.004812903604710687,school,55.93540736,-3.23941739
140,0.012945734446534952,0.012945734446534952,0.012945734446534952,school,55.937273024999996,-3.2480775145000003
141,3.183239796772606,4.120610210900838,4.120610210900838,school,55.93987686,-3.176298935
142,0.0026170455892114866,0.0026170455892114866,0.0026170455892114866,school,55.96382275,-3.269054738
143,0.497773647532286,0.4273196233181365,0.497773647532286,school,55.94214457,-3.22307097
144,0.37419434762752796,0.3556313476365788,0.37419434762752796,school,55.94357116,-3.236779124
145,0.0028686958361191376,0.0028686958361191376,0.0028686958361191376,school,55.96316577,-3.250866473
146,0.0014267509819029217,0.0014267509819029217,0.0014267509819029217,school,55.95535291,-3.262030079
147,0.004049601240693792,0.004049601240693792,0.004049601240693792,school,55.96727536,-3.252134802
148,0.0033134008444118583,0.0033134008444118583,0.0033134008444118583,school,55.9682641,-3.254458022
149,0.004437893433147833,0.004437893433147833,0.004437893433147833,school,55.91395516,-3.235772138
150,0.007812418291800967,0.007812418291800967,0.007812418291800967,school,55.91223642,-3.23592587
151,0.008276338670097158,0.008276338670097158,0.008276338670097158,school,55.96725872,-3.18027515
152,0.0025656867738782204,0.0025656867738782204,0.0025656867738782204,school,55.94144485,-3.063719212
153,0.0025394326088606,0.0025394326088606,0.0025394326088606,school,55.93241252,-3.292128336
154,0.002896609334342262,0.002896609334342262,0.002896609334342262,school,55.9309554,-3.28979464
155,0.00225128305044689,0.00225128305044689,0.00225128305044689,school,55.9687977,-3.21302922
156,0.001270754633042123,0.001270754633042123,0.001270754633042123,school,55.94080547,-3.285579093
157,0.0028997010849690567,0.0028997010849690567,0.0028997010849690567,school,55.91838857,-3.156812192
158,0.5419618024026498,0.6268122773039119,0.6268122773039119,school,55.94056121,-3.207184049
159,0.007438024706530112,0.007438024706530112,0.007438024706530112,school,55.96982802,-3.30100596
160,0.0018387312276564424,0.0018387312276564424,0.0018387312276564424,school,55.97028183,-3.240852857
161,0.27507149655941693,0.26254060366458565,0.27507149655941693,school,55.9480121,-3.235913673
162,0.004611510086776392,0.004611510086776392,0.004611510086776392,school,55.90653466,-3.284894681
163,0.014172660822623653,0.014172660822623653,0.014172660822623653,school,55.91154247,-3.273782749
164,0.015442331220776267,0.015442331220776267,0.015442331220776267,school,55.881138785000005,-3.148771011
165,2.052476726590765,1.9060271872905081,2.052476726590765,school,55.94082886,-3.21478528
166,0.003730557729940005,0.003730557729940005,0.003730557729940005,school,55.93061096,-3.262897333
167,0.00636094693258439,0.00636094693258439,0.00636094693258439,school,55.93865418,-3.050284657
168,0.0012877612964339832,0.0012877612964339832,0.0012877612964339832,school,55.89932727,-3.258609393
169,0.07200054338846683,0.05686268199771807,0.07200054338846683,school,55.94397547,-3.323401788
170,0.007251436045668352,0.007251436045668352,0.007251436045668352,school,55.89939314,-3.049139994
171,0.0087656059743435,0.0087656059743435,0.0087656059743435,school,55.88813581,-3.053585933
172,0.014344994103471924,0.014344994103471924,0.014344994103471924,school,55.86575577,-3.106628824
173,0.01809558154665939,0.013814664596118012,0.01809558154665939,school,55.95373887,-3.228833505
174,0.1276980032607722,0.13840322985085693,0.13840322985085693,school,55.94695708,-3.220519383
175,0.0014041577264565128,0.0014041577264565128,0.0014041577264565128,school,55.93807497,-3.295665977
176,0.0035630528033788788,0.0035630528033788788,0.0035630528033788788,school,55.93152417,-3.22360004
177,0.0030528444042123818,0.0030528444042123818,0.0030528444042123818,school,55.93040394,-3.241254213
178,0.004691756488162097,0.004691756488162097,0.004691756488162097,school,55.93173592,-3.227789452
179,0.004036254222217429,0.004036254222217429,0.004036254222217429,school,55.96002178,-3.290965344
180,0.0033536332040518153,0.0033536332040518153,0.0033536332040518153,school,55.86716074,-3.06307053
181,0.0065267060398628805,0.0065267060398628805,0.0065267060398628805,school,55.87215392,-3.114981173
182,0.00934853428637128,0.00934853428637128,0.00934853428637128,school,55.87110158,-3.097989643
183,0.0019897669444661516,0.0019897669444661516,0.0019897669444661516,school,55.97032965,-3.179500191
184,0.8099710682013639,0.49605511392143925,0.8099710682013639,school,55.97646782,-3.193321542
185,0.013662419543253746,0.013662419543253746,0.013662419543253746,school,55.92059846,-3.261141573
186,0.012063726756879386,0.012063726756879386,0.012063726756879386,school,55.9207403,-3.262913481
187,0.006467013055208311,0.006467013055208311,0.006467013055208311,school,55.9414007,-3.050314765
188,0.004621487578630897,0.004621487578630897,0.004621487578630897,school,55.94165405,-3.046770649
189,0.0032677105412288205,0.0032677105412288205,0.0032677105412288205,school,55.94459248,-3.052617328
190,0.004262580078380139,0.004262580078380139,0.004262580078380139,school,55.90709217,-3.220054183
191,0.009324205488161715,0.009324205488161715,0.009324205488161715,school,55.93504984,-3.08802746
192,0.0021895593503888345,0.0021895593503888345,0.0021895593503888345,school,55.87782572,-3.333888439
193,0.002162047070619503,0.002162047070619503,0.002162047070619503,school,55.87039668,-3.120422226
194,0.30843331781955025,0.29085363564677186,0.30843331781955025,school,55.93834902,-3.273254727
195,0.001595390712137656,0.001595390712137656,0.001595390712137656,school,55.88018627,-3.099866139
196,0.0075609954647439595,0.0075609954647439595,0.0075609954647439595,school,55.86933027,-3.113129231
197,0.0017470792350234286,0.0017470792350234286,0.0017470792350234286,school,55.89131363,-3.070645343
198,0.003043010449349883,0.003043010449349883,0.003043010449349883,school,55.97633449,-3.226294076
199,0.2804037937357277,0.2804037937357277,0.2804037937357277,school,55.89624825,-3.317754084
200,0.003124081760000482,0.0023770485572179785,0.003124081760000482,school,55.97327187,-3.196682771
201,0.008811751181996074,0.008811751181996074,0.008811751181996074,school,55.88019182,-3.153350777
202,0.4291796463908622,0.553596055980366,0.553596055980366,school,55.94346695,-3.19799807
203,0.004092449802661541,0.004092449802661541,0.004092449802661541,school,55.90379681,-3.156031073
204,0.005799042910895255,0.005799042910895255,0.005799042910895255,school,55.90472586,-3.155102142
205,0.003035863586500755,0.003035863586500755,0.003035863586500755,school,55.87404306,-3.049227277
206,0.002065620986340107,0.002065620986340107,0.002065620986340107,school,55.87466871,-3.047811515
207,0.0013109493067228373,0.0013109493067228373,0.0013109493067228373,school,55.94835438,-3.124384332
208,0.0012620583850798976,0.0012620583850798976,0.0012620583850798976,school,55.98347333,-3.192548074
209,0.925130329979437,0.8744092692388847,0.925130329979437,school,55.92844901,-3.205306897
210,0.005354757318422976,0.005354757318422976,0.005354757318422976,school,55.93061089,-3.145335471
211,0.40025167558684277,0.39034593575919263,0.40025167558684277,school,55.9468548,-3.18277252
212,0.2829496490436538,0.41931966134026966,0.41931966134026966,school,55.95349297,-3.205293741
213,0.43567029460545476,0.44674156419824673,0.44674156419824673,school,55.95434748,-3.221724778
214,0.003285022608601268,0.003285022608601268,0.003285022608601268,school,55.87627535,-3.054638029
215,0.0030256582289618396,0.0030256582289618396,0.0030256582289618396,school,55.92793856,-3.121922357
216,1.281622612959791,1.0111976873533048,1.281622612959791,school,55.94404768,-3.097459898
217,0.0016122225104651237,0.0016122225104651237,0.0016122225104651237,university,55.9460305,-3.1922264
218,0.8856474301258133,0.9744380090701241,0.9744380090701241,university,55.910608554,-3.3223627579999997
219,0.0013626554740580755,0.0013626554740580755,0.0013626554740580755,university,55.86443943,-3.199993153
220,0.0023367117500682822,0.0023367117500682822,0.0023367117500682822,university,55.92003105,-3.130459795
221,3.6956629050759346,3.545413845880302,3.6956629050759346,university,55.9227561,-3.174665806
222,0.8736524028230549,0.9344649703534176,0.9344649703534176,university,55.94382143,-3.18807738
223,0.3585820109164647,0.3404160547186225,0.3585820109164647,university,55.94842786,-3.183648715
224,0.08219448950217145,0.08219448950217145,0.08219448950217145,university,55.91840635,-3.239711183
225,0.6349468566194502,0.8555645725750921,0.8555645725750921,university,55.94572217,-3.198643501
226,0.11710391132888304,0.12037766587568018,0.12037766587568018,university,55.93092459,-3.073969167
227,4.564974346708109,7.189572959937201,7.189572959937201,university,55.947124470000006,-3.187131893
228,0.8940386414232765,0.8741919890901256,0.8940386414232765,university,55.94797712,-3.181016304
229,1.8587057775080782,1.735384621617504,1.8587057775080782,university,55.94987261,-3.180667168
230,0.23201682270438775,0.18543368816840194,0.23201682270438775,university,55.92443586,-3.288860806
231,1.4495479315122313,1.4495479315122313,1.4495479315122313,university,55.92316278,-3.187854614
232,0.29785673815697256,0.24635843151256692,0.29785673815697256,university,55.92217818,-3.13849509
233,0.4175152196133315,0.567693306479783,0.567693306479783,university,55.93322827,-3.214057585
234,0.002136910964959206,0.002136910964959206,0.002136910964959206,university,55.94956238,-3.195170918
235,2.0787473555595306,2.2092913186952234,2.2092913186952234,university,55.9522114,-3.178399108
236,0.7534458124407584,1.0642744145712955,1.0642744145712955,university,55.94666041,-3.184553469
237,0.0013842359235831207,0.0013842359235831207,0.0013842359235831207,university,55.95488353,-3.196538197
238,0.0014767773025236965,0.0014767773025236965,0.0014767773025236965,university,55.94460062,-3.192729549
239,3.6457209852286483,5.127518395004427,5.127518395004427,university,55.94517079,-3.18693674
240,0.0015831558963201593,0.0015831558963201593,0.0015831558963201593,residential,55.9619568,-3.175409486
241,0.13989423847913673,0.14098756384824068,0.14098756384824068,residential,55.91043558,-3.318215975
242,4.425807232945605,4.425807232945605,4.425807232945605,residential,55.953492340939924,-3.244977108646163
243,11.855758083285542,11.855758083285542,11.855758083285542,residential,55.92543582890298,-3.191310383749921
244,0.8237058298004005,0.8237058298004005,0.8237058298004005,residential,55.967595557474915,-3.1581088926822742
245,4.01405417567106,4.01405417567106,4.01405417567106,residential,55.94793006516682,-3.1124219049065776
246,0.0339824969308083,0.0339824969308083,0.0339824969308083,residential,55.92301261733334,-3.3290521299333333
247,1.7384652521753075,1.6231217981611474,1.7384652521753075,residential,55.95096779,-3.1796567095
248,1.419778363488607,1.419778363488607,1.419778363488607,residential,55.92221913085663,-3.240009675553652
249,8.123719972460945,9.146296762088676,9.146296762088676,residential,55.94263347533333,-3.1850513061333334
250,0.0026822948291281325,0.0026822948291281325,0.0026822948291281325,residential,55.88266915,-3.109815549
251,0.0028990157981779786,0.0028990157981779786,0.0028990157981779786,residential,55.91117546,-3.312811017
252,0.005553916794512242,0.005553916794512242,0.005553916794512242,residential,55.91409713,-3.145987436
253,0.006971774885743233,0.006971774885743233,0.006971774885743233,residential,55.9091834,-3.150463886
254,0.005979460280996625,0.005979460280996625,0.005979460280996625,residential,55.91173912,-3.173472794
255,0.02317465729958405,0.02317465729958405,0.02317465729958405,residential,55.878089925,-3.1549930465
256,0.0667289658842801,0.0667289658842801,0.0667289658842801,residential,55.932466535555555,-3.2253433485555556
257,0.0356430423786846,0.0356430423786846,0.0356430423786846,residential,55.93022039583334,-3.123253460666666
258,0.2830771881952029,0.2280589144517495,0.2830771881952029,residential,55.97214283740386,-3.2014301609807694
259,6.170102727407214,4.970525052550438,6.170102727407214,residential,55.97440816231359,-3.206316676909602
260,1.863966173666105,1.8030294391025352,1.863966173666105,residential,55.95771534655064,-3.1963861544588608
261,0.031398172141679094,0.031398172141679094,0.031398172141679094,residential,55.93054015999999,-3.1442763869999997
262,0.0205980767567339,0.0205980767567339,0.0205980767567339,residential,55.93060816375,-3.139605142125
263,0.4867039905817693,0.6254625933075892,0.6254625933075892,residential,55.94359318,-3.194645599
264,0.0227288078470872,0.0227288078470872,0.0227288078470872,residential,55.914288265625004,-3.177271175375
265,0.010521617153598499,0.010521617153598499,0.010521617153598499,residential,55.980663965000005,-3.22563085675
266,0.1373429504624972,0.1373429504624972,0.1373429504624972,residential,55.9744676877174,-3.2485789954456523
267,0.009151104158659537,0.009151104158659537,0.009151104158659537,residential,55.93065828,-3.1282261045
268,0.07412195666153706,0.05901330164167885,0.07412195666153706,residential,55.96568216,-3.195179864
269,0.08897967232329859,0.08897967232329859,0.08897967232329859,residential,55.90736724308823,-3.248652189294117
270,0.13625567703476574,0.13625567703476574,0.13625567703476574,residential,55.87059231666667,-3.1907934421111106
271,0.5626285380122629,0.9234227675060624,0.9234227675060624,residential,55.95300701,-3.177608089
272,0.043161203328877,0.043161203328877,0.043161203328877,residential,55.91807299571428,-3.3184831904761904
273,0.005156247350441169,0.005156247350441169,0.005156247350441169,residential,55.97710582,-3.2423063
274,0.0233676780002254,0.0233676780002254,0.0233676780002254,residential,55.97134694142858,-3.1923938317142855
275,2.7132903289995074,2.3329687673651915,2.7132903289995074,residential,55.96516214336898,-3.23598325526738
276,0.003164090391206989,0.003164090391206989,0.003164090391206989,residential,55.9122052,-3.313597833
277,0.2703339341409992,0.2703339341409992,0.2703339341409992,residential,55.93911763375,-3.0961807162282606
278,0.0087175009400315,0.0087175009400315,0.0087175009400315,residential,55.978000178,-3.1796935166000004
279,1.5119309926010829,1.530753337208507,1.530753337208507,residential,55.96003116,-3.186133447
280,0.02768335634478023,0.02768335634478023,0.02768335634478023,residential,55.973404522500005,-3.1850410584999995
281,0.3903644526390273,0.3903644526390273,0.3903644526390273,residential,55.87089318932143,-3.181456915360714
282,4.569852178649767,3.364699246516733,4.569852178649767,residential,55.9593336604762,-3.2112587530952386
283,11.254485950924616,9.11925636453864,11.254485950924616,residential,55.96242546712418,-3.191200475594771
284,0.0725059653303797,0.0725059653303797,0.0725059653303797,residential,55.949721958750004,-3.2099855802999997
285,0.017465606424858737,0.017465606424858737,0.017465606424858737,residential,55.928504848333326,-3.256813219333333
286,0.0299359201361033,0.0299359201361033,0.0299359201361033,residential,55.90002577444445,-3.1938985915
287,2.4054176524763666,3.2960358294079772,3.2960358294079772,residential,55.948006535714285,-3.205503036428571
288,2.221849174051943,2.464730500912544,2.464730500912544,residential,55.947483538711666,-3.219720853343558
289,3.936327105692221,2.8505302890752597,3.936327105692221,residential,55.965196065,-3.17424227275
290,0.011422169442848379,0.011422169442848379,0.011422169442848379,residential,55.97802880375,-3.1662947050000003
291,0.013958685179072321,0.013958685179072321,0.013958685179072321,residential,55.91564072599999,-3.0888895662
292,0.010581952487039359,0.010581952487039359,0.010581952487039359,residential,55.916502587500005,-3.06935503625
293,0.006190958450457808,0.006190958450457808,0.006190958450457808,residential,55.915194404999994,-3.0786190055000002
294,0.002864138473998229,0.002864138473998229,0.002864138473998229,residential,55.91708258,-3.075937979
295,0.008535418832237966,0.008535418832237966,0.008535418832237966,residential,55.91118745,-3.1114231930000003
296,0.0887229927101439,0.07254347057378384,0.0887229927101439,residential,55.94245525749011,-3.2843557730778823
297,1.3567531287570316,1.1808388780451682,1.3567531287570316,residential,55.955447039090906,-3.2167730964162677
298,0.132860083961993,0.132860083961993,0.132860083961993,residential,55.94887751438357,-3.2140761434931506
299,0.00973498706419469,0.00973498706419469,0.00973498706419469,residential,55.95077609,-3.219759945
300,0.0015699744575360687,0.0015699744575360687,0.0015699744575360687,residential,55.97457629,-3.172755535
301,0.2176232144956306,0.11233596449281494,0.2176232144956306,residential,55.975262285,-3.1675262865000002
302,1.3150866313600957,1.3150866313600957,1.3150866313600957,residential,55.9591152966763,-3.135910039183044
303,7.1454786481089005,5.576575428213496,7.1454786481089005,residential,55.964376077142866,-3.1970079711904766
304,0.0023214142516957584,0.0023214142516957584,0.0023214142516957584,residential,55.9112676,-3.295770467
305,0.3150534562411884,0.3036177493711903,0.3150534562411884,residential,55.94290586,-3.237589657
306,0.8242162065402074,0.8629286467295948,0.8629286467295948,residential,55.944172654,-3.2192444789999994
307,0.003997589174014254,0.003997589174014254,0.003997589174014254,residential,55.95972537,-3.163560731
308,4.407116867594915,4.407116867594915,4.407116867594915,residential,55.93065658374999,-3.2018198878749997
309,3.5951504237655643,4.117878320437222,4.117878320437222,residential,55.9399857,-3.180749106
310,0.030229052558733795,0.030229052558733795,0.030229052558733795,residential,55.9385865209091,-3.225182726954546
311,0.031038871129369,0.031038871129369,0.031038871129369,residential,55.948003619999994,-3.3103047313157896
312,0.011816901872208777,0.011816901872208777,0.011816901872208777,residential,55.9315149575,-3.2719690462499997
313,0.002862458451935853,0.002181462805608077,0.002862458451935853,residential,55.93274717,-3.104446537
314,0.029646263525479697,0.029646263525479697,0.029646263525479697,residential,55.96389263625,-3.27343858325
315,0.1647630209558085,0.1647630209558085,0.1647630209558085,residential,55.96572739096491,-3.180792629350877
316,0.1374526655757409,0.1374526655757409,0.1374526655757409,residential,55.930958914492756,-3.161535712072463
317,0.55961690104363,0.5659816222366404,0.5659816222366404,residential,55.94678954,-3.250825599666667
318,0.002965950013299982,0.002965950013299982,0.002965950013299982,residential,55.8859458,-3.3052578615
319,0.0036007375805045087,0.0036007375805045087,0.0036007375805045087,residential,55.9255839,-3.157955961
320,0.0051658202749528,0.0051658202749528,0.0051658202749528,residential,55.93645754666667,-3.1443249923333334
321,0.27632718172350323,0.27632718172350323,0.27632718172350323,residential,55.96586646842105,-3.309284231047847
322,0.03338398505932617,0.03338398505932617,0.03338398505932617,residential,55.96586837333333,-3.319036956666667
323,0.1183952759471132,0.1183952759471132,0.1183952759471132,residential,55.91447355,-3.0932838829230773
324,0.0018787467531516783,0.0018787467531516783,0.0018787467531516783,residential,55.92861452,-3.092706538
325,0.0067109515575887214,0.0067109515575887214,0.0067109515575887214,residential,55.92096499000001,-3.1015877020000002
326,0.0032976098552911872,0.0032976098552911872,0.0032976098552911872,residential,55.928812975,-3.090591108
327,0.012838460305001017,0.012838460305001017,0.012838460305001017,residential,55.919504956666664,-3.103434846666667
328,0.002962513157115249,0.002962513157115249,0.002962513157115249,residential,55.923942385000004,-3.0932988935
329,0.0303341468788666,0.0303341468788666,0.0303341468788666,residential,55.882626302727274,-3.116689366727273
330,0.010889241650075656,0.010889241650075656,0.010889241650075656,residential,55.884277606666664,-3.115920919
331,0.010062477440087267,0.010062477440087267,0.010062477440087267,residential,55.88321015333333,-3.1132896100000003
332,0.0613410120968305,0.0613410120968305,0.0613410120968305,residential,55.95530038477273,-3.164440702818182
333,0.0023163390896746203,0.0023163390896746203,0.0023163390896746203,residential,55.92628216,-3.272494398
334,1.6739466347964564,1.4487002583981055,1.6739466347964564,residential,55.965784604999996,-3.23240034825
335,0.129413515776238,0.129413515776238,0.129413515776238,residential,55.928160590697665,-3.156293724860465
336,0.019863328752364788,0.019863328752364788,0.019863328752364788,residential,55.935968540000005,-3.2419243633333337
337,0.0970973066529057,0.0970973066529057,0.0970973066529057,residential,55.92829258947368,-3.2643530366315794
338,0.0488088249490745,0.0488088249490745,0.0488088249490745,residential,55.931578346842095,-3.264045504894737
339,0.0064876083984192765,0.0064876083984192765,0.0064876083984192765,residential,55.93269900666667,-3.266715122333333
340,0.006209898719634543,0.006209898719634543,0.006209898719634543,residential,55.93381169666666,-3.2643296599999996
341,20.919280174787758,15.07286317145961,20.919280174787758,residential,55.95682664954954,-3.1204002265495503
342,0.1026538004234525,0.09648165110919144,0.1026538004234525,residential,55.961531168823534,-3.313660637
343,0.0677549828325574,0.05889083107124448,0.0677549828325574,residential,55.96080747714286,-3.3078546014285712
344,1.3096647313532648,1.3096647313532648,1.3096647313532648,residential,55.89611792465162,-3.3196648366741903
345,0.08072525867264309,0.08072525867264309,0.08072525867264309,residential,55.89239838,-3.321131692
346,0.2100605712495114,0.2100605712495114,0.2100605712495114,residential,55.89322143,-3.3190986694999998
347,0.05230048234957495,0.05230048234957495,0.05230048234957495,residential,55.89081632,-3.324477672
348,0.001714046645449286,0.001714046645449286,0.001714046645449286,residential,55.93125506,-3.044855969
349,0.0523726343969953,0.0523726343969953,0.0523726343969953,residential,55.939967657,-3.0513996108
350,0.0046044801161547,0.0046044801161547,0.0046044801161547,residential,55.896490623333335,-3.1129761190000003
351,0.011034890103668295,0.011034890103668295,0.011034890103668295,residential,55.900722048,-3.1262830578
352,0.0032594786407658806,0.0032594786407658806,0.0032594786407658806,residential,55.92485758,-3.318514058
353,0.3260520095750521,0.2970293799685024,0.3260520095750521,residential,55.9261403,-3.31670715
354,0.007508435630480406,0.007508435630480406,0.007508435630480406,residential,55.91180946666666,-3.3110034046666663
355,0.006572080934290182,0.006572080934290182,0.006572080934290182,residential,55.8937015025,-3.306979386
356,0.002606269976424572,0.002606269976424572,0.002606269976424572,residential,55.8780184,-3.33126563
357,0.0025601489065388673,0.0025601489065388673,0.0025601489065388673,residential,55.87750456,-3.329347057
358,0.002064140821508386,0.002064140821508386,0.002064140821508386,residential,55.87690224,-3.326148113
359,0.0017010856737703374,0.0017010856737703374,0.0017010856737703374,residential,55.88929684,-3.323178972
360,0.0015944160565974504,0.0015944160565974504,0.0015944160565974504,residential,55.87042742,-3.332899694
361,0.0494965034099508,0.0494965034099508,0.0494965034099508,residential,55.96679980766666,-3.2627937184333335
362,1.681902787835173,1.6418563673807476,1.681902787835173,residential,55.94081509666666,-3.225089560666667
363,0.005364587423212865,0.005364587423212865,0.005364587423212865,residential,55.905729175,-3.04660145675
364,0.08866459520656815,0.068426400147465,0.08866459520656815,residential,55.93858088,-3.329165851
365,0.003267492025148916,0.003267492025148916,0.003267492025148916,residential,55.94655431,-3.317551372
366,0.0023806420905817666,0.0023806420905817666,0.0023806420905817666,residential,55.9485824,-3.323996128
367,0.07504142815085209,0.0590310228144738,0.07504142815085209,residential,55.94676679,-3.327304686
368,2.4122095285280603,3.8748832587340063,3.8748832587340063,residential,55.94673936,-3.18744524
369,0.005191299647195489,0.005191299647195489,0.005191299647195489,residential,55.91713253,-3.099520881
370,0.014845846832448125,0.014845846832448125,0.014845846832448125,residential,55.91168132399999,-3.0861369492
371,0.005612602902314994,0.005612602902314994,0.005612602902314994,residential,55.88812283000001,-3.143922214
372,0.005252283440319588,0.005252283440319588,0.005252283440319588,residential,55.88388237,-3.1443401499999997
373,0.004260570674885818,0.004260570674885818,0.004260570674885818,residential,55.907320285,-3.0861381765
374,3.506799630625112,3.668420847902891,3.668420847902891,residential,55.943453574,-3.2012379175999994
375,0.02388131506014238,0.02388131506014238,0.02388131506014238,residential,55.864622455,-3.1863167294999997
376,0.6149010397994985,0.4740957140316164,0.6149010397994985,residential,55.962866635,-3.2045668725
377,0.0178354435747074,0.0178354435747074,0.0178354435747074,residential,55.962552100714284,-3.208313215642857
378,0.6224590717539806,0.47008089512612067,0.6224590717539806,residential,55.95705883000001,-3.2113837050000003
379,0.018118198300848543,0.018118198300848543,0.018118198300848543,residential,55.96708741857142,-3.2304496965714287
380,0.7388007209958957,0.7388007209958957,0.7388007209958957,residential,55.94981046837697,-3.144883265715532
381,0.021165494233423444,0.021165494233423444,0.021165494233423444,residential,55.897285499999995,-3.0528476854999997
382,0.1267994217245678,0.1267994217245678,0.1267994217245678,residential,55.868634311666675,-3.09367613275
383,0.019935009667454307,0.019935009667454307,0.019935009667454307,residential,55.86563769,-3.0908685030000003
384,3.5106352121249786,2.6627420690928654,3.5106352121249786,residential,55.95794252,-3.2077268620000003
385,0.003539612889270359,0.003539612889270359,0.003539612889270359,residential,55.91927449,-3.291535499
386,0.015403180139455899,0.015403180139455899,0.015403180139455899,residential,55.962574565,-3.15473394025
387,0.08769057442376402,0.08769057442376402,0.08769057442376402,residential,55.96393828575757,-3.1481836118484847
388,0.003697683356190799,0.003697683356190799,0.003697683356190799,residential,55.90273505,-3.282207799
389,0.4553507632804028,0.4553507632804028,0.4553507632804028,residential,55.90917823728097,-3.2652883916797584
390,0.008372666333654074,0.008372666333654074,0.008372666333654074,residential,55.96123076,-3.1530148540000003
391,0.0382566635584379,0.0382566635584379,0.0382566635584379,residential,55.922867150714296,-3.066166622035714
392,0.0461730027045443,0.0461730027045443,0.0461730027045443,residential,55.913567667894746,-3.0826493121578946
393,0.1220439420427556,0.1220439420427556,0.1220439420427556,residential,55.87828647954546,-3.1457709014545454
394,0.041354742094033746,0.041354742094033746,0.041354742094033746,residential,55.92531825166666,-3.262674435111111
395,0.0564174345784629,0.0564174345784629,0.0564174345784629,residential,55.922550817428565,-3.2846406419142866
396,0.0015042904936012254,0.0015042904936012254,0.0015042904936012254,residential,55.9265007,-3.22416375
397,0.6426359734421229,0.6589676409664823,0.6589676409664823,residential,55.95463169,-3.224983012
398,0.0941552367234329,0.0941552367234329,0.0941552367234329,residential,55.93153406521738,-3.2386178707826083
399,0.0374978504337075,0.0374978504337075,0.0374978504337075,residential,55.920214054999995,-3.2986122865416667
400,0.011629688576769676,0.011629688576769676,0.011629688576769676,residential,55.8781857,-3.185140815
401,0.056263610983014536,0.056263610983014536,0.056263610983014536,residential,55.8768305275,-3.18216749425
402,0.01087135582146247,0.01087135582146247,0.01087135582146247,residential,55.87458635,-3.193321713
403,0.0053204360818541905,0.0053204360818541905,0.0053204360818541905,residential,55.866482932500006,-3.1976668022499997
404,0.06727788137879222,0.06727788137879222,0.06727788137879222,residential,55.868512669999994,-3.171718455
405,0.0013189278046380375,0.0013189278046380375,0.0013189278046380375,residential,55.865658,-3.171471831
406,0.013574558337781926,0.013574558337781926,0.013574558337781926,residential,55.86688612,-3.173675591
407,0.00515568991388362,0.00515568991388362,0.00515568991388362,residential,55.9352099,-3.234794041
408,0.0306362695614162,0.0306362695614162,0.0306362695614162,residential,55.91300607631579,-3.149572850052632
409,0.003276234031868318,0.003276234031868318,0.003276234031868318,residential,55.90736082,-3.160519651
410,0.064552190133754,0.064552190133754,0.064552190133754,residential,55.90623136894736,-3.1479255851315786
411,0.0280184181003966,0.0280184181003966,0.0280184181003966,residential,55.90469639333333,-3.138492172666667
412,0.015641149156173616,0.015641149156173616,0.015641149156173616,residential,55.90488219999999,-3.1292444215714283
413,0.003980140613742318,0.003980140613742318,0.003980140613742318,residential,55.97188394333333,-3.3272712406666667
414,0.0014364573265060942,0.0014364573265060942,0.0014364573265060942,residential,55.9710812,-3.325888112
415,3.4549600368668685,3.7953844864231896,3.7953844864231896,residential,55.9703200325,-3.332974671
416,0.865588993135688,0.9505334149509428,0.9505334149509428,residential,55.97188229,-3.331672139
417,0.019712284447580972,0.019712284447580972,0.019712284447580972,residential,55.903470568,-3.1732605474000004
418,0.0798127852711911,0.0798127852711911,0.0798127852711911,residential,55.965574016666665,-3.1639642313333334
419,0.00419847196793073,0.00419847196793073,0.00419847196793073,residential,55.90503091,-3.176205123
420,0.0337570064700434,0.0337570064700434,0.0337570064700434,residential,55.9060684,-3.1533511978571434
421,1.8254144218604507,1.8413379336039655,1.8413379336039655,residential,55.947569575,-3.196849265
422,0.001381832557574326,0.001381832557574326,0.001381832557574326,residential,55.9653462,-3.172053077
423,0.008477186717352089,0.008477186717352089,0.008477186717352089,residential,55.906553815,-3.1558540885
424,0.0017217252878987865,0.0017217252878987865,0.0017217252878987865,residential,55.94948431,-3.196266305
425,0.2028944686064381,0.2028944686064381,0.2028944686064381,residential,55.90135820049383,-3.138347281358025
426,0.002861824487823611,0.002861824487823611,0.002861824487823611,residential,55.90483664,-3.136445949
427,0.013011156924335542,0.013011156924335542,0.013011156924335542,residential,55.93905593,-3.0578998325
428,0.1736825976317312,0.1736825976317312,0.1736825976317312,residential,55.93385803538462,-3.2310504816153838
429,1.3560036500104957,1.6977397934669054,1.6977397934669054,residential,55.958859511111115,-3.1827472294444443
430,0.4532008900240252,0.4532008900240252,0.4532008900240252,residential,55.89318725191275,-3.0526224270167783
431,0.0017661975822493023,0.0017661975822493023,0.0017661975822493023,residential,55.86408648,-3.070799013
432,0.007648271244379451,0.007648271244379451,0.007648271244379451,residential,55.8746125,-3.068093334
433,0.0038555171322787085,0.0038555171322787085,0.0038555171322787085,residential,55.87592308,-3.068734799
434,5.4036137456050195,4.647150950512928,5.4036137456050195,residential,55.95801446800001,-3.1751069409
435,0.0423435990448383,0.0423435990448383,0.0423435990448383,residential,55.90119848285715,-3.1643583830476185
436,3.3350345950562494,4.433327490663329,4.433327490663329,residential,55.94098049,-3.174833919
437,3.8033469820014303,5.1551566889442775,5.1551566889442775,residential,55.9413755,-3.173042751
438,0.017437874843007736,0.017437874843007736,0.017437874843007736,residential,55.9591752775,-3.16911929275
439,0.009151234917817446,0.009151234917817446,0.009151234917817446,residential,55.960860525,-3.171013886
440,0.0078012496991279,0.0078012496991279,0.0078012496991279,residential,55.96152251666666,-3.1683441736666667
441,0.0017087407851613485,0.0017087407851613485,0.0017087407851613485,residential,55.9635063,-3.170440337
442,0.07535558396468889,0.07535558396468889,0.07535558396468889,residential,55.93580032375,-3.087558378625
443,0.010962621419849626,0.010962621419849626,0.010962621419849626,residential,55.93508176,-3.091158682
444,0.004324159558241599,0.004324159558241599,0.004324159558241599,residential,55.912939035,-3.119760054
445,0.0039146792121068025,0.0039146792121068025,0.0039146792121068025,residential,55.91298418,-3.115164222
446,0.002524116770160177,0.002524116770160177,0.002524116770160177,residential,55.903236975,-3.3305596289999997
447,2.627308560981805,4.047305753042729,4.047305753042729,residential,55.936654145,-3.209054508
448,0.0819953255272523,0.0819953255272523,0.0819953255272523,residential,55.90481570857143,-3.285899198547619
449,0.05189996921211338,0.05189996921211338,0.05189996921211338,residential,55.904951482272736,-3.2775917913636365
450,0.7741107134174445,1.2812884672903218,1.2812884672903218,residential,55.945330215,-3.1956709805
451,0.018078414533893916,0.018078414533893916,0.018078414533893916,residential,55.864144800000005,-3.0900137
452,0.015969480922310285,0.015969480922310285,0.015969480922310285,residential,55.86546799,-3.0879767165
453,0.0020682073635881325,0.0020682073635881325,0.0020682073635881325,residential,55.95862696,-3.171429835
454,0.0428373920784688,0.0428373920784688,0.0428373920784688,residential,55.918810061333346,-3.2823125186666666
455,0.011086191409126072,0.011086191409126072,0.011086191409126072,residential,55.92063842666666,-3.2777318463333334
456,0.004206801213197644,0.004206801213197644,0.004206801213197644,residential,55.91914935,-3.279072965
457,0.008474212442591568,0.008474212442591568,0.008474212442591568,residential,55.91793221333333,-3.2769115336666665
458,0.010591794767742036,0.010591794767742036,0.010591794767742036,residential,55.916655090000006,-3.284238867666667
459,0.32719183213124514,0.32719183213124514,0.32719183213124514,residential,55.912172295000005,-3.2713981787727264
460,0.037902378061387396,0.037902378061387396,0.037902378061387396,residential,55.913602819090904,-3.278389717
461,0.012493216903978716,0.012493216903978716,0.012493216903978716,residential,55.91326162,-3.273608407
462,0.012659511942766188,0.012659511942766188,0.012659511942766188,residential,55.91173813,-3.27612026
463,0.012411611526720726,0.012411611526720726,0.012411611526720726,residential,55.91255628,-3.275080053
464,0.0318504980982825,0.0318504980982825,0.0318504980982825,residential,55.921751471250005,-3.280277951625
465,0.034752801504184555,0.034752801504184555,0.034752801504184555,residential,55.92562258125,-3.2819077319999996
466,0.0849747462227482,0.0849747462227482,0.0849747462227482,residential,55.92969547416667,-3.2822886180000004
467,0.01286987243371961,0.01286987243371961,0.01286987243371961,residential,55.96007399333333,-3.149543793
468,0.02921980732764246,0.02921980732764246,0.02921980732764246,residential,55.9544963,-3.1534584
469,3.909383621567842,6.034569597502463,6.034569597502463,residential,55.9376034625,-3.2024446422499997
470,14.495371017589877,18.88107341226549,18.88107341226549,residential,55.93848255611111,-3.1995846586111107
471,3.2486929905533857,2.86449376689855,3.2486929905533857,residential,55.95460220500001,-3.1708138
472,0.006798068536172456,0.006798068536172456,0.006798068536172456,residential,55.95602187,-3.161463814
473,0.1037956352350056,0.1037956352350056,0.1037956352350056,residential,55.93603822863636,-3.2455208473181827
474,0.6901470472783553,0.9522950663662076,0.9522950663662076,residential,55.93655392,-3.196995058
475,0.006064581150739494,0.006064581150739494,0.006064581150739494,residential,55.97272983,-3.167137733666667
476,0.004401240763429878,0.004401240763429878,0.004401240763429878,residential,55.97354867,-3.165947248
477,0.0376291037573869,0.01983426564865848,0.0376291037573869,residential,55.97582079,-3.169036413
478,0.002245318093980504,0.002245318093980504,0.002245318093980504,residential,55.96285142,-3.165961558
479,0.063060281408203,0.063060281408203,0.063060281408203,residential,55.97504558260868,-3.302293060152174
480,0.01163855901003769,0.01163855901003769,0.01163855901003769,residential,55.9740073925,-3.2895118642499996
481,0.004419218614714863,0.004419218614714863,0.004419218614714863,residential,55.87993943,-3.080615819
482,0.008952238411535467,0.008952238411535467,0.008952238411535467,residential,55.878728075,-3.081148044
483,0.011278167203736,0.011278167203736,0.011278167203736,residential,55.86469961125,-3.06617650425
484,0.001926840543470801,0.001926840543470801,0.001926840543470801,residential,55.97225654,-3.162214934
485,0.011507017752595,0.011507017752595,0.011507017752595,residential,55.88747399499999,-3.19748110575
486,0.0208942025986055,0.0208942025986055,0.0208942025986055,residential,55.89500797125,-3.20308606725
487,0.007110855705542046,0.007110855705542046,0.007110855705542046,residential,55.88595930666667,-3.182469068333333
488,0.0151430389425956,0.0151430389425956,0.0151430389425956,residential,55.88559857,-3.1932537539999997
489,0.005340841369501791,0.005340841369501791,0.005340841369501791,residential,55.883885945,-3.183202099
490,0.006219994603814225,0.006219994603814225,0.006219994603814225,residential,55.885189915,-3.1894753409999996
491,0.00847703775656694,0.00847703775656694,0.00847703775656694,residential,55.88472233000001,-3.187116054
492,0.0027773490492937025,0.0027773490492937025,0.0027773490492937025,residential,55.88396304,-3.178313514
493,0.0078537296805134,0.0078537296805134,0.0078537296805134,residential,55.882476274999995,-3.177912077
494,0.0974078584277313,0.0974078584277313,0.0974078584277313,residential,55.9682041345,-3.1778181845499995
495,0.012900725701250301,0.012900725701250301,0.012900725701250301,residential,55.86776049714286,-3.1303066278571423
496,0.006141479892622755,0.006141479892622755,0.006141479892622755,residential,55.86647714,-3.1355083765
497,0.008375921015576063,0.008375921015576063,0.008375921015576063,residential,55.86528796666667,-3.133552762333333
498,0.002153766132069356,0.002153766132069356,0.002153766132069356,residential,55.87053067,-3.13895891
499,0.25744166801169766,0.1914863204187435,0.25744166801169766,residential,55.967666475,-3.1751021505
500,0.008171799358254442,0.008171799358254442,0.008171799358254442,residential,55.97017622333334,-3.1805843683333332
501,0.0025891445102666976,0.0025891445102666976,0.0025891445102666976,residential,55.89213254,-3.156333906
502,0.0059704643523646565,0.0059704643523646565,0.0059704643523646565,residential,55.89441042,-3.1580257119999997
503,0.021400805707093,0.021400805707093,0.021400805707093,residential,55.89404848,-3.1624350872
504,1.8399487219108048,1.1334736628986883,1.8399487219108048,residential,55.971026011428556,-3.1734124264285706
505,0.0024282349000078565,0.002426753193368984,0.0024282349000078565,residential,55.96620976153846,-3.1915609599230765
506,0.00789787750457001,0.00789787750457001,0.00789787750457001,residential,55.968474677500005,-3.187992703
507,0.0024291317059003453,0.0024291317059003453,0.0024291317059003453,residential,55.96953775,-3.19001115
508,0.06784557553029,0.06784557553029,0.06784557553029,residential,55.927690368499995,-3.2768231098
509,0.005136927515489008,0.005136927515489008,0.005136927515489008,residential,55.97149496,-3.1785278555
510,0.017673823008361855,0.017673823008361855,0.017673823008361855,residential,55.94071795461538,-3.2970224126923076
511,0.0023014981642488328,0.0023014981642488328,0.0023014981642488328,residential,55.9595756,-3.172035831
512,2.7211819352487714,2.813809772205164,2.813809772205164,residential,55.945968259999994,-3.2049447962000004
513,1.8009936112631668,1.5870562757033124,1.8009936112631668,residential,55.954210398,-3.1742025764
514,0.0644142622900493,0.0644142622900493,0.0644142622900493,residential,55.91244345185186,-3.281573404962963
515,0.01251464101252278,0.01251464101252278,0.01251464101252278,residential,55.90871925,-3.24710835
516,0.2195755709939199,0.2195755709939199,0.2195755709939199,residential,55.91033234021739,-3.231756335978261
517,0.0778768852097424,0.0778768852097424,0.0778768852097424,residential,55.956073303000004,-3.28344709234
518,2.8661631037400594,3.4195384062769074,3.4195384062769074,residential,55.946198530000004,-3.199939619333333
519,0.8042911164006574,0.8687140255739859,0.8687140255739859,residential,55.95016109611111,-3.224309201444444
520,4.7381925847876785,5.508815784551892,5.508815784551892,residential,55.9426435075,-3.18171843825
521,0.0026190306808202874,0.0026190306808202874,0.0026190306808202874,residential,55.943911555,-3.1778465110000003
522,6.517497677375448,6.299098666251059,6.517497677375448,residential,55.944112131428575,-3.236726238714285
523,0.06821500752880909,0.06821500752880909,0.06821500752880909,residential,55.91956018428572,-3.2668217534285717
524,0.02764538587685992,0.02764538587685992,0.02764538587685992,residential,55.923019967500004,-3.25297638625
525,0.05529467141768078,0.05529467141768078,0.05529467141768078,residential,55.88865004043479,-3.081816294086956
526,0.0026848676643564167,0.0026848676643564167,0.0026848676643564167,residential,55.87323896,-3.082634111
527,0.004600900293937848,0.004600900293937848,0.004600900293937848,residential,55.871517839999996,-3.0793510069999996
528,0.008909340983911218,0.008909340983911218,0.008909340983911218,residential,55.87393061666666,-3.0805345010000003
529,0.003161528234167876,0.003161528234167876,0.003161528234167876,residential,55.90975489,-3.139883125
530,0.1991070887988515,0.1991070887988515,0.1991070887988515,residential,55.8964728245652,-3.1443177073695647
531,0.004241389503855511,0.004241389503855511,0.004241389503855511,residential,55.92056076,-3.307763153
532,0.0035480141188657423,0.0035480141188657423,0.0035480141188657423,residential,55.9372271,-3.236149
533,0.0279366018970932,0.0279366018970932,0.0279366018970932,residential,55.96547589055555,-3.2199091795555552
534,2.9631840122998763,1.814787933959484,2.9631840122998763,residential,55.97593334857144,-3.1955597402857143
535,0.11956154499146524,0.09026345612822007,0.11956154499146524,residential,55.97437063447368,-3.197193217342105
536,0.007346192034600246,0.007346192034600246,0.007346192034600246,residential,55.97780416333333,-3.211194153333333
537,0.002166047523265246,0.002166047523265246,0.002166047523265246,residential,55.97660125,-3.211028825
538,0.3044620821094459,0.2557077962869757,0.3044620821094459,residential,55.920743755000004,-3.142349241
539,0.017924858995676123,0.017924858995676123,0.017924858995676123,residential,55.92498354666666,-3.321974429166666
540,0.0122271500299382,0.0122271500299382,0.0122271500299382,residential,55.97974672555556,-3.215178404111111
541,0.343774454801813,0.3556430262863903,0.3556430262863903,residential,55.971664255714295,-3.307316104285714
542,0.005723555763273562,0.005723555763273562,0.005723555763273562,residential,55.97271044,-3.304359074
543,0.0047549545387883495,0.0047549545387883495,0.0047549545387883495,residential,55.93143316,-3.156899911
544,0.028637957049457003,0.028637957049457003,0.028637957049457003,residential,55.88273620933333,-3.1247205351333336
545,0.0033330126532807973,0.0033330126532807973,0.0033330126532807973,residential,55.88133172,-3.139747358
546,0.1976557243061591,0.1976557243061591,0.1976557243061591,residential,55.8844501614433,-3.081875001402062
547,0.0351901306132111,0.0351901306132111,0.0351901306132111,residential,55.95412249799999,-3.3007821083000004
548,3.9173898422765143,3.3629939973128544,3.9173898422765143,residential,55.97895949,-3.300853126
549,4.689188142223259,4.02600023453558,4.689188142223259,residential,55.97965611,-3.302102416
550,0.012698571050596734,0.012698571050596734,0.012698571050596734,residential,55.92724764,-3.2684963472499997
551,0.1128680112774996,0.1128680112774996,0.1128680112774996,residential,55.931548680441175,-3.2462599474705875
552,0.007816141513196711,0.01056959862623849,0.01056959862623849,residential,55.926934758333324,-3.2511887303333338
553,0.2150099211665451,0.2150099211665451,0.2150099211665451,residential,55.86548049337748,-3.1003974275695363
554,0.1036653468145468,0.13619953714408456,0.13619953714408456,residential,55.9091297,-3.332449479
555,0.07916938084009169,0.07916938084009169,0.07916938084009169,residential,55.87096590828572,-3.059184998085714
556,0.0014686421767198586,0.0014686421767198586,0.0014686421767198586,residential,55.96553525,-3.291955212
557,0.07138016043905168,0.07375483294061203,0.07375483294061203,residential,55.96803091,-3.308557813
558,1.222475961952387,1.2680938490881701,1.2680938490881701,residential,55.969609027999994,-3.3087039704999994
559,0.009612235023034824,0.009612235023034824,0.009612235023034824,residential,55.90185022,-3.265406669
560,0.006822400194374075,0.006822400194374075,0.006822400194374075,residential,55.90162124,-3.26891050975
561,0.011623752938693855,0.011623752938693855,0.011623752938693855,residential,55.90324653,-3.268285337
562,0.0422091525753389,0.0422091525753389,0.0422091525753389,residential,55.90413731578946,-3.228107013631579
563,0.07313075164800129,0.07313075164800129,0.07313075164800129,residential,55.90488754611111,-3.235733497055555
564,0.0507797709730999,0.0507797709730999,0.0507797709730999,residential,55.90747170038462,-3.2222085918461536
565,0.0037991990467577323,0.0037991990467577323,0.0037991990467577323,residential,55.90238442,-3.286901059
566,0.006726429192955039,0.006726429192955039,0.006726429192955039,residential,55.899934523333336,-3.294050192666667
567,0.0016236075985840911,0.0016236075985840911,0.0016236075985840911,residential,55.89911216,-3.298195171
568,0.5903557079231228,0.5903557079231228,0.5903557079231228,residential,55.922565186,-3.2495905848999995
569,0.1461598523873425,0.1461598523873425,0.1461598523873425,residential,55.96671914771429,-3.242193913571429
570,0.009892990231556644,0.009892990231556644,0.009892990231556644,residential,55.930423923333336,-3.2526222610000004
571,0.0066935304754448255,0.0066935304754448255,0.0066935304754448255,residential,55.91772354799999,-3.2256787162
572,0.3010668221268461,0.3010668221268461,0.3010668221268461,residential,55.917733050950226,-3.259906927131222
573,0.0423671126292825,0.0423671126292825,0.0423671126292825,residential,55.93001672625,-3.2585832034375
574,0.0035539558042228915,0.0035539558042228915,0.0035539558042228915,residential,55.89739076,-3.204313234
575,0.2080111019885364,0.2080111019885364,0.2080111019885364,residential,55.88039267405797,-3.0735944671449276
576,0.1674644606729192,0.1674644606729192,0.1674644606729192,residential,55.87716080453125,-3.078082676203125
577,1.2624857604069923,1.2976232480705596,1.2976232480705596,residential,55.93283055346153,-3.0683060755769227
578,0.06108809548398535,0.06108809548398535,0.06108809548398535,residential,55.910363258000004,-3.2294303001999998
579,0.010406996329229971,0.010406996329229971,0.010406996329229971,residential,55.91598464,-3.1313360058
580,0.5232255654925749,0.5232255654925749,0.5232255654925749,residential,55.955672962499996,-3.1436172305
581,0.2579937163385607,0.22082653975386257,0.2579937163385607,residential,55.94486147,-3.068842899
582,0.04724135577529055,0.03998669566896537,0.04724135577529055,residential,55.961617105,-3.3046120895
583,0.004502072425454137,0.004502072425454137,0.004502072425454137,residential,55.9076004,-3.22042395
584,0.06016826316924775,0.06016826316924775,0.06016826316924775,residential,55.910323077499996,-3.2744884919999997
585,0.09994247133070755,0.09994247133070755,0.09994247133070755,residential,55.94912025,-3.1346489366666668
586,0.005873616375212913,0.005873616375212913,0.005873616375212913,residential,55.9375902,-3.24243135
587,0.003165234211989435,0.003165234211989435,0.003165234211989435,residential,55.9383479,-3.1224472089999997
588,0.0016098166266027116,0.0016098166266027116,0.0016098166266027116,residential,55.93968533,-3.121979261
589,0.010500247961684585,0.010500247961684585,0.010500247961684585,residential,55.937049314999996,-3.240736385
590,2.653780250865018,1.6687214168490934,2.653780250865018,residential,55.97121649,-3.1697478795
591,0.007513989119198966,0.005933638980812149,0.007513989119198966,residential,55.972977805,-3.19310506
592,0.2566407094961891,0.2566407094961891,0.2566407094961891,residential,55.952546485,-3.1403802890000003
593,0.14287191411169267,0.14287191411169267,0.14287191411169267,residential,55.92901099333333,-3.2417316379999996
594,0.12093430064123979,0.12093430064123979,0.12093430064123979,residential,55.96695627538462,-3.2496093645769233
595,0.02957776265304078,0.02957776265304078,0.02957776265304078,residential,55.96305685615384,-3.247994233615384
596,0.007637973564534667,0.007637973564534667,0.007637973564534667,residential,55.971992965,-3.1872349939999998
597,0.011848563868032602,0.011848563868032602,0.011848563868032602,residential,55.97262246,-3.1802448979999998
598,4.0826637045109955,5.8301559888450285,5.8301559888450285,residential,55.95573775333333,-3.1914292356666665
599,0.00609097455250614,0.00609097455250614,0.00609097455250614,residential,55.948689035,-3.2992912705000004
600,0.0035844007014299802,0.0035844007014299802,0.0035844007014299802,residential,55.960042225,-3.1562399990000003
601,0.0027994605336831577,0.0027994605336831577,0.0027994605336831577,residential,55.97048684,-3.189657847
602,0.002135575405572247,0.002135575405572247,0.002135575405572247,residential,55.92500144,-3.257394219
603,0.007633797112690073,0.007633797112690073,0.007633797112690073,residential,55.92422666,-3.259136823
604,0.003074334204877893,0.003074334204877893,0.003074334204877893,residential,55.972363099999995,-3.175318312
605,0.04520785930299816,0.04520785930299816,0.04520785930299816,residential,55.913890345,-3.2585547645
606,0.009128672986146065,0.009128672986146065,0.009128672986146065,residential,55.912678639999996,-3.2517507695
607,0.9126291940122511,0.7903837007447879,0.9126291940122511,residential,55.95655412,-3.243239944
608,0.01967183555667653,0.01967183555667653,0.01967183555667653,residential,55.90728343,-3.226301817
609,0.016191333868036215,0.016191333868036215,0.016191333868036215,residential,55.966864173333335,-3.1481714076666667
610,0.0131635818004623,0.0131635818004623,0.0131635818004623,residential,55.97653535999999,-3.2400065856666664
611,0.01133137749471277,0.01133137749471277,0.01133137749471277,residential,55.97842164,-3.2316633436666664
612,0.0022678197311005034,0.0022678197311005034,0.0022678197311005034,residential,55.97744157,-3.23361583
613,0.0212797832012051,0.0212797832012051,0.0212797832012051,residential,55.970221069000004,-3.2274415377000003
614,0.00646431810624047,0.00646431810624047,0.00646431810624047,residential,55.968016829999996,-3.2260768745
615,0.003396656163454922,0.003396656163454922,0.003396656163454922,residential,55.9670543,-3.225062
616,0.004031540712352119,0.004031540712352119,0.004031540712352119,residential,55.969637735000006,-3.238589226
617,0.005460156388636171,0.005460156388636171,0.005460156388636171,residential,55.97045497,-3.244089977
618,0.0018638105819918055,0.0018638105819918055,0.0018638105819918055,residential,55.97158242,-3.240284019
619,0.0096263018904289,0.0096263018904289,0.0096263018904289,residential,55.98022993,-3.2311109575000003
620,0.0031245873406044278,0.0031245873406044278,0.0031245873406044278,residential,55.97896543,-3.22783749
621,0.006033735682150815,0.006033735682150815,0.006033735682150815,residential,55.979035865,-3.224459634
622,0.0028383368195602616,0.0028383368195602616,0.0028383368195602616,residential,55.9792957,-3.221604599
623,0.06104898309625011,0.06104898309625011,0.06104898309625011,residential,55.974180241,-3.2428266313000003
624,0.004482602125248868,0.004482602125248868,0.004482602125248868,residential,55.945184899999994,-3.0624965863333338
625,0.0037064891358042167,0.0037064891358042167,0.0037064891358042167,residential,55.95825222,-3.296205269
626,0.005791552356965102,0.005791552356965102,0.005791552356965102,residential,55.9757594,-3.24217325
627,0.021163126846727952,0.021163126846727952,0.021163126846727952,residential,55.97586986666667,-3.2443746116666667
628,0.011809419232371096,0.011809419232371096,0.011809419232371096,residential,55.961754925,-3.1501218360000003
629,0.0021576727159120326,0.0021576727159120326,0.0021576727159120326,residential,55.9341587,-3.2574206
630,0.002879318160221276,0.002879318160221276,0.002879318160221276,residential,55.93568494,-3.257961574
631,0.3636696475247483,0.3060681277536592,0.3636696475247483,residential,55.937288173333336,-3.2529220826666667
632,0.005439764900321905,0.005439764900321905,0.005439764900321905,residential,55.93311894,-3.2525327545
633,0.002142142129411437,0.002142142129411437,0.002142142129411437,residential,55.93420588,-3.261217986
634,0.03777659820667149,0.03777659820667149,0.03777659820667149,residential,55.93419186,-3.2383133593
635,0.039210352719420936,0.04009968578141587,0.04009968578141587,residential,55.94533285,-3.25829308
636,1.8254550573043151,1.8254550573043151,1.8254550573043151,residential,55.95149484,-3.2553649328749996
637,0.0036370444074378893,0.0036370444074378893,0.0036370444074378893,residential,55.97819925,-3.184511745
638,1.8599930963497133,1.605556967275367,1.8599930963497133,residential,55.96239329,-3.184799493
639,0.0055828891012664255,0.0055828891012664255,0.0055828891012664255,residential,55.9661798675,-3.18838949375
640,0.01540272390815213,0.01540272390815213,0.01540272390815213,residential,55.923871285000004,-3.264321761
641,10.640676479143576,10.07011274275584,10.640676479143576,residential,55.941755289999996,-3.221274147545454
642,0.001976569282267429,0.001976569282267429,0.001976569282267429,residential,55.89445932,-3.091859847
643,0.003591971337125999,0.003591971337125999,0.003591971337125999,residential,55.88057024,-3.121660215
644,0.0021722834565768147,0.0018434756577510951,0.0021722834565768147,residential,55.94055884,-3.286387494
645,0.036320488273418695,0.036320488273418695,0.036320488273418695,residential,55.96547977,-3.154287107
646,0.0028143880785733984,0.0028143880785733984,0.0028143880785733984,residential,55.96034589,-3.1766163195
647,0.0491195764433339,0.0491195764433339,0.0491195764433339,residential,55.96669759710526,-3.141357486578947
648,4.209517244115185,3.3876864064390215,4.209517244115185,residential,55.960638026000005,-3.20360072
649,1.667234731124164,1.3196815696080693,1.667234731124164,residential,55.959221025,-3.2266508605
650,0.0031822374292917064,0.0031822374292917064,0.0031822374292917064,residential,55.91447739,-3.13159417
651,0.0094932607263657,0.0094932607263657,0.0094932607263657,residential,55.914589910000004,-3.1356260455
652,0.045718163870554177,0.045718163870554177,0.045718163870554177,residential,55.96208967999999,-3.2740965583333335
653,0.013076208609671321,0.013076208609671321,0.013076208609671321,residential,55.933768210000004,-3.1085855017000004
654,0.03946452448713646,0.03378685942897668,0.03946452448713646,residential,55.943572991875,-3.2963619351875
655,0.0017075081119676642,0.0017075081119676642,0.0017075081119676642,residential,55.90879746,-3.306397387
656,0.0016308456325315095,0.0016308456325315095,0.0016308456325315095,residential,55.91047218,-3.299104826
657,0.015144700620961,0.015144700620961,0.015144700620961,residential,55.94893679416668,-3.04681435525
658,1.1866771963830265,1.105213924298134,1.1866771963830265,residential,55.942925425,-3.215640136
659,0.008130593356348843,0.008130593356348843,0.008130593356348843,residential,55.941085865000005,-3.045670399
660,0.009137687305834832,0.009137687305834832,0.009137687305834832,residential,55.943692850000005,-3.053109879
661,0.0161098098509341,0.0161098098509341,0.0161098098509341,residential,55.94498603,-3.0545623814285716
662,0.40435965079273956,0.30120723916820435,0.40435965079273956,residential,55.94508214000001,-3.059143877052631
663,0.01707629074974797,0.012989965309015609,0.01707629074974797,residential,55.94237415,-3.057770189
664,0.8950074703832093,0.9808416874845897,0.9808416874845897,residential,55.98061637,-3.328470109
665,0.0032425906581098804,0.0032425906581098804,0.0032425906581098804,residential,55.87947927,-3.127454345
666,0.0850489569099234,0.0850489569099234,0.0850489569099234,residential,55.937369571,-3.0846090898
667,0.004654741675094888,0.004654741675094888,0.004654741675094888,residential,55.94370479,-3.050780901
668,0.002665124622764152,0.002665124622764152,0.002665124622764152,residential,55.90281118,-3.181744748
669,0.1533098999556251,0.1533098999556251,0.1533098999556251,residential,55.912859762714284,-3.1021546200142853
670,0.2134947677820984,0.2134947677820984,0.2134947677820984,residential,55.876219608,-3.1605772713937497
671,0.001417222652246018,0.001417222652246018,0.001417222652246018,residential,55.94319526,-3.180113856
672,0.9400114643307669,0.9620406760431692,0.9620406760431692,residential,55.94435237,-3.181366069
673,0.0240489907397048,0.0240489907397048,0.0240489907397048,residential,55.9252735,-3.2697360674444442
674,0.004279647037073863,0.004279647037073863,0.004279647037073863,residential,55.923966925,-3.2716468919999997
675,0.005873283912288629,0.005873283912288629,0.005873283912288629,residential,55.9250306,-3.2673832185
676,0.0018132826124655154,0.0018132826124655154,0.0018132826124655154,residential,55.89535556,-3.075933411
677,0.0285294011120985,0.0285294011120985,0.0285294011120985,residential,55.933819328999995,-3.1303252048999997
678,0.01067133724536582,0.01067133724536582,0.01067133724536582,residential,55.9345390625,-3.1343007535
679,0.0501007577555712,0.0501007577555712,0.0501007577555712,residential,55.92872121428571,-3.1274078867142863
680,0.021162537761025217,0.021162537761025217,0.021162537761025217,residential,55.96782376428572,-3.2565077712857144
681,0.06008761522786952,0.06008761522786952,0.06008761522786952,residential,55.93646650000001,-3.0897275988000006
682,0.001864310358816216,0.001864310358816216,0.001864310358816216,residential,55.90461413,-3.1263969
683,0.05461103040105641,0.05461103040105641,0.05461103040105641,residential,55.89493969166667,-3.044664704666666
684,0.03224160226902372,0.03224160226902372,0.03224160226902372,residential,55.899364592,-3.0454518552
685,0.004761119994359828,0.004761119994359828,0.004761119994359828,residential,55.87829822,-3.141211668
686,0.1425784497435414,0.1425784497435414,0.1425784497435414,residential,55.8974710583721,-3.1383180594418607
687,0.002597352917444793,0.002597352917444793,0.002597352917444793,residential,55.88444115,-3.10863903
688,0.0013398336559117395,0.0013398336559117395,0.0013398336559117395,residential,55.90940553,-3.046222957
689,0.025150412333325958,0.025150412333325958,0.025150412333325958,residential,55.8790571,-3.1594914999999997
690,0.041054913268606004,0.041054913268606004,0.041054913268606004,residential,55.880157014,-3.1497161656
691,0.0022238507039666513,0.0022238507039666513,0.0022238507039666513,residential,55.89210745,-3.07270455
692,0.004725634415935464,0.004724788599852213,0.004725634415935464,residential,55.93859931,-3.242495943
693,0.006468971659481165,0.006468971659481165,0.006468971659481165,residential,55.93306359,-3.1398826155000004
694,0.008684825753701,0.008684825753701,0.008684825753701,residential,55.92010902,-3.2752355308
695,0.3045852724487051,0.3045852724487051,0.3045852724487051,residential,55.893362681463415,-3.0635462997804876
696,0.0475903721938721,0.0475903721938721,0.0475903721938721,residential,55.91819913636363,-3.112893679181818
697,0.0706723432449628,0.0706723432449628,0.0706723432449628,residential,55.874016368260875,-3.05613758726087
698,0.0046749026419928,0.0046749026419928,0.0046749026419928,residential,55.90103151333333,-3.0951522253333335
699,0.0014332565428040853,0.0014332565428040853,0.0014332565428040853,commercial,55.93180446,-3.295991867
700,0.21935678703344502,0.2099356525983671,0.21935678703344502,commercial,55.93483735,-3.314039763
701,2.333008193877463,3.0227093197009047,3.0227093197009047,commercial,55.95451345,-3.190809613
702,2.4771351478008423,2.043012704272556,2.4771351478008423,commercial,55.939560722727265,-3.228455037636364
703,0.005346312403615816,0.005346312403615816,0.005346312403615816,commercial,55.91950754,-3.30221062
704,3.3494823685735726,4.31871863567023,4.31871863567023,commercial,55.9463991075,-3.207203807875
705,0.2960022004097117,0.3661109720594244,0.3661109720594244,commercial,55.94727055,-3.208586129
706,0.0032112043402384455,0.0032112043402384455,0.0032112043402384455,commercial,55.934466,-3.122422183
707,0.011075757533104708,0.0104860942814078,0.011075757533104708,commercial,55.9362144,-3.10410485
708,0.07487528075838482,0.07487528075838482,0.07487528075838482,commercial,55.96655135,-3.13437445
709,0.010194861375127932,0.010194861375127932,0.010194861375127932,commercial,55.9143661,-3.251895648
710,0.9748346520236483,0.7657812570559377,0.9748346520236483,commercial,55.96290976,-3.201986211
711,0.037244301918730426,0.037244301918730426,0.037244301918730426,commercial,55.8754405275,-3.16777876325
712,0.2616166461790162,0.23827999777174041,0.2616166461790162,commercial,55.9297927,-3.29640295
713,1.2450256154304353,0.9616048107253851,1.2450256154304353,commercial,55.926784624999996,-3.232768781
714,0.0019790904177840562,0.0019790904177840562,0.0019790904177840562,commercial,55.96177761,-3.174259749
715,0.37976824876932275,0.813103033302728,0.813103033302728,commercial,55.94898296,-3.192814218
716,0.1917719146844489,0.15268822631068618,0.1917719146844489,commercial,55.92787385,-3.293826553
717,5.510798311711257,6.319947023904612,6.319947023904612,commercial,55.94473357500001,-3.2069157754999993
718,1.4458042211891402,1.4492011584370892,1.4492011584370892,commercial,55.94240269,-3.268740541
719,0.07544874641428109,0.07544874641428109,0.07544874641428109,commercial,55.972929692499996,-3.1842888220749996
720,0.0015858585231670165,0.0015858585231670165,0.0015858585231670165,commercial,55.97908608,-3.171273857
721,0.003009179572729646,0.003009179572729646,0.003009179572729646,commercial,55.91089852,-3.087735658
722,0.0185621407413088,0.0185621407413088,0.0185621407413088,commercial,55.978830911428574,-3.2318965832857143
723,0.0017794076416867313,0.0017794076416867313,0.0017794076416867313,commercial,55.98342741,-3.231888858
724,0.001596268433848375,0.001596268433848375,0.001596268433848375,commercial,55.93789775,-3.32082503
725,10.035668969298603,13.597771529892295,13.597771529892295,commercial,55.9526663659375,-3.2027588140312497
726,7.129652448580827,8.588450174067821,8.588450174067821,commercial,55.953500664,-3.1948437092
727,0.0012656135997132759,0.0012656135997132759,0.0012656135997132759,commercial,55.95710086,-3.192941993
728,0.0052019609211992005,0.0052019609211992005,0.0052019609211992005,commercial,55.946709495,-3.08027209225
729,0.8367373088785076,0.7134110425842732,0.8367373088785076,commercial,55.95836835,-3.242142232
730,0.05310445348731144,0.05310445348731144,0.05310445348731144,commercial,55.972725335897444,-3.1559735812820517
731,0.001462688912574431,0.001462688912574431,0.001462688912574431,commercial,55.97567986,-3.157846212
732,0.0014977770229918285,0.0014977770229918285,0.0014977770229918285,commercial,55.9749469,-3.155678885
733,1.3619705491717327,0.7044242480355184,1.3619705491717327,commercial,55.97531324444445,-3.165694385388889
734,0.003137371159618298,0.003137371159618298,0.003137371159618298,commercial,55.95957956,-3.169533315
735,0.10656826326658111,0.09177942442558198,0.10656826326658111,commercial,55.95788102,-3.171743228
736,0.04222245134187306,0.04222245134187306,0.04222245134187306,commercial,55.97226107,-3.1610724885
737,1.8769382455643575,1.3958927833674044,1.8769382455643575,commercial,55.98044245,-3.181628391
738,0.45655642091705484,0.40012310314691013,0.45655642091705484,commercial,55.95683932,-3.172376313
739,0.005727461831262997,0.005727461831262997,0.005727461831262997,commercial,55.952138812499996,-3.19846442525
740,8.338085815884062,5.940109302949127,8.338085815884062,commercial,55.97771082,-3.1767293435
741,0.004138471381912654,0.004138471381912654,0.004138471381912654,commercial,55.97829383,-3.180040443
742,0.03254131641993337,0.03254131641993337,0.03254131641993337,commercial,55.94667009,-3.135928802
743,0.004408144885609613,0.004408144885609613,0.004408144885609613,commercial,55.961559085000005,-3.166969043
744,0.3444358831585693,0.3137037004085813,0.3444358831585693,commercial,55.92982698,-3.299574298
745,0.07493589647479126,0.07511840878166441,0.07511840878166441,commercial,55.9233817,-3.247180296
746,1.7090152771957499,1.4329020111019335,1.7090152771957499,commercial,55.938636794000004,-3.2521875860000002
747,0.00416116205958374,0.004159844416239538,0.00416116205958374,commercial,55.93938785,-3.241741475
748,0.0066256599258718105,0.0066256599258718105,0.0066256599258718105,commercial,55.90686775,-3.226775957
749,0.03728298253672166,0.03728298253672166,0.03728298253672166,commercial,55.87113985,-3.177888178
750,1.0447746897369041,1.2904896394280787,1.2904896394280787,commercial,55.947341533333336,-3.2111676216666662
751,2.877800713575717,2.5053729697451637,2.877800713575717,commercial,55.9615549,-3.179971249
752,0.7059158037682809,0.61031445984845,0.7059158037682809,commercial,55.96570143,-3.187646439
753,9.009425265871899,6.32827367230418,9.009425265871899,commercial,55.97810755,-3.1743896
754,0.0012807081806570752,0.0012807081806570752,0.0012807081806570752,commercial,55.95609375,-3.201526504
755,1.666168661340932,1.253630452503606,1.666168661340932,commercial,55.927942484285715,-3.229651972714286
756,0.0214463016704363,0.0214463016704363,0.0214463016704363,commercial,55.96103561777778,-3.1711990046666667
757,0.007573054202555311,0.007573054202555311,0.007573054202555311,commercial,55.93641498666667,-3.278758771166667
758,0.003583122390845019,0.003583122390845019,0.003583122390845019,commercial,55.972303135,-3.1686016935
759,0.44996246946342017,0.4891713452213464,0.4891713452213464,commercial,55.93443512,-3.179369791
760,0.04520831164156515,0.04596700457827185,0.04596700457827185,commercial,55.92786514,-3.248075421
761,0.004988099449926153,0.004988099449926153,0.004988099449926153,commercial,55.9309622,-3.15702369
762,0.6622103309161401,0.48875009133651076,0.6622103309161401,commercial,55.96698820666668,-3.174287962833333
763,8.333174939675201,5.343096607077045,8.333174939675201,commercial,55.96859586285715,-3.1725005541428573
764,0.014959564086237404,0.014959564086237404,0.014959564086237404,commercial,55.951902412500004,-3.3043130874999997
765,0.09474630601154123,0.07142042952001328,0.09474630601154123,commercial,55.95726597,-3.216353781
766,0.005302701235220654,0.005302701235220654,0.005302701235220654,commercial,55.97331523666666,-3.1634484853333333
767,0.003419246491671408,0.003419246491671408,0.003419246491671408,commercial,55.96005347,-3.295703121
768,0.021186942352461536,0.021186942352461536,0.021186942352461536,commercial,55.96270738,-3.159287966
769,0.0023049116318322187,0.0023049116318322187,0.0023049116318322187,commercial,55.91984659,-3.129359724
770,2.295982389770261,2.4725887694641715,2.4725887694641715,commercial,55.94500108,-3.21738866075
771,0.43283318009946864,0.44307925679833454,0.44307925679833454,commercial,55.94471486,-3.250316181
772,1.3873460665562363,1.6275639369197685,1.6275639369197685,commercial,55.94577684,-3.201250782
773,0.00924690129427556,0.00924690129427556,0.00924690129427556,commercial,55.87672662,-3.148757303
774,4.132587635771516,3.7200642086581666,4.132587635771516,commercial,55.92697632,-3.20905698975
775,0.022600293124880183,0.01919737670290096,0.022600293124880183,commercial,55.94374633571429,-3.2869029715714286
776,0.0021893686117263737,0.0021893686117263737,0.0021893686117263737,commercial,55.97114528,-3.149848843
777,0.0017309507367254007,0.0017309507367254007,0.0017309507367254007,commercial,55.9747477,-3.238231405
778,0.034289140272601,0.034289140272601,0.034289140272601,commercial,55.93145285909091,-3.252160030272727
779,0.3275333064122014,0.4487807486278592,0.4487807486278592,commercial,55.94758664,-3.20687388
780,0.0067657725159808784,0.0067657725159808784,0.0067657725159808784,commercial,55.9756929175,-3.1697913825000006
781,0.0031959074037521402,0.0031959074037521402,0.0031959074037521402,commercial,55.92057264,-3.167227809
782,0.005690865976695962,0.005690865976695962,0.005690865976695962,commercial,55.94144185,-3.054110914
783,0.0130884816008649,0.0130884816008649,0.0130884816008649,commercial,55.943329688000006,-3.0475896312
784,0.005869852309965096,0.005869852309965096,0.005869852309965096,commercial,55.89358356,-3.06857491
785,0.003695081638994631,0.003695081638994631,0.003695081638994631,commercial,55.93762822,-3.234742851
786,2.367271609202199,2.367271609202199,2.367271609202199,commercial,55.9268633,-3.189272722
787,0.010137022745077731,0.010137022745077731,0.010137022745077731,commercial,55.9550821,-3.159720203
788,0.5337240561706864,0.3845871580761113,0.5337240561706864,commercial,55.95679568749999,-3.12181645125
789,0.0023591783491180075,0.0023591783491180075,0.0023591783491180075,commercial,55.93008957,-3.17567926
790,0.07765326777129865,0.07765326777129865,0.07765326777129865,commercial,55.89568459,-3.312647866
791,0.037908774144961604,0.037908774144961604,0.037908774144961604,commercial,55.938071726153844,-3.059030016846154
792,0.005913152925801749,0.005913152925801749,0.005913152925801749,commercial,55.976059230000004,-3.183734963
793,0.013110764105962212,0.013110764105962212,0.013110764105962212,commercial,55.958794133333335,-3.167554044333334
794,0.0021488592048326703,0.0021488592048326703,0.0021488592048326703,commercial,55.88792098,-3.094437964
795,0.001341427194833573,0.001341427194833573,0.001341427194833573,commercial,55.95472217,-3.110451106
796,0.1593617137378127,0.1593617137378127,0.1593617137378127,commercial,55.9562518,-3.13255965
797,0.16211847996478027,0.16211847996478027,0.16211847996478027,commercial,55.95159165,-3.142210146
798,0.01203570726189717,0.01203570726189717,0.01203570726189717,commercial,55.91972041,-3.2955888645
799,0.0028078784399517102,0.0028078784399517102,0.0028078784399517102,commercial,55.86586606,-3.055098436
800,3.7414589104235647,3.014091621608251,3.7414589104235647,commercial,55.94957816,-3.100264056
801,0.3942439362423853,0.3942439362423853,0.3942439362423853,commercial,55.96652058285714,-3.1556471695714285
802,0.08568015469365572,0.08568015469365572,0.08568015469365572,commercial,55.95980331,-3.147801077
803,0.005579742294920165,0.005579742294920165,0.005579742294920165,commercial,55.9036561,-3.141943246
804,0.006349731618907555,0.006349731618907555,0.006349731618907555,commercial,55.91352574,-3.146293219
805,0.001479662871272148,0.001479662871272148,0.001479662871272148,commercial,55.93461515,-3.308931589
806,0.0016728444269587448,0.0016728444269587448,0.0016728444269587448,commercial,55.9477085,-3.193456613
807,0.3715335255769681,0.3715335255769681,0.3715335255769681,commercial,55.953274032,-3.11512919
808,0.0397470133493829,0.0397470133493829,0.0397470133493829,commercial,55.970392341428564,-3.188093785928572
809,1.5930462867083837,2.3312094798782446,2.3312094798782446,commercial,55.95059577500001,-3.2068253398333333
810,0.002195975453599563,0.002195975453599563,0.002195975453599563,commercial,55.9073373,-3.209170905
811,0.002091593763198918,0.002091593763198918,0.002091593763198918,commercial,55.963067,-3.165269089
812,0.0024532743562477744,0.0024532743562477744,0.0024532743562477744,commercial,55.96200086,-3.169731806
813,1.145729251141045,1.281178621782458,1.281178621782458,commercial,55.9509307,-3.213436743
814,0.6268293107728375,0.7007418293298484,0.7007418293298484,commercial,55.95005734,-3.211297762
815,0.37687536244004366,0.23804847088312575,0.37687536244004366,commercial,55.96363507,-3.178813905
816,6.355965065790885,4.600128281319433,6.355965065790885,commercial,55.965007981999996,-3.1776355036000004
817,3.4818924190115963,3.395831928693244,3.4818924190115963,commercial,55.92429049,-3.176904431
818,0.003085725284257623,0.003085725284257623,0.003085725284257623,commercial,55.9707726,-3.181644827
819,0.0027061174098477474,0.0027061174098477474,0.0027061174098477474,commercial,55.97307428,-3.167040581
820,2.730838836825724,2.355320355731152,2.730838836825724,commercial,55.96362937,-3.185891385
821,0.20587415185475735,0.20587415185475735,0.20587415185475735,commercial,55.923913065,-3.2445216654999998
822,0.1515545201368553,0.1515545201368553,0.1515545201368553,commercial,55.91594581666667,-3.240378949666667
823,4.397234539338665,4.90497157149018,4.90497157149018,commercial,55.95246469,-3.191802303
824,0.16626542560933322,0.17959216719318635,0.17959216719318635,commercial,55.95250356,-3.22581242
825,0.0019507672361516344,0.0019507672361516344,0.0019507672361516344,commercial,55.89651754,-3.097062254
826,0.009300577261977451,0.009300577261977451,0.009300577261977451,commercial,55.88443801,-3.080693012
827,0.003995805709160094,0.003365886273225059,0.003995805709160094,commercial,55.97103292,-3.213515555
828,2.216217622881365,2.216217622881365,2.216217622881365,commercial,55.95195802863637,-3.111270459318182
829,0.078274038573102,0.078274038573102,0.078274038573102,commercial,55.95320469,-3.112668265
830,0.34200101592919074,0.2833174666787091,0.34200101592919074,commercial,55.957886485,-3.1224992805
831,0.0012990974510489026,0.0012990974510489026,0.0012990974510489026,commercial,55.94712291,-3.130559505
832,0.0031123799839376915,0.0031123799839376915,0.0031123799839376915,commercial,55.93026966,-3.267550763
833,0.0013384696195178883,0.0013384696195178883,0.0013384696195178883,commercial,55.9771549,-3.200043173
834,0.0037129785127103386,0.0037129785127103386,0.0037129785127103386,commercial,55.90585225,-3.221282
835,0.13253469658435305,0.13253469658435305,0.13253469658435305,commercial,55.89678146,-3.3070872270000002
836,0.5363632930870368,0.5363632930870368,0.5363632930870368,commercial,55.950567085,-3.1096717967500003
837,0.46133275567051857,0.46133275567051857,0.46133275567051857,commercial,55.95054144666667,-3.1133236733333334
838,1.2896155635941717,1.2896155635941717,1.2896155635941717,commercial,55.957042494285716,-3.2473684214285714
839,0.2734719654943307,0.2734719654943307,0.2734719654943307,commercial,55.957895535000006,-3.2496682320000003
840,0.14314237652122117,0.14314237652122117,0.14314237652122117,commercial,55.916222675,-3.260781334333334
841,0.07501973260929609,0.07501973260929609,0.07501973260929609,commercial,55.909412593333336,-3.2331014916666665
842,0.007733517579668518,0.007733517579668518,0.007733517579668518,commercial,55.903536965,-3.2895934455000004
843,0.0019519624099472378,0.0019519624099472378,0.0019519624099472378,commercial,55.90223069,-3.220911852
844,0.0035112095563882392,0.0035112095563882392,0.0035112095563882392,commercial,55.91222094,-3.163622415
845,0.00925949673403504,0.00925949673403504,0.00925949673403504,commercial,55.91402584,-3.1594275085000003
846,0.06320567943946238,0.06320567943946238,0.06320567943946238,commercial,55.94156229,-3.115292363
847,0.040722495977796196,0.040722495977796196,0.040722495977796196,commercial,55.90863736,-3.2285740938
848,0.12829107556149633,0.12829107556149633,0.12829107556149633,commercial,55.95679044,-3.252756687
849,0.0019228237883658426,0.0019228237883658426,0.0019228237883658426,commercial,55.95680539,-3.149664645
850,0.003061134742151656,0.003061134742151656,0.003061134742151656,commercial,55.93175326,-3.254354257
851,0.9717152063258467,0.9345426711446859,0.9717152063258467,commercial,55.940792605,-3.2760164755
852,3.320860445859103e-05,2.5154800363643826e-05,3.320860445859103e-05,commercial,55.94259689,-3.279943919
853,0.010424761727258687,0.010424761727258687,0.010424761727258687,commercial,55.918446544999995,-3.3008772935
854,0.42219412338386203,0.34846602483321615,0.42219412338386203,commercial,55.93812377,-3.22996223
855,0.17148489028266078,0.14690446659631504,0.17148489028266078,commercial,55.94354903,-3.062674069
856,0.0015284895594797148,0.0015284895594797148,0.0015284895594797148,commercial,55.9276452,-3.1127334
857,0.00639726687327931,0.00639726687327931,0.00639726687327931,commercial,55.93650786,-3.063542385
858,1.3672501923998872,1.5390257533192855,1.5390257533192855,commercial,55.9444398,-3.185214157
859,1.854285910303127,2.216032384518795,2.216032384518795,commercial,55.9456673,-3.1852223715
860,0.007430922108427405,0.007430922108427405,0.007430922108427405,commercial,55.94364525666666,-3.319676996333333
861,0.006876081992206666,0.006876081992206666,0.006876081992206666,commercial,55.93233696,-3.1405397615
862,0.0031045847947593066,0.0031045847947593066,0.0031045847947593066,commercial,55.91861445,-3.277513624
863,0.008672669074677888,0.008672669074677888,0.008672669074677888,commercial,55.89447535,-3.162846137
864,1.4567352770156665,1.9462670454484934,1.9462670454484934,commercial,55.95142776,-3.182899925
865,0.017900812332623518,0.017900812332623518,0.017900812332623518,commercial,55.93425594571428,-3.1430681865714285
866,0.005603964301263347,0.005603964301263347,0.005603964301263347,commercial,55.95776823,-3.163828018
867,0.0060444772891159815,0.0060444772891159815,0.0060444772891159815,commercial,55.97163267,-3.253645829
868,2.416721944485834,2.733148530574882,2.733148530574882,commercial,55.95130784,-3.184545404
869,0.0036956285039403134,0.0036956285039403134,0.0036956285039403134,commercial,55.92943747,-3.13251356
870,0.00366046926879474,0.00366046926879474,0.00366046926879474,commercial,55.90647817,-3.097085084
871,0.8215964578937387,0.8215964578937387,0.8215964578937387,hospital,55.92901442,-3.198237379
872,0.11524027738636192,0.11904523494628735,0.11904523494628735,hospital,55.94376147,-3.26428492
873,0.66267405268236,0.66267405268236,0.66267405268236,hospital,55.92747549,-3.202417234
874,0.778415031596167,0.6723148356893136,0.778415031596167,hospital,55.96229848,-3.235026189
875,0.019987313052642265,0.011023306375732445,0.019987313052642265,hospital,55.92214178,-3.134855691
876,0.005888547317366195,0.005888547317366195,0.005888547317366195,hospital,55.90851693,-3.154093206
877,0.07318431221872022,0.08850807440488132,0.08850807440488132,hospital,55.92711602,-3.217728499
878,0.0021312622818031174,0.0021312622818031174,0.0021312622818031174,hospital,55.88040442,-3.090131883
879,1.1211249597279238,0.9415670723569121,1.1211249597279238,hospital,55.92096285,-3.139081918
880,0.0049483561872290934,0.0049483561872290934,0.0049483561872290934,hospital,55.90878163,-3.097672519
881,0.007023056375619977,0.007023056375619977,0.007023056375619977,hospital,55.90951615,-3.14950038
882,2.3870999437415743,3.9498343703559247,3.9498343703559247,hospital,55.94434540333333,-3.1977744023333337
883,0.001664046729547248,0.001664046729547248,0.001664046729547248,hospital,55.97141465,-3.17608361
884,0.005411435003907182,0.005411435003907182,0.005411435003907182,hospital,55.96803728,-3.144357653
