poi_id,inflow_per_hour,outflow_per_hour,demand_per_hour,category,lat,lon
0,0.00012622400238897414,0.00012622400238897414,0.0002524480047779483,library,55.9162285,-3.2851455
1,4.505165608271015e-07,3.109164676345474e-07,7.614330284616489e-07,library,55.9407099,-3.2810362
2,0.0005442480075592409,0.0005437309306299858,0.0010879789381892267,library,55.9427446,-3.0563335
3,0.07830645353431122,0.11675065706915153,0.19505711060346276,library,55.9474192,-3.18728575
4,0.0001281057293787461,0.0001281057293787461,0.0002562114587574922,library,55.9331942,-3.1367474
5,0.0002455422643144106,0.0002455422643144106,0.0004910845286288212,library,55.8717713,-3.1137959
6,0.0001737189412552578,0.0001737189412552578,0.0003474378825105156,library,55.9201125,-3.2875585
7,0.0001014273136145591,0.0001014273136145591,0.0002028546272291182,library,55.9754823,-3.1800469
8,0.030766892731934663,0.03255222896834629,0.06331912170028095,library,55.9506224,-3.1808417
9,0.07323242581498801,0.09647426374666386,0.16970668956165186,library,55.9334673,-3.2128229
10,0.0543259288948713,0.1782712918812062,0.23259722077607747,library,55.948668825999995,-3.1919613932
11,0.0002195172899008994,0.0002195172899008994,0.0004390345798017988,library,55.9028613,-3.1531137
12,0.0003327022593126643,0.0003327022593126643,0.0006654045186253286,library,55.8796264,-3.1535729
13,0.3392406489381795,0.33868829104594117,0.6779289399841206,library,55.939691,-3.1818686
14,0.01985452511432029,0.04045810582210527,0.060312630936425554,library,55.9460774,-3.2005191
15,0.00010778072420568804,0.00010778072420568804,0.00021556144841137608,library,55.87442,-3.0485666
16,0.00010394248688301635,0.00010394248688301635,0.0002078849737660327,library,55.9767277,-3.2267667
17,0.00018866528519482286,0.00018866528519482286,0.0003773305703896457,library,55.9162181,-3.1102172
18,7.433324106796853e-05,7.433324106796853e-05,0.00014866648213593707,library,55.949736,-3.1949634
19,0.010129956851452262,0.006429804719686638,0.0165597615711389,library,55.9246932,-3.2880002
20,0.00019850583499240673,0.00019850583499240673,0.00039701166998481346,library,55.89286101,-3.070264127
21,7.945687537464909e-05,7.945687537464909e-05,0.00015891375074929818,library,55.9616459,-3.26096943
22,0.012832918381696928,0.026069872052724912,0.03890279043442184,library,55.94266114,-3.188989747
23,0.00011912837786168837,0.00011912837786168837,0.00023825675572337673,library,55.91345709,-3.134949632
24,0.09727936760141372,0.0718056949340932,0.16908506253550692,library,55.94010782,-3.218358857
25,0.0022890493511178774,0.0022890493511178774,0.004578098702235755,library,55.89609792,-3.311059707
26,0.22177200769318767,0.16819765349645396,0.3899696611896416,library,55.93663051,-3.179831189
27,0.010086141227272742,0.012587891200163388,0.022674032427436132,library,55.90876593,-3.322166531
28,0.004888960750375043,0.004888960750375043,0.009777921500750086,library,55.95503729,-3.142267856
29,0.06257357809922727,0.05501044196001053,0.11758402005923779,library,55.9514455,-3.178098866
30,4.662981598167253e-05,4.662981598167253e-05,9.325963196334505e-05,library,55.9320804,-3.179735895
31,0.059376277538375925,0.0352819276642427,0.09465820520261863,library,55.92889298,-3.209940931
32,0.0043071165253731145,0.0034430967619524006,0.007750213287325515,library,55.93725887,-3.248423134
33,0.21108136958348497,0.14190003020552253,0.3529813997890075,library,55.96134562,-3.181388959
34,0.00010411130159137296,0.00010411130159137296,0.00020822260318274592,library,55.86672505,-3.06583005
35,0.04720014604265736,0.09943221985579775,0.14663236589845513,library,55.92290461,-3.174976595
36,0.00043135500650456866,0.00043135500650456866,0.0008627100130091373,library,55.90672481,-3.251408978
37,0.0002614365456456551,0.0002614365456456551,0.0005228730912913102,library,55.95538392,-3.287034985
38,0.08806590555776295,0.07508372046311695,0.1631496260208799,library,55.95891962,-3.207839007
39,9.254553719738117e-05,9.254553719738117e-05,0.00018509107439476234,library,55.90531345,-3.134191235
40,0.0024853626333314455,0.0024853626333314455,0.004970725266662891,library,55.95337271,-3.116759644
41,5.201444821994554e-05,5.201444821994554e-05,0.00010402889643989108,library,55.96651862,-3.205719224
42,0.00012773597551111993,0.00012773597551111993,0.00025547195102223986,library,55.90529096,-3.223430258
43,0.025503787737090798,0.03530479309667744,0.060808580833768236,library,55.95050315,-3.213323145
44,0.0011967529761338703,0.0011967529761338703,0.0023935059522677406,school,55.973634080000004,-3.2507802496666667
45,0.00011584624036879921,0.00011584624036879921,0.00023169248073759841,school,55.9666246,-3.2259783
46,0.00011916166542571242,0.00011916166542571242,0.00023832333085142484,school,55.9344588,-3.1233362
47,0.00022401651037644497,0.00022401651037644497,0.00044803302075288994,school,55.9609479,-3.171037
48,0.07027127634318978,0.038486817525241114,0.10875809386843088,school,55.9768772,-3.1719622
49,7.23184053062984e-05,7.23184053062984e-05,0.0001446368106125968,school,55.9471277,-3.2137763
50,5.589190354965086e-05,5.589190354965086e-05,0.00011178380709930172,school,55.9529392,-3.1994168
51,0.014983687753861389,0.013805332752845748,0.028789020506707137,school,55.9430316,-3.0674452
52,0.00038769627466349836,0.00038769627466349836,0.0007753925493269967,school,55.928444539999994,-3.273827281333333
53,0.0004338280642142675,0.0004338280642142675,0.000867656128428535,school,55.95238672,-3.2800213066666664
54,0.00020779524715001628,0.00020779524715001628,0.00041559049430003257,school,55.9037635,-3.1653365
55,0.00015756319075972675,0.00015756319075972675,0.0003151263815194535,school,55.9173669,-3.1693957
56,0.0007861588455161598,0.0007861588455161598,0.0015723176910323196,school,55.901250454999996,-3.045115402
57,0.0036927590589757977,0.0036927590589757977,0.007385518117951595,school,55.9518817,-3.1132882
58,0.00011377532172716557,0.00011377532172716557,0.00022755064345433113,school,55.9339879,-3.1470357
59,0.00040592994401420423,0.00040592994401420423,0.0008118598880284085,school,55.934923133333335,-3.127840397
60,6.450077704877688e-05,6.450077704877688e-05,0.00012900155409755376,school,55.9555238,-3.152655
61,6.911910336438593e-05,6.911910336438593e-05,0.00013823820672877185,school,55.97648064,-3.186195735
62,0.0002925150969654692,0.0002925150969654692,0.0005850301939309384,school,55.97141011,-3.304438658
63,9.208147097159695e-06,9.20610249444696e-06,1.8414249591606657e-05,school,55.96571475,-3.189293486
64,0.0001477178539323004,0.0001477178539323004,0.0002954357078646008,school,55.89809051,-3.153343637
65,9.101331014809486e-05,9.101331014809486e-05,0.00018202662029618972,school,55.94313161,-3.044215958
66,7.28209995490341e-05,7.28209995490341e-05,0.0001456419990980682,school,55.97530208,-3.213430479
67,0.012012890910252875,0.012012890910252875,0.02402578182050575,school,55.89629569,-3.321238961
68,0.00035377043044595367,0.00035377043044595367,0.0007075408608919073,school,55.93628395,-3.10452498
69,9.89465493441019e-05,9.89465493441019e-05,0.0001978930986882038,school,55.93196186,-3.290187042
70,0.00010010750567024237,0.00010010750567024237,0.00020021501134048474,school,55.91279734,-3.135086424
71,0.00010119796006774598,0.00010119796006774598,0.00020239592013549196,school,55.9227861,-3.161746013
72,0.043476829286074686,0.044870738135914696,0.08834756742198938,school,55.936801335,-3.2008669540000003
73,5.3686786442706314e-05,5.3686786442706314e-05,0.00010737357288541263,school,55.92954816,-3.218452366
74,4.6576841931201795e-05,4.6576841931201795e-05,9.315368386240359e-05,school,55.92144785,-3.212312889
75,0.006727906255150796,0.00951715124468124,0.016245057499832037,school,55.96472063,-3.227396912
76,0.0001480391617088358,0.0001480391617088358,0.0002960783234176716,school,55.92244893,-3.281525523
77,0.0235869580433541,0.018457740480776946,0.04204469852413105,school,55.95800006,-3.224834063
78,0.0015609971702243133,0.0015609971702243133,0.0031219943404486267,school,55.91520901,-3.236387153
79,0.00018844236825937415,0.00018844236825937415,0.0003768847365187483,school,55.97340853,-3.25496947
80,6.143026763965844e-05,6.143026763965844e-05,0.00012286053527931688,school,55.94601851,-3.194495974
81,0.00013125181285985287,0.00013125181285985287,0.00026250362571970574,school,55.93401846,-3.135939249
82,0.0012529218221746421,0.0012529218221746421,0.0025058436443492842,school,55.96550097,-3.161601955
83,0.0007978934907266222,0.0007978934907266222,0.0015957869814532445,school,55.96581272,-3.16568221
84,0.0201856285539395,0.010168511478834425,0.030354140032773924,school,55.96607325,-3.174593907
85,0.022332861379746192,0.019849679895284453,0.04218254127503064,school,55.96051884,-3.190140901
86,0.0094996185380985,0.007529116610027775,0.017028735148126275,school,55.95395103,-3.227191859
87,0.00428918496592579,0.00428918496592579,0.00857836993185158,school,55.95989658,-3.144027159
88,0.00016417562770303405,0.00016417562770303405,0.0003283512554060681,school,55.96047022,-3.150131239
89,0.036565589034424986,0.04013743275587331,0.0767030217902983,school,55.93731601,-3.210468677
90,0.0025490164018158305,0.0025490164018158305,0.005098032803631661,school,55.8976554,-3.312464512
91,0.010150905987596935,0.005222855645475137,0.015373761633072072,school,55.94003635,-3.22969552
92,0.018641059630823822,0.018641059630823822,0.037282119261647644,school,55.92929159,-3.204512687
93,0.00013377189356706672,0.00013377189356706672,0.00026754378713413345,school,55.93011752,-3.136394641
94,0.000388011573342585,0.000388011573342585,0.00077602314668517,school,55.904732225000004,-3.1519274765
95,0.00010459272779902576,0.00010459272779902576,0.00020918545559805152,school,55.90568832,-3.195786497
96,0.00017943819647840473,0.00017943819647840473,0.00035887639295680945,school,55.91467426,-3.152929869
97,0.07720997786431298,0.03603956588453699,0.11324954374884996,school,55.97039798,-3.168530954
98,0.00024033407183531274,0.00024033407183531274,0.0004806681436706255,school,55.93096126,-3.158853695
99,4.927186723100468e-05,4.927186723100468e-05,9.854373446200935e-05,school,55.94115031,-3.143186577
100,0.004474338833436815,0.004474338833436815,0.00894867766687363,school,55.94465608,-3.112302672
101,0.006677108235883335,0.006854857876853676,0.01353196611273701,school,55.94181512,-3.103658592
102,0.004774079912694431,0.004774079912694431,0.009548159825388862,school,55.95384451,-3.140325816
103,0.004051860348832305,0.004051860348832305,0.00810372069766461,school,55.94827664,-3.143794514
104,0.00018618838164075058,0.00018618838164075058,0.00037237676328150116,school,55.9157084,-3.10995788
105,0.00022115755155915914,0.00022115755155915914,0.0004423151031183183,school,55.89880791,-3.163266758
106,0.00017643025392689022,0.00017643025392689022,0.00035286050785378044,school,55.9120591,-3.25208321
107,7.939222566510576e-05,7.939222566510576e-05,0.00015878445133021152,school,55.90744961,-3.138053064
108,0.0008164721142177142,0.0007674574623255687,0.001583929576543283,school,55.9547593,-3.11289202
109,0.006647281630965332,0.006647281630965332,0.013294563261930663,school,55.95226678,-3.251324577
110,7.25122080723145e-05,7.25122080723145e-05,0.000145024416144629,school,55.93669416,-3.071220324
111,0.00011679173908482954,0.00011679173908482954,0.00023358347816965908,school,55.94487493,-3.305946297
112,0.000285129162110933,0.000285129162110933,0.000570258324221866,school,55.9082668,-3.236722024
113,0.00034740632568255804,0.00034740632568255804,0.0006948126513651161,school,55.91130701,-3.229532705
114,0.0011684494023664648,0.0011684494023664648,0.0023368988047329296,school,55.86914414,-3.184162494
115,0.00013806652154984132,0.00013806652154984132,0.00027613304309968264,school,55.91590523,-3.280526468
116,5.636425886247101e-05,5.636425886247101e-05,0.00011272851772494201,school,55.90020311,-3.30266603
117,0.00014990701321596008,0.00014990701321596008,0.00029981402643192016,school,55.91981411,-3.293193881
118,0.00011091709253450862,0.00011091709253450862,0.00022183418506901723,school,55.91732134,-3.290462532
119,0.02141434648534843,0.02141434648534843,0.04282869297069686,school,55.92905971,-3.202540868
120,4.661871932344348e-05,4.661871932344348e-05,9.323743864688696e-05,school,55.94796102,-3.130809012
121,0.0001392728950476259,0.0001392728950476259,0.0002785457900952518,school,55.95143692,-3.301556681
122,0.08023105308000622,0.07053369525791472,0.15076474833792095,school,55.95171849,-3.177277892
123,0.03775985584369633,0.04920803778130354,0.08696789362499988,school,55.94913413,-3.185107078
124,0.017316101439259556,0.00682858171332381,0.024144683152583366,school,55.97662773,-3.195046258
125,0.05894239534194129,0.038853456060827414,0.0977958514027687,school,55.93837779,-3.187666428
126,0.024908500484813478,0.019540289814898526,0.04444879029971201,school,55.96093269,-3.221957867
127,0.00011788087585987476,0.00011788087585987476,0.0002357617517197495,school,55.96369494,-3.284965249
128,0.00010697332407162835,0.00010697332407162835,0.0002139466481432567,school,55.92545629,-3.166402291
129,0.0167129358954919,0.012531197890312122,0.029244133785804025,school,55.96078899,-3.205467915
130,0.03646870238532853,0.031098809804448378,0.06756751218977691,school,55.9594464,-3.207640299
131,8.555201156375567e-05,8.555201156375567e-05,0.00017110402312751135,school,55.96215765,-3.245534653
132,0.0008926587439528919,0.0008926587439528919,0.0017853174879057837,school,55.97160719,-3.159862063
133,0.05272616757406909,0.04738081726747465,0.10010698484154373,school,55.94339683,-3.206475218
134,0.004607461158305614,0.004607461158305614,0.009214922316611227,school,55.96768089,-3.156771179
135,0.0001572759700464523,0.0001572759700464523,0.0003145519400929046,school,55.95613413,-3.16983825
136,0.08638554554758436,0.08018521850877303,0.1665707640563574,school,55.95951465,-3.187549931
137,0.08493972722100973,0.05909133558535935,0.14403106280636907,school,55.96019702,-3.179226226
138,0.000666569221781782,0.0005695851907634107,0.0012361544125451926,school,55.95056387,-3.232223558
139,0.00017237737508385794,0.00017237737508385794,0.0003447547501677159,school,55.93540736,-3.23941739
140,0.0004635183267096291,0.0004635183267096291,0.0009270366534192582,school,55.937273024999996,-3.2480775145000003
141,0.12008891109229537,0.13213878025813872,0.2522276913504341,school,55.93987686,-3.176298935
142,9.36049036686027e-05,9.36049036686027e-05,0.0001872098073372054,school,55.96382275,-3.269054738
143,0.02570496037086603,0.014994916454379418,0.04069987682524545,school,55.94214457,-3.22307097
144,0.015570685993513576,0.01057481972744788,0.026145505720961457,school,55.94357116,-3.236779124
145,0.00010260577748489816,0.00010260577748489816,0.0002052115549697963,school,55.96316577,-3.250866473
146,5.103116612513657e-05,5.103116612513657e-05,0.00010206233225027314,school,55.95535291,-3.262030079
147,0.00014484368770419675,0.00014484368770419675,0.0002896873754083935,school,55.96727536,-3.252134802
148,0.00011851171723381722,0.00011851171723381722,0.00023702343446763445,school,55.9682641,-3.254458022
149,0.00015873188797847746,0.00015873188797847746,0.0003174637759569549,school,55.91395516,-3.235772138
150,0.0002794298519817189,0.0002794298519817189,0.0005588597039634378,school,55.91223642,-3.23592587
151,0.00029602307546214486,0.00029602307546214486,0.0005920461509242897,school,55.96725872,-3.18027515
152,9.176793262705687e-05,9.176793262705687e-05,0.00018353586525411374,school,55.94144485,-3.063719212
153,9.082888953299463e-05,9.082888953299463e-05,0.00018165777906598926,school,55.93241252,-3.292128336
154,0.00010360417060536698,0.00010360417060536698,0.00020720834121073397,school,55.9309554,-3.28979464
155,8.05225304200113e-05,8.05225304200113e-05,0.0001610450608400226,school,55.9687977,-3.21302922
156,4.545158307623332e-05,4.545158307623332e-05,9.090316615246664e-05,school,55.94080547,-3.285579093
157,0.00010371475447168409,0.00010371475447168409,0.00020742950894336818,school,55.91838857,-3.156812192
158,0.02704275024922484,0.0241972706527505,0.05124002090197534,school,55.94056121,-3.207184049
159,0.0002660387686822865,0.0002660387686822865,0.000532077537364573,school,55.96982802,-3.30100596
160,6.576662636171425e-05,6.576662636171425e-05,0.0001315332527234285,school,55.97028183,-3.240852857
161,0.0110505241800281,0.00848737783963221,0.01953790201966031,school,55.9480121,-3.235913673
162,0.00016494170343037666,0.00016494170343037666,0.0003298834068607533,school,55.90653466,-3.284894681
163,0.0005069191597189455,0.0005069191597189455,0.001013838319437891,school,55.91154247,-3.273782749
164,0.0005523319625374791,0.0005523319625374791,0.0011046639250749581,school,55.881138785000005,-3.148771011
165,0.09625748661603972,0.08101958148092693,0.17727706809696664,school,55.94082886,-3.21478528
166,0.00013343233239067234,0.00013343233239067234,0.0002668646647813447,school,55.93061096,-3.262897333
167,0.00022751450235338776,0.00022751450235338776,0.0004550290047067755,school,55.93865418,-3.050284657
168,4.60598671256548e-05,4.60598671256548e-05,9.21197342513096e-05,school,55.89932727,-3.258609393
169,0.0029333797026699577,0.0018515235656225801,0.0047849032682925376,school,55.94397547,-3.323401788
170,0.00025936497832204256,0.00025936497832204256,0.0005187299566440851,school,55.89939314,-3.049139994
171,0.000313522892458428,0.000313522892458428,0.000627045784916856,school,55.88813581,-3.053585933
172,0.0005130830722694723,0.0005130830722694723,0.0010261661445389446,school,55.86575577,-3.106628824
173,0.0008279024237032927,0.0007074448452300535,0.0015353472689333461,school,55.95373887,-3.228833505
174,0.004494642135728655,0.004532390163662818,0.009027032299391474,school,55.94695708,-3.220519383
175,5.022306423026018e-05,5.022306423026018e-05,0.00010044612846052036,school,55.93807497,-3.295665977
176,0.00012744111749574342,0.00012744111749574342,0.00025488223499148683,school,55.93152417,-3.22360004
177,0.00010933185847070627,0.00010933185847070627,0.00021866371694141253,school,55.93040394,-3.241254213
178,0.00016781190817659905,0.00016781190817659905,0.0003356238163531981,school,55.93173592,-3.227789452
179,0.00014436629962051483,0.00014436629962051483,0.00028873259924102967,school,55.96002178,-3.290965344
180,0.00011995072393816526,0.00011995072393816526,0.00023990144787633052,school,55.86716074,-3.06307053
181,0.00023344327384013566,0.00023344327384013566,0.0004668865476802713,school,55.87215392,-3.114981173
182,0.0003343727197285954,0.0003343727197285954,0.0006687454394571908,school,55.87110158,-3.097989643
183,7.116878052393855e-05,7.116878052393855e-05,0.0001423375610478771,school,55.97032965,-3.179500191
184,0.030715352130433235,0.012113684885105237,0.042829037015538474,school,55.97646782,-3.193321542
185,0.0004886691582669148,0.0004886691582669148,0.0009773383165338297,school,55.92059846,-3.261141573
186,0.00043148808168152363,0.00043148808168152363,0.0008629761633630473,school,55.9207403,-3.262913481
187,0.00023130821127139104,0.00023130821127139104,0.00046261642254278207,school,55.9414007,-3.050314765
188,0.0001652985723239726,0.0001652985723239726,0.0003305971446479452,school,55.94165405,-3.046770649
189,0.00011687749410615887,0.00011687749410615887,0.00023375498821231775,school,55.94459248,-3.052617328
190,0.00015246138594654697,0.00015246138594654697,0.00030492277189309394,school,55.90709217,-3.220054183
191,0.0003335025419899193,0.0003335025419899193,0.0006670050839798386,school,55.93504984,-3.08802746
192,7.831483445100838e-05,7.831483445100838e-05,0.00015662966890201676,school,55.87782572,-3.333888439
193,7.733079186950915e-05,7.733079186950915e-05,0.0001546615837390183,school,55.87039668,-3.120422226
194,0.010208769337176618,0.007287140277816646,0.01749590961499326,school,55.93834902,-3.273254727
195,5.706296999145326e-05,5.706296999145326e-05,0.00011412593998290652,school,55.88018627,-3.099866139
196,0.00027043711238102327,0.00027043711238102327,0.0005408742247620465,school,55.86933027,-3.113129231
197,6.248847332654257e-05,6.248847332654257e-05,0.00012497694665308514,school,55.89131363,-3.070645343
198,0.00010884055713366325,0.00010884055713366325,0.0002176811142673265,school,55.97633449,-3.226294076
199,0.010029313287144683,0.010029313287144683,0.020058626574289366,school,55.89624825,-3.317754084
200,0.00010483867313461801,4.295019728296108e-05,0.0001477888704175791,school,55.97327187,-3.196682771
201,0.0003151733863340288,0.0003151733863340288,0.0006303467726680576,school,55.88019182,-3.153350777
202,0.017904762275658542,0.021854655446124943,0.039759417721783485,school,55.94346695,-3.19799807
203,0.00014637626915096273,0.00014637626915096273,0.00029275253830192546,school,55.90379681,-3.156031073
204,0.0002074166591832283,0.0002074166591832283,0.0004148333183664566,school,55.90472586,-3.155102142
205,0.0001085849324661759,0.0001085849324661759,0.0002171698649323518,school,55.87404306,-3.049227277
206,7.388188201202854e-05,7.388188201202854e-05,0.00014776376402405708,school,55.87466871,-3.047811515
207,4.68892418519864e-05,4.68892418519864e-05,9.37784837039728e-05,school,55.94835438,-3.124384332
208,4.514054093920687e-05,4.514054093920687e-05,9.028108187841374e-05,school,55.98347333,-3.192548074
209,0.03956858919897164,0.03029834376402239,0.06986693296299402,school,55.92844901,-3.205306897
210,0.00019152572084566802,0.00019152572084566802,0.00038305144169133604,school,55.93061089,-3.145335471
211,0.015763046629409565,0.023498452794952558,0.03926149942436212,school,55.9468548,-3.18277252
212,0.008188200062262107,0.017571245334725205,0.02575944539698731,school,55.95349297,-3.205293741
213,0.013611652277916025,0.01028539905418318,0.023897051332099205,school,55.95434748,-3.221724778
214,0.0001174967016604189,0.0001174967016604189,0.0002349934033208378,school,55.87627535,-3.054638029
215,0.0001082199134106118,0.0001082199134106118,0.0002164398268212236,school,55.92793856,-3.121922357
216,0.037691613325020704,0.038748436078818387,0.07644004940383908,school,55.94404768,-3.097459898
217,5.766499957302662e-05,5.766499957302662e-05,0.00011532999914605324,university,55.9460305,-3.1922264
218,0.03329232579004933,0.04050320627572429,0.07379553206577362,university,55.910608554,-3.3223627579999997
219,4.873863676984326e-05,4.873863676984326e-05,9.747727353968652e-05,university,55.86443943,-3.199993153
220,8.357809247501436e-05,8.357809247501436e-05,0.00016715618495002872,university,55.92003105,-3.130459795
221,0.04529210434926799,0.09386536343985355,0.13915746778912153,university,55.9227561,-3.174665806
222,0.022046072841194902,0.04427226836634173,0.06631834120753663,university,55.94382143,-3.18807738
223,0.013526475115643108,0.020957905508116565,0.03448438062375967,university,55.94842786,-3.183648715
224,0.002939892459433449,0.002939892459433449,0.005879784918866898,university,55.91840635,-3.239711183
225,0.023625374870833646,0.03641690723774186,0.060042282108575505,university,55.94572217,-3.198643501
226,0.004027088199073753,0.004163345226567441,0.008190433425641193,university,55.93092459,-3.073969167
227,0.17414331093284194,0.3472891395260602,0.5214324504589022,university,55.947124470000006,-3.187131893
228,0.03534775636651895,0.05246037096284507,0.08780812732936402,university,55.94797712,-3.181016304
229,0.07602739735852658,0.07242799049322247,0.14845538785174905,university,55.94987261,-3.180667168
230,0.009644540158500824,0.006136468143070404,0.015781008301571225,university,55.92443586,-3.288860806
231,0.05184655362962182,0.05184655362962182,0.10369310725924363,university,55.92316278,-3.187854614
232,0.006295147460669394,0.009145136209688045,0.015440283670357439,university,55.92217818,-3.13849509
233,0.018652664709722846,0.024613215962864345,0.04326588067258719,university,55.93322827,-3.214057585
234,7.643173884627445e-05,7.643173884627445e-05,0.0001528634776925489,university,55.94956238,-3.195170918
235,0.0721019403735965,0.07988077322000456,0.15198271359360105,university,55.9522114,-3.178399108
236,0.03256005732276176,0.05158527590886204,0.08414533323162379,university,55.94666041,-3.184553469
237,4.9510513235141e-05,4.9510513235141e-05,9.9021026470282e-05,university,55.95488353,-3.196538197
238,5.2820477301800825e-05,5.2820477301800825e-05,0.00010564095460360165,university,55.94460062,-3.192729549
239,0.11745685665269197,0.24257934017011276,0.36003619682280474,university,55.94517079,-3.18693674
240,5.6625362499740316e-05,5.6625362499740316e-05,0.00011325072499948063,residential,55.9619568,-3.175409486
241,0.0038602140559070657,0.0051310263879838815,0.008991240443890948,residential,55.91043558,-3.318215975
242,0.1582995960802045,0.1582995960802045,0.316599192160409,residential,55.953492340939924,-3.244977108646163
243,0.4240495839579622,0.4240495839579622,0.8480991679159244,residential,55.92543582890298,-3.191310383749921
244,0.029461811887258278,0.029461811887258278,0.058923623774516556,residential,55.967595557474915,-3.1581088926822742
245,0.1435722617837287,0.1435722617837287,0.2871445235674574,residential,55.94793006516682,-3.1124219049065776
246,0.0012154653953065646,0.0012154653953065646,0.002430930790613129,residential,55.92301261733334,-3.3290521299333333
247,0.07110915031335496,0.06774259072146378,0.13885174103481873,residential,55.95096779,-3.1796567095
248,0.050798453369582386,0.050798453369582386,0.10159690673916477,residential,55.92221913085663,-3.240009675553652
249,0.23611814957098481,0.43294839688668146,0.6690665464576663,residential,55.94263347533333,-3.1850513061333334
250,9.593869901479291e-05,9.593869901479291e-05,0.00019187739802958582,residential,55.88266915,-3.109815549
251,0.00010369024354825076,0.00010369024354825076,0.00020738048709650152,residential,55.91117546,-3.312811017
252,0.00019864913652122018,0.00019864913652122018,0.00039729827304244036,residential,55.91409713,-3.145987436
253,0.00024936222711184896,0.00024936222711184896,0.0004987244542236979,residential,55.9091834,-3.150463886
254,0.00021386971854833533,0.00021386971854833533,0.00042773943709667066,residential,55.91173912,-3.173472794
255,0.0008288971246900503,0.0008288971246900503,0.0016577942493801005,residential,55.878089925,-3.1549930465
256,0.002386721289553512,0.002386721289553512,0.004773442579107024,residential,55.932466535555555,-3.2253433485555556
257,0.0012748587804761165,0.0012748587804761165,0.002549717560952233,residential,55.93022039583334,-3.123253460666666
258,0.011100035439697535,0.006852477810390791,0.017952513250088325,residential,55.97214283740386,-3.2014301609807694
259,0.2418064254641458,0.14926972088485477,0.39107614634900056,residential,55.97440816231359,-3.206316676909602
260,0.062422472976633434,0.055077954546552794,0.11750042752318623,residential,55.95771534655064,-3.1963861544588608
261,0.0011230308294235582,0.0011230308294235582,0.0022460616588471163,residential,55.93054015999999,-3.1442763869999997
262,0.0007367395503236571,0.0007367395503236571,0.0014734791006473142,residential,55.93060816375,-3.139605142125
263,0.01996587035820453,0.024365579284242954,0.04433144964244748,residential,55.94359318,-3.194645599
264,0.000812950251153077,0.000812950251153077,0.001625900502306154,residential,55.914288265625004,-3.177271175375
265,0.00037633083816367087,0.00037633083816367087,0.0007526616763273417,residential,55.980663965000005,-3.22563085675
266,0.0049123995778288035,0.0049123995778288035,0.009824799155657607,residential,55.9744676877174,-3.2485789954456523
267,0.00032731115833961827,0.00032731115833961827,0.0006546223166792365,residential,55.93065828,-3.1282261045
268,0.0026821607936080016,0.0016847152434428555,0.004366876037050858,residential,55.96568216,-3.195179864
269,0.0031825710987306846,0.0031825710987306846,0.006365142197461369,residential,55.90736724308823,-3.248652189294117
270,0.0048735106395228454,0.0048735106395228454,0.009747021279045691,residential,55.87059231666667,-3.1907934421111106
271,0.023616164196175068,0.03569761437853667,0.059313778574711734,residential,55.95300701,-3.177608089
272,0.0015437638138497524,0.0015437638138497524,0.003087527627699505,residential,55.91807299571428,-3.3184831904761904
273,0.00018442553638308888,0.00018442553638308888,0.00036885107276617775,residential,55.97710582,-3.2423063
274,0.0008358009723584885,0.0008358009723584885,0.001671601944716977,residential,55.97134694142858,-3.1923938317142855
275,0.07149693566387423,0.0714612450244236,0.14295818068829783,residential,55.96516214336898,-3.23598325526738
276,0.00011317127125665942,0.00011317127125665942,0.00022634254251331884,residential,55.9122052,-3.313597833
277,0.009711016056390966,0.009711016056390966,0.019422032112781932,residential,55.93911763375,-3.0961807162282606
278,0.00031180230068841353,0.00031180230068841353,0.0006236046013768271,residential,55.978000178,-3.1796935166000004
279,0.06172711961683144,0.055074431572763635,0.11680155118959507,residential,55.96003116,-3.186133447
280,0.0009901615449722627,0.0009901615449722627,0.0019803230899445253,residential,55.973404522500005,-3.1850410584999995
281,0.013962319623147486,0.013962319623147486,0.02792463924629497,residential,55.87089318932143,-3.181456915360714
282,0.12596720448908855,0.1146964151040104,0.24066361959309895,residential,55.9593336604762,-3.2112587530952386
283,0.4005994961662393,0.2661397007217142,0.6667391968879535,residential,55.96242546712418,-3.191200475594771
284,0.0025933495114211034,0.0025933495114211034,0.005186699022842207,residential,55.949721958750004,-3.2099855802999997
285,0.000643993909468856,0.000643993909468856,0.001287987818937712,residential,55.928504848333326,-3.256813219333333
286,0.0010707298841571063,0.0010707298841571063,0.0021414597683142127,residential,55.90002577444445,-3.1938985915
287,0.10698563823287245,0.1778633670223478,0.2848490052552203,residential,55.948006535714285,-3.205503036428571
288,0.09831401326539939,0.0805912182428343,0.17890523150823368,residential,55.947483538711666,-3.219720853343558
289,0.1829774076534797,0.09207005092617196,0.2750474585796516,residential,55.965196065,-3.17424227275
290,0.0004085412477305305,0.0004085412477305305,0.000817082495461061,residential,55.97802880375,-3.1662947050000003
291,0.0004992658083273155,0.0004992658083273155,0.000998531616654631,residential,55.91564072599999,-3.0888895662
292,0.00037848887587520885,0.00037848887587520885,0.0007569777517504177,residential,55.916502587500005,-3.06935503625
293,0.00022143445714525525,0.00022143445714525525,0.0004428689142905105,residential,55.915194404999994,-3.0786190055000002
294,0.00010244277251315969,0.00010244277251315969,0.00020488554502631938,residential,55.91708258,-3.075937979
295,0.00030528969799242214,0.00030528969799242214,0.0006105793959848443,residential,55.91118745,-3.1114231930000003
296,0.002445283624014087,0.0018377780763343212,0.004283061700348408,residential,55.94245525749011,-3.2843557730778823
297,0.05788927698551497,0.03773563409363545,0.09562491107915042,residential,55.955447039090906,-3.2167730964162677
298,0.004752059120380412,0.004752059120380412,0.009504118240760823,residential,55.94887751438357,-3.2140761434931506
299,0.0003481951289329433,0.0003481951289329433,0.0006963902578658866,residential,55.95077609,-3.219759945
300,5.615389677034138e-05,5.615389677034138e-05,0.00011230779354068276,residential,55.97457629,-3.172755535
301,0.0074580487973176166,0.0021829484383458233,0.00964099723566344,residential,55.975262285,-3.1675262865000002
302,0.047037223177075795,0.047037223177075795,0.09407444635415159,residential,55.9591152966763,-3.135910039183044
303,0.21484951595115187,0.12949042176483364,0.3443399377159855,residential,55.964376077142866,-3.1970079711904766
304,8.303094080618907e-05,8.303094080618907e-05,0.00016606188161237813,residential,55.9112676,-3.295770467
305,0.012179202211171936,0.008842479148477047,0.021021681359648985,residential,55.94290586,-3.237589657
306,0.030158857000839534,0.028414170845971688,0.05857302784681122,residential,55.944172654,-3.2192444789999994
307,0.0001429833515636366,0.0001429833515636366,0.0002859667031272732,residential,55.95972537,-3.163560731
308,0.15763109039753956,0.15763109039753956,0.3152621807950791,residential,55.93065658374999,-3.2018198878749997
309,0.1568419483394204,0.1539013328733701,0.3107432812127905,residential,55.9399857,-3.180749106
310,0.0010812144673435573,0.0010812144673435573,0.0021624289346871147,residential,55.9385865209091,-3.225182726954546
311,0.0011101795681448892,0.0011101795681448892,0.0022203591362897784,residential,55.948003619999994,-3.3103047313157896
312,0.0004226597985030156,0.0004226597985030156,0.0008453195970060312,residential,55.9315149575,-3.2719690462499997
313,5.9373264301235495e-05,5.9373264301235495e-05,0.00011874652860247099,residential,55.93274717,-3.104446537
314,0.0010603696217122405,0.0010603696217122405,0.002120739243424481,residential,55.96389263625,-3.27343858325
315,0.005893144073719289,0.005893144073719289,0.011786288147438578,residential,55.96572739096491,-3.180792629350877
316,0.004916323801636759,0.004916323801636759,0.009832647603273518,residential,55.930958914492756,-3.161535712072463
317,0.01975472800114867,0.019679877104012703,0.03943460510516138,residential,55.94678954,-3.250825599666667
318,0.00010608430606840223,0.00010608430606840223,0.00021216861213680445,residential,55.8859458,-3.3052578615
319,0.00012878900380966778,0.00012878900380966778,0.00025757800761933556,residential,55.9255839,-3.157955961
320,0.00018476793495675954,0.00018476793495675954,0.0003695358699135191,residential,55.93645754666667,-3.1443249923333334
321,0.009883503494501795,0.009883503494501795,0.01976700698900359,residential,55.96586646842105,-3.309284231047847
322,0.0011940581847079308,0.0011940581847079308,0.0023881163694158616,residential,55.96586837333333,-3.319036956666667
323,0.0042346906165990714,0.0042346906165990714,0.008469381233198143,residential,55.91447355,-3.0932838829230773
324,6.727489347531318e-05,6.727489347531318e-05,0.00013454978695062636,residential,55.92861452,-3.092706538
325,0.0002400332560740818,0.0002400332560740818,0.0004800665121481636,residential,55.92096499000001,-3.1015877020000002
326,0.00011808440490216916,0.00011808440490216916,0.0002361688098043383,residential,55.928812975,-3.090591108
327,0.0004591982826194592,0.0004591982826194592,0.0009183965652389184,residential,55.919504956666664,-3.103434846666667
328,0.0001059613786752222,0.0001059613786752222,0.0002119227573504444,residential,55.923942385000004,-3.0932988935
329,0.0010849734174178465,0.0010849734174178465,0.002169946834835693,residential,55.882626302727274,-3.116689366727273
330,0.0003894798087893995,0.0003894798087893995,0.000778959617578799,residential,55.884277606666664,-3.115920919
331,0.00035990860660957695,0.00035990860660957695,0.0007198172132191539,residential,55.88321015333333,-3.1132896100000003
332,0.0021940082174828177,0.0021940082174828177,0.004388016434965635,residential,55.95530038477273,-3.164440702818182
333,8.28494154808199e-05,8.28494154808199e-05,0.0001656988309616398,residential,55.92628216,-3.272494398
334,0.02904590054274394,0.04062928296843755,0.06967518351118149,residential,55.965784604999996,-3.23240034825
335,0.0046287843542301,0.0046287843542301,0.0092575687084602,residential,55.928160590697665,-3.156293724860465
336,0.0007113607472462348,0.0007113607472462348,0.0014227214944924696,residential,55.935968540000005,-3.2419243633333337
337,0.003472917733337162,0.003472917733337162,0.006945835466674324,residential,55.92829258947368,-3.2643530366315794
338,0.0017457645278972198,0.0017457645278972198,0.0034915290557944395,residential,55.931578346842095,-3.264045504894737
339,0.00023204485304997372,0.00023204485304997372,0.00046408970609994744,residential,55.93269900666667,-3.266715122333333
340,0.00022211190123681452,0.00022211190123681452,0.00044422380247362904,residential,55.93381169666666,-3.2643296599999996
341,0.5231002426998629,0.5248571055787883,1.047957348278651,residential,55.95682664954954,-3.1204002265495503
342,0.0037617747247252744,0.0034802223364051206,0.007241997061130395,residential,55.961531168823534,-3.313660637
343,0.0025528391665580424,0.0021484868134701907,0.004701325980028233,residential,55.96080747714286,-3.3078546014285712
344,0.0468432959371634,0.0468432959371634,0.0936865918743268,residential,55.89611792465162,-3.3196648366741903
345,0.0028873322241024257,0.0028873322241024257,0.005774664448204851,residential,55.89239838,-3.321131692
346,0.007513319453600162,0.007513319453600162,0.015026638907200324,residential,55.89322143,-3.3190986694999998
347,0.0018706520178076213,0.0018706520178076213,0.0037413040356152425,residential,55.89081632,-3.324477672
348,6.130698364300238e-05,6.130698364300238e-05,0.00012261396728600475,residential,55.93125506,-3.044855969
349,0.0018732327085971383,0.0018732327085971383,0.0037464654171942766,residential,55.939967657,-3.0513996108
350,0.0001646902596933935,0.0001646902596933935,0.000329380519386787,residential,55.896490623333335,-3.1129761190000003
351,0.00039468927457947134,0.00039468927457947134,0.0007893785491589427,residential,55.900722048,-3.1262830578
352,0.00011658306046960893,0.00011658306046960893,0.00023316612093921785,residential,55.92485758,-3.318514058
353,0.008957128050698421,0.008584392867542881,0.0175415209182413,residential,55.9261403,-3.31670715
354,0.0002685571840209265,0.0002685571840209265,0.000537114368041853,residential,55.91180946666666,-3.3110034046666663
355,0.00023506621561827332,0.00023506621561827332,0.00047013243123654664,residential,55.8937015025,-3.306979386
356,9.321948806826041e-05,9.321948806826041e-05,0.00018643897613652082,residential,55.8780184,-3.33126563
357,9.1569857537736e-05,9.1569857537736e-05,0.000183139715075472,residential,55.87750456,-3.329347057
358,7.382894037163076e-05,7.382894037163076e-05,0.0001476578807432615,residential,55.87690224,-3.326148113
359,6.08434034476631e-05,6.08434034476631e-05,0.0001216868068953262,residential,55.88929684,-3.323178972
360,5.7028109101628844e-05,5.7028109101628844e-05,0.00011405621820325769,residential,55.87042742,-3.332899694
361,0.0017703609951312746,0.0017703609951312746,0.003540721990262549,residential,55.96679980766666,-3.2627937184333335
362,0.09270634356598272,0.05822023688074143,0.15092658044672413,residential,55.94081509666666,-3.225089560666667
363,0.00019187731808785583,0.00019187731808785583,0.00038375463617571165,residential,55.905729175,-3.04660145675
364,0.0036205121696216095,0.0022297750705855273,0.005850287240207136,residential,55.93858088,-3.329165851
365,0.00011686967835518712,0.00011686967835518712,0.00023373935671037424,residential,55.94655431,-3.317551372
366,8.514936632245877e-05,8.514936632245877e-05,0.00017029873264491754,residential,55.9485824,-3.323996128
367,0.0030624819922283244,0.0019181013036716934,0.004980583295900018,residential,55.94676679,-3.327304686
368,0.08912912376978739,0.18699286503614473,0.27612198880593214,residential,55.94673936,-3.18744524
369,0.00018567926573141155,0.00018567926573141155,0.0003713585314628231,residential,55.91713253,-3.099520881
370,0.0005309972697298921,0.0005309972697298921,0.0010619945394597843,residential,55.91168132399999,-3.0861369492
371,0.00020074818572786041,0.00020074818572786041,0.00040149637145572083,residential,55.88812283000001,-3.143922214
372,0.00018786049715681407,0.00018786049715681407,0.00037572099431362814,residential,55.88388237,-3.1443401499999997
373,0.00015238951481778701,0.00015238951481778701,0.00030477902963557403,residential,55.907320285,-3.0861381765
374,0.1479654336673348,0.15716327254959334,0.3051287062169281,residential,55.943453574,-3.2012379175999994
375,0.0008541724320352458,0.0008541724320352458,0.0017083448640704917,residential,55.864622455,-3.1863167294999997
376,0.015880905762499262,0.009284434389412346,0.02516534015191161,residential,55.962866635,-3.2045668725
377,0.0006379273576965566,0.0006379273576965566,0.0012758547153931131,residential,55.962552100714284,-3.208313215642857
378,0.018520924144563463,0.01585259970426133,0.03437352384882479,residential,55.95705883000001,-3.2113837050000003
379,0.000648040757711848,0.000648040757711848,0.001296081515423696,residential,55.96708741857142,-3.2304496965714287
380,0.026424977311895984,0.026424977311895984,0.05284995462379197,residential,55.94981046837697,-3.144883265715532
381,0.000757034595417488,0.000757034595417488,0.001514069190834976,residential,55.897285499999995,-3.0528476854999997
382,0.0045352850193710595,0.0045352850193710595,0.009070570038742119,residential,55.868634311666675,-3.09367613275
383,0.000713023367742265,0.000713023367742265,0.00142604673548453,residential,55.86563769,-3.0908685030000003
384,0.10182620387940759,0.08681605920496431,0.1886422630843719,residential,55.95794252,-3.2077268620000003
385,0.00012660273282596532,0.00012660273282596532,0.00025320546565193064,residential,55.91927449,-3.291535499
386,0.0005509316303419753,0.0005509316303419753,0.0011018632606839506,residential,55.962574565,-3.15473394025
387,0.0031364634247937847,0.0031364634247937847,0.006272926849587569,residential,55.96393828575757,-3.1481836118484847
388,0.0001322565016750484,0.0001322565016750484,0.0002645130033500968,residential,55.90273505,-3.282207799
389,0.016286710674049056,0.016286710674049056,0.03257342134809811,residential,55.90917823728097,-3.2652883916797584
390,0.00029946846506681037,0.00029946846506681037,0.0005989369301336207,residential,55.96123076,-3.1530148540000003
391,0.0013683412019383906,0.0013683412019383906,0.0027366824038767812,residential,55.922867150714296,-3.066166622035714
392,0.0016514880321785378,0.0016514880321785378,0.0033029760643570757,residential,55.913567667894746,-3.0826493121578946
393,0.004365193898547899,0.004365193898547899,0.008730387797095798,residential,55.87828647954546,-3.1457709014545454
394,0.0014791514010719783,0.0014791514010719783,0.0029583028021439566,residential,55.92531825166666,-3.262674435111111
395,0.002017904674918974,0.002017904674918974,0.004035809349837948,residential,55.922550817428565,-3.2846406419142866
396,5.3804552478420545e-05,5.3804552478420545e-05,0.00010760910495684109,residential,55.9265007,-3.22416375
397,0.020077709274783286,0.015171021627397318,0.0352487309021806,residential,55.95463169,-3.224983012
398,0.0033676875556629803,0.0033676875556629803,0.006735375111325961,residential,55.93153406521738,-3.2386178707826083
399,0.0013412004330744978,0.0013412004330744978,0.0026824008661489956,residential,55.920214054999995,-3.2986122865416667
400,0.000415963666590989,0.000415963666590989,0.000831927333181978,residential,55.8781857,-3.185140815
401,0.0020124028055999534,0.0020124028055999534,0.004024805611199907,residential,55.8768305275,-3.18216749425
402,0.00038884007929010605,0.00038884007929010605,0.0007776801585802121,residential,55.87458635,-3.193321713
403,0.000190298139615845,0.000190298139615845,0.00038059627923169,residential,55.866482932500006,-3.1976668022499997
404,0.0024063545669398604,0.0024063545669398604,0.004812709133879721,residential,55.868512669999994,-3.171718455
405,4.71746119394857e-05,4.71746119394857e-05,9.43492238789714e-05,residential,55.865658,-3.171471831
406,0.0004855265918140313,0.0004855265918140313,0.0009710531836280626,residential,55.86688612,-3.173675591
407,0.00018440559832948422,0.00018440559832948422,0.00036881119665896844,residential,55.9352099,-3.234794041
408,0.001095779558783048,0.001095779558783048,0.002191559117566096,residential,55.91300607631579,-3.149572850052632
409,0.00011718235716376988,0.00011718235716376988,0.00023436471432753975,residential,55.90736082,-3.160519651
410,0.00230886369116985,0.00230886369116985,0.0046177273823397,residential,55.90623136894736,-3.1479255851315786
411,0.0010021458311789343,0.0010021458311789343,0.0020042916623578687,residential,55.90469639333333,-3.138492172666667
412,0.000559443162192186,0.000559443162192186,0.001118886324384372,residential,55.90488219999999,-3.1292444215714283
413,0.00014235926201385283,0.00014235926201385283,0.00028471852402770566,residential,55.97188394333333,-3.3272712406666667
414,5.137833678785026e-05,5.137833678785026e-05,0.00010275667357570052,residential,55.9710812,-3.325888112
415,0.14312608948270106,0.15464901299148398,0.29777510247418504,residential,55.9703200325,-3.332974671
416,0.035880699213592035,0.038771389072679234,0.07465208828627126,residential,55.97188229,-3.331672139
417,0.000705057066796941,0.000705057066796941,0.001410114133593882,residential,55.903470568,-3.1732605474000004
418,0.002854695427404919,0.002854695427404919,0.005709390854809838,residential,55.965574016666665,-3.1639642313333334
419,0.00015016840582891347,0.00015016840582891347,0.00030033681165782695,residential,55.90503091,-3.176205123
420,0.0012074001888980174,0.0012074001888980174,0.002414800377796035,residential,55.9060684,-3.1533511978571434
421,0.07636513530284429,0.0928951209771037,0.169260256279948,residential,55.947569575,-3.196849265
422,4.942455109345748e-05,4.942455109345748e-05,9.884910218691496e-05,residential,55.9653462,-3.172053077
423,0.0003032068869298922,0.0003032068869298922,0.0006064137738597844,residential,55.906553815,-3.1558540885
424,6.158162868157794e-05,6.158162868157794e-05,0.00012316325736315588,residential,55.94948431,-3.196266305
425,0.007257006628806314,0.007257006628806314,0.014514013257612628,residential,55.90135820049383,-3.138347281358025
426,0.0001023600072553203,0.0001023600072553203,0.0002047200145106406,residential,55.90483664,-3.136445949
427,0.0004653751908411938,0.0004653751908411938,0.0009307503816823876,residential,55.93905593,-3.0578998325
428,0.006212174097099931,0.006212174097099931,0.012424348194199863,residential,55.93385803538462,-3.2310504816153838
429,0.05369372422230441,0.07854167852502118,0.1322354027473256,residential,55.958859511111115,-3.1827472294444443
430,0.01620981530780355,0.01620981530780355,0.0324196306156071,residential,55.89318725191275,-3.0526224270167783
431,6.317228680604741e-05,6.317228680604741e-05,0.00012634457361209483,residential,55.86408648,-3.070799013
432,0.00027355873967682253,0.00027355873967682253,0.0005471174793536451,residential,55.8746125,-3.068093334
433,0.0001379018047096182,0.0001379018047096182,0.0002758036094192364,residential,55.87592308,-3.068734799
434,0.24441611757759846,0.1301507642441797,0.37456688182177816,residential,55.95801446800001,-3.1751069409
435,0.0015145202383605324,0.0015145202383605324,0.0030290404767210647,residential,55.90119848285715,-3.1643583830476185
436,0.12227301326840184,0.14003875393306042,0.26231176720146226,residential,55.94098049,-3.174833919
437,0.13638042771549935,0.16104477505433581,0.2974252027698352,residential,55.9413755,-3.173042751
438,0.0006237073597775922,0.0006237073597775922,0.0012474147195551844,residential,55.9591752775,-3.16911929275
439,0.0003273158352541874,0.0003273158352541874,0.0006546316705083748,residential,55.960860525,-3.171013886
440,0.00027903038051455974,0.00027903038051455974,0.0005580607610291195,residential,55.96152251666666,-3.1683441736666667
441,6.111720684157011e-05,6.111720684157011e-05,0.00012223441368314022,residential,55.9635063,-3.170440337
442,0.0026952729470910357,0.0026952729470910357,0.005390545894182071,residential,55.93580032375,-3.087558378625
443,0.00039229052474745117,0.00039229052474745117,0.0007845810494949023,residential,55.93508176,-3.091158682
444,0.00015466392353479148,0.00015466392353479148,0.00030932784706958296,residential,55.912939035,-3.119760054
445,0.00014001787819567242,0.00014001787819567242,0.00028003575639134483,residential,55.91298418,-3.115164222
446,9.028108187841374e-05,9.028108187841374e-05,0.00018056216375682749,residential,55.903236975,-3.3305596289999997
447,0.11667094107116062,0.1302645809278707,0.2469355219990313,residential,55.936654145,-3.209054508
448,0.002932759207135442,0.002932759207135442,0.005865518414270884,residential,55.90481570857143,-3.285899198547619
449,0.0018563267061643177,0.0018563267061643177,0.0037126534123286354,residential,55.904951482272736,-3.2775917913636365
450,0.025676170922257168,0.0490711798432205,0.07474735076547767,residential,55.945330215,-3.1956709805
451,0.0006466177959994111,0.0006466177959994111,0.0012932355919988221,residential,55.864144800000005,-3.0900137
452,0.0005711867342061629,0.0005711867342061629,0.0011423734684123258,residential,55.86546799,-3.0879767165
453,7.3974389989025e-05,7.3974389989025e-05,0.00014794877997805,residential,55.95862696,-3.171429835
454,0.001532181928908207,0.001532181928908207,0.003064363857816414,residential,55.918810061333346,-3.2823125186666666
455,0.00039652418864266143,0.00039652418864266143,0.0007930483772853229,residential,55.92063842666666,-3.2777318463333334
456,0.0001504663212355386,0.0001504663212355386,0.0003009326424710772,residential,55.91914935,-3.279072965
457,0.00030310050486933866,0.00030310050486933866,0.0006062010097386773,residential,55.91793221333333,-3.2769115336666665
458,0.00037884090861817216,0.00037884090861817216,0.0007576818172363443,residential,55.916655090000006,-3.284238867666667
459,0.01170279954390283,0.01170279954390283,0.02340559908780566,residential,55.912172295000005,-3.2713981787727264
460,0.0013556693325757281,0.0013556693325757281,0.0027113386651514563,residential,55.913602819090904,-3.278389717
461,0.00044684982547827463,0.00044684982547827463,0.0008936996509565493,residential,55.91326162,-3.273608407
462,0.000452797765839046,0.000452797765839046,0.000905595531678092,residential,55.91173813,-3.27612026
463,0.00044393101370495373,0.00044393101370495373,0.0008878620274099075,residential,55.91255628,-3.275080053
464,0.0011392093506420492,0.0011392093506420492,0.0022784187012840984,residential,55.921751471250005,-3.280277951625
465,0.0012430171833548009,0.0012430171833548009,0.0024860343667096017,residential,55.92562258125,-3.2819077319999996
466,0.0030393253244165933,0.0030393253244165933,0.0060786506488331865,residential,55.92969547416667,-3.2822886180000004
467,0.0004603218126392288,0.0004603218126392288,0.0009206436252784576,residential,55.96007399333333,-3.149543793
468,0.001045116394377772,0.001045116394377772,0.002090232788755544,residential,55.9544963,-3.1534584
469,0.17279452311028554,0.19105813355197457,0.3638526566622601,residential,55.9376034625,-3.2024446422499997
470,0.6570121961260507,0.7125474095209573,1.3695596056470078,residential,55.93848255611111,-3.1995846586111107
471,0.1595321459209821,0.10190512426169576,0.26143727018267787,residential,55.95460220500001,-3.1708138
472,0.00024314920346978053,0.00024314920346978053,0.00048629840693956107,residential,55.95602187,-3.161463814
473,0.003723908865840788,0.003723908865840788,0.007447817731681576,residential,55.93603822863636,-3.2455208473181827
474,0.034157168068094976,0.03392631579536331,0.06808348386345828,residential,55.93655392,-3.196995058
475,0.00021691427033047975,0.00021691427033047975,0.0004338285406609595,residential,55.97272983,-3.167137733666667
476,0.00015742091745804714,0.00015742091745804714,0.00031484183491609427,residential,55.97354867,-3.165947248
477,0.0012908364491329277,0.0003992797136999827,0.0016901161628329105,residential,55.97582079,-3.169036413
478,8.0309179465143e-05,8.0309179465143e-05,0.000160618358930286,residential,55.96285142,-3.165961558
479,0.0022555020022815785,0.0022555020022815785,0.004511004004563157,residential,55.97504558260868,-3.302293060152174
480,0.000416280938882626,0.000416280938882626,0.000832561877765252,residential,55.9740073925,-3.2895118642499996
481,0.00015806393836857716,0.00015806393836857716,0.0003161278767371543,residential,55.87993943,-3.080615819
482,0.000320198248584012,0.000320198248584012,0.000640396497168024,residential,55.878728075,-3.081148044
483,0.00040339066274427385,0.00040339066274427385,0.0008067813254885477,residential,55.86469961125,-3.06617650425
484,6.891806707528659e-05,6.891806707528659e-05,0.00013783613415057318,residential,55.97225654,-3.162214934
485,0.0004115760507515952,0.0004115760507515952,0.0008231521015031904,residential,55.88747399499999,-3.19748110575
486,0.0007473312003187324,0.0007473312003187324,0.0014946624006374647,residential,55.89500797125,-3.20308606725
487,0.0002543367857489874,0.0002543367857489874,0.0005086735714979748,residential,55.88595930666667,-3.182469068333333
488,0.0005416270573638093,0.0005416270573638093,0.0010832541147276185,residential,55.88559857,-3.1932537539999997
489,0.00019102798360197426,0.00019102798360197426,0.0003820559672039485,residential,55.883885945,-3.183202099
490,0.00022247300471547825,0.00022247300471547825,0.0004449460094309565,residential,55.885189915,-3.1894753409999996
491,0.00030320155899066383,0.00030320155899066383,0.0006064031179813277,residential,55.88472233000001,-3.187116054
492,9.93385408664523e-05,9.93385408664523e-05,0.0001986770817329046,residential,55.88396304,-3.178313514
493,0.00028090745274530067,0.00028090745274530067,0.0005618149054906013,residential,55.882476274999995,-3.177912077
494,0.003484025361376739,0.003484025361376739,0.006968050722753478,residential,55.9682041345,-3.1778181845499995
495,0.00046142535365012655,0.00046142535365012655,0.0009228507073002531,residential,55.86776049714286,-3.1303066278571423
496,0.00021966473801658727,0.00021966473801658727,0.00043932947603317454,residential,55.86647714,-3.1355083765
497,0.0002995848765610789,0.0002995848765610789,0.0005991697531221578,residential,55.86528796666667,-3.133552762333333
498,7.7034604268322e-05,7.7034604268322e-05,0.000154069208536644,residential,55.87053067,-3.13895891
499,0.011253326071091073,0.006098020801202176,0.017351346872293248,residential,55.967666475,-3.1751021505
500,0.00029228397658866763,0.00029228397658866763,0.0005845679531773353,residential,55.97017622333334,-3.1805843683333332
501,9.260695475337075e-05,9.260695475337075e-05,0.0001852139095067415,residential,55.89213254,-3.156333906
502,0.0002135479576144125,0.0002135479576144125,0.000427095915228825,residential,55.89441042,-3.1580257119999997
503,0.0007654510738752748,0.0007654510738752748,0.0015309021477505496,residential,55.89404848,-3.1624350872
504,0.07411218299095822,0.035023847827467224,0.10913603081842543,residential,55.971026011428556,-3.1734124264285706
505,7.92279402909443e-05,7.920134293365423e-05,0.00015842928322459853,residential,55.96620976153846,-3.1915609599230765
506,0.00028248650541255765,0.00028248650541255765,0.0005649730108251153,residential,55.968474677500005,-3.187992703
507,8.688371355337241e-05,8.688371355337241e-05,0.00017376742710674482,residential,55.96953775,-3.19001115
508,0.002426659507970813,0.002426659507970813,0.004853319015941626,residential,55.927690368499995,-3.2768231098
509,0.0001837345162125512,0.0001837345162125512,0.0003674690324251024,residential,55.97149496,-3.1785278555
510,0.0006321466110385742,0.0006321466110385742,0.0012642932220771484,residential,55.94071795461538,-3.2970224126923076
511,8.231859423698745e-05,8.231859423698745e-05,0.0001646371884739749,residential,55.9595756,-3.172035831
512,0.11204497531587952,0.11980913427607948,0.231854109591959,residential,55.945968259999994,-3.2049447962000004
513,0.08854269504698752,0.05644356490024817,0.14498625994723568,residential,55.954210398,-3.1742025764
514,0.002303930371484358,0.002303930371484358,0.004607860742968716,residential,55.91244345185186,-3.281573404962963
515,0.00044761611003387797,0.00044761611003387797,0.0008952322200677559,residential,55.90871925,-3.24710835
516,0.007853646209141708,0.007853646209141708,0.015707292418283416,residential,55.91033234021739,-3.231756335978261
517,0.0027854533249701535,0.0027854533249701535,0.005570906649940307,residential,55.956073303000004,-3.28344709234
518,0.08399541962933306,0.1432084624546577,0.22720388208399078,residential,55.946198530000004,-3.199939619333333
519,0.020254644870841033,0.020424199857866206,0.04067884472870724,residential,55.95016109611111,-3.224309201444444
520,0.19898163024659052,0.2100534829128631,0.4090351131594536,residential,55.9426435075,-3.18171843825
521,9.36759052245498e-05,9.36759052245498e-05,0.0001873518104490996,residential,55.943911555,-3.1778465110000003
522,0.26301629946087296,0.18128296646712866,0.4442992659280016,residential,55.944112131428575,-3.236726238714285
523,0.002439873128236426,0.002439873128236426,0.004879746256472852,residential,55.91956018428572,-3.2668217534285717
524,0.000999635225896701,0.000999635225896701,0.001999270451793402,residential,55.923019967500004,-3.25297638625
525,0.0019777463613073454,0.0019777463613073454,0.003955492722614691,residential,55.88865004043479,-3.081816294086956
526,9.603072262900554e-05,9.603072262900554e-05,0.0001920614452580111,residential,55.87323896,-3.082634111
527,0.00016456221877765012,0.00016456221877765012,0.00032912443755530024,residential,55.871517839999996,-3.0793510069999996
528,0.00031866391934003087,0.00031866391934003087,0.0006373278386800617,residential,55.87393061666666,-3.0805345010000003
529,0.00011307962957345198,0.00011307962957345198,0.00022615925914690397,residential,55.90975489,-3.139883125
530,0.007121541918712497,0.007121541918712497,0.014243083837424994,residential,55.8964728245652,-3.1443177073695647
531,0.00015170345429444396,0.00015170345429444396,0.0003034069085888879,residential,55.92056076,-3.307763153
532,0.00012714256751002908,0.00012714256751002908,0.00025428513502005816,residential,55.9372271,-3.236149
533,0.0009992194787073216,0.0009992194787073216,0.001998438957414643,residential,55.96547589055555,-3.2199091795555552
534,0.11235369650578493,0.04432493182830472,0.15667862833408966,residential,55.97593334857144,-3.1955597402857143
535,0.004005729633526283,0.0015785094532739052,0.005584239086800188,residential,55.97437063447368,-3.197193217342105
536,0.0002627541532193114,0.0002627541532193114,0.0005255083064386228,residential,55.97780416333333,-3.211194153333333
537,7.747387763999534e-05,7.747387763999534e-05,0.00015494775527999068,residential,55.97660125,-3.211028825
538,0.006139856425561525,0.009570384442674863,0.01571024086823639,residential,55.920743755000004,-3.142349241
539,0.0006411255143891179,0.0006411255143891179,0.0012822510287782357,residential,55.92498354666666,-3.321974429166666
540,0.00043733330646278867,0.00043733330646278867,0.0008746666129255773,residential,55.97974672555556,-3.215178404111111
541,0.007557701840633641,0.0087837395217933,0.01634144136242694,residential,55.971664255714295,-3.307316104285714
542,0.00020471668054681226,0.00020471668054681226,0.0004094333610936245,residential,55.97271044,-3.304359074
543,0.00017007233782502325,0.00017007233782502325,0.0003401446756500465,residential,55.93143316,-3.156899911
544,0.0010243051255700417,0.0010243051255700417,0.0020486102511400833,residential,55.88273620933333,-3.1247205351333336
545,0.00011921318055089184,0.00011921318055089184,0.00023842636110178367,residential,55.88133172,-3.139747358
546,0.007069630391421094,0.007069630391421094,0.014139260782842188,residential,55.8844501614433,-3.081875001402062
547,0.001258659306400149,0.001258659306400149,0.002517318612800298,residential,55.95412249799999,-3.3007821083000004
548,0.06195916495643489,0.07628111425600112,0.138240279212436,residential,55.97895949,-3.300853126
549,0.07412444648003207,0.09129768331115211,0.16542212979118417,residential,55.97965611,-3.302102416
550,0.00045419480838240853,0.00045419480838240853,0.0009083896167648171,residential,55.92724764,-3.2684963472499997
551,0.0040483888458790005,0.0040483888458790005,0.008096777691758001,residential,55.931548680441175,-3.2462599474705875
552,0.000361313033464825,0.000361313033464825,0.00072262606692965,residential,55.926934758333324,-3.2511887303333338
553,0.007690344807730278,0.007690344807730278,0.015380689615460555,residential,55.86548049337748,-3.1003974275695363
554,0.00629877754481213,0.006914088036246532,0.013212865581058662,residential,55.9091297,-3.332449479
555,0.002831682526887849,0.002831682526887849,0.005663365053775698,residential,55.87096590828572,-3.059184998085714
556,5.2529505042725114e-05,5.2529505042725114e-05,0.00010505901008545023,residential,55.96553525,-3.291955212
557,0.0016075340845411019,0.0018539276647134848,0.0034614617492545866,residential,55.96803091,-3.308557813
558,0.025508437239051048,0.030218800161999418,0.05572723740105047,residential,55.969609027999994,-3.3087039704999994
559,0.000343804608173472,0.000343804608173472,0.000687609216346944,residential,55.90185022,-3.265406669
560,0.00024401948350292788,0.00024401948350292788,0.00048803896700585575,residential,55.90162124,-3.26891050975
561,0.0004157513642786211,0.0004157513642786211,0.0008315027285572422,residential,55.90324653,-3.268285337
562,0.0015097114383620764,0.0015097114383620764,0.003019422876724153,residential,55.90413731578946,-3.228107013631579
563,0.0026156964905168167,0.0026156964905168167,0.005231392981033633,residential,55.90488754611111,-3.235733497055555
564,0.0018162601331228592,0.0018162601331228592,0.0036325202662457184,residential,55.90747170038462,-3.2222085918461536
565,0.00013588745349169118,0.00013588745349169118,0.00027177490698338235,residential,55.90238442,-3.286901059
566,0.0002405868507739463,0.0002405868507739463,0.0004811737015478926,residential,55.899934523333336,-3.294050192666667
567,5.807221451838764e-05,5.807221451838764e-05,0.00011614442903677528,residential,55.89911216,-3.298195171
568,0.02114024278783623,0.02114024278783623,0.04228048557567246,residential,55.922565186,-3.2495905848999995
569,0.005227757192818136,0.005227757192818136,0.010455514385636272,residential,55.96671914771429,-3.242193913571429
570,0.0003634820260667876,0.0003634820260667876,0.0007269640521335752,residential,55.930423923333336,-3.2526222610000004
571,0.00023941014934535343,0.00023941014934535343,0.00047882029869070685,residential,55.91772354799999,-3.2256787162
572,0.010768375988239601,0.010768375988239601,0.021536751976479203,residential,55.917733050950226,-3.259906927131222
573,0.0015153612580264813,0.0015153612580264813,0.0030307225160529625,residential,55.93001672625,-3.2585832034375
574,0.00012711574153241362,0.00012711574153241362,0.00025423148306482723,residential,55.89739076,-3.204313234
575,0.007440015276731164,0.007440015276731164,0.014880030553462329,residential,55.88039267405797,-3.0735944671449276
576,0.005989767535507468,0.005989767535507468,0.011979535071014936,residential,55.87716080453125,-3.078082676203125
577,0.043453245915102495,0.04491176356831841,0.08836500948342091,residential,55.93283055346153,-3.0683060755769227
578,0.002184962049055804,0.002184962049055804,0.004369924098111608,residential,55.910363258000004,-3.2294303001999998
579,0.00037223114984810126,0.00037223114984810126,0.0007444622996962025,residential,55.91598464,-3.1313360058
580,0.018714415544299617,0.018714415544299617,0.037428831088599235,residential,55.955672962499996,-3.1436172305
581,0.009160756333057626,0.008440814955434089,0.017601571288491713,residential,55.94486147,-3.068842899
582,0.0017956209832538839,0.0014646881468320387,0.0032603091300859224,residential,55.961617105,-3.3046120895
583,0.0001610274033555029,0.0001610274033555029,0.0003220548067110058,residential,55.9076004,-3.22042395
584,0.0021520620431993006,0.0021520620431993006,0.004304124086398601,residential,55.910323077499996,-3.2744884919999997
585,0.003574681862584968,0.003574681862584968,0.007149363725169936,residential,55.94912025,-3.1346489366666668
586,0.00021075818691700023,0.00021075818691700023,0.00042151637383400047,residential,55.9375902,-3.24243135
587,0.0001132121827465476,0.0001132121827465476,0.0002264243654930952,residential,55.9383479,-3.1224472089999997
588,5.7578947374268556e-05,5.7578947374268556e-05,0.00011515789474853711,residential,55.93968533,-3.121979261
589,0.00037642722340219933,0.00037642722340219933,0.0007528544468043987,residential,55.937049314999996,-3.240736385
590,0.09740685896042403,0.045508912818109544,0.14291577177853357,residential,55.97121649,-3.1697478795
591,0.0002541554836687041,0.0001232302971944957,0.0003773857808631998,residential,55.972977805,-3.19310506
592,0.009179369663586765,0.009179369663586765,0.01835873932717353,residential,55.952546485,-3.1403802890000003
593,0.005110700101599607,0.005110700101599607,0.010221400203199215,residential,55.92901099333333,-3.2417316379999996
594,0.004325504916084562,0.004325504916084562,0.008651009832169125,residential,55.96695627538462,-3.2496093645769233
595,0.0010579195239407751,0.0010579195239407751,0.0021158390478815503,residential,55.96305685615384,-3.247994233615384
596,0.00027319041849281037,0.00027319041849281037,0.0005463808369856207,residential,55.971992965,-3.1872349939999998
597,0.0004237922656181893,0.0004237922656181893,0.0008475845312363786,residential,55.97262246,-3.1802448979999998
598,0.12202979737165885,0.24186565911512972,0.36389545648678856,residential,55.95573775333333,-3.1914292356666665
599,0.00021785829356035257,0.00021785829356035257,0.00043571658712070514,residential,55.948689035,-3.2992912705000004
600,0.00012820467620059723,0.00012820467620059723,0.00025640935240119447,residential,55.960042225,-3.1562399990000003
601,0.0001001294110655635,0.0001001294110655635,0.000200258822131127,residential,55.97048684,-3.189657847
602,7.912568089848008e-05,7.912568089848008e-05,0.00015825136179696016,residential,55.92500144,-3.257394219
603,0.0002730410376894037,0.0002730410376894037,0.0005460820753788074,residential,55.92422666,-3.259136823
604,0.00010996092627466085,0.00010996092627466085,0.0002199218525493217,residential,55.972363099999995,-3.175318312
605,0.001616967366776158,0.001616967366776158,0.003233934733552316,residential,55.913890345,-3.2585547645
606,0.00032650885372906833,0.00032650885372906833,0.0006530177074581367,residential,55.912678639999996,-3.2517507695
607,0.02689056164532454,0.02417358195850972,0.05106414360383426,residential,55.95655412,-3.243239944
608,0.0007036103153334185,0.0007036103153334185,0.001407220630666837,residential,55.90728343,-3.226301817
609,0.0005791218361769621,0.0005791218361769621,0.0011582436723539243,residential,55.966864173333335,-3.1481714076666667
610,0.0004708270316135748,0.0004708270316135748,0.0009416540632271496,residential,55.97653535999999,-3.2400065856666664
611,0.00040529385624668096,0.00040529385624668096,0.0008105877124933619,residential,55.97842164,-3.2316633436666664
612,8.111400441112852e-05,8.111400441112852e-05,0.00016222800882225704,residential,55.97744157,-3.23361583
613,0.0007611224140872857,0.0007611224140872857,0.0015222448281745713,residential,55.970221069000004,-3.2274415377000003
614,0.00023121181996686605,0.00023121181996686605,0.0004624236399337321,residential,55.968016829999996,-3.2260768745
615,0.00012148954312689655,0.00012148954312689655,0.0002429790862537931,residential,55.9670543,-3.225062
616,0.00014419770965070662,0.00014419770965070662,0.00028839541930141324,residential,55.969637735000006,-3.238589226
617,0.0001952955710364938,0.0001952955710364938,0.0003905911420729876,residential,55.97045497,-3.244089977
618,6.666364953788608e-05,6.666364953788608e-05,0.00013332729907577216,residential,55.97158242,-3.240284019
619,0.0003443077433778973,0.0003443077433778973,0.0006886154867557946,residential,55.98022993,-3.2311109575000003
620,0.00011175835003683033,0.00011175835003683033,0.00022351670007366066,residential,55.97896543,-3.22783749
621,0.00021581100826742187,0.00021581100826742187,0.00043162201653484375,residential,55.979035865,-3.224459634
622,0.0001015199145438055,0.0001015199145438055,0.000203039829087611,residential,55.9792957,-3.221604599
623,0.0021835631008292554,0.0021835631008292554,0.004367126201658511,residential,55.974180241,-3.2428266313000003
624,0.00016033100143472584,0.00016033100143472584,0.0003206620028694517,residential,55.945184899999994,-3.0624965863333338
625,0.00013257146147393562,0.00013257146147393562,0.00026514292294787124,residential,55.95825222,-3.296205269
626,0.00020714874158099804,0.00020714874158099804,0.0004142974831619961,residential,55.9757594,-3.24217325
627,0.0007569499201620582,0.0007569499201620582,0.0015138998403241165,residential,55.97586986666667,-3.2443746116666667
628,0.0004223921639673077,0.0004223921639673077,0.0008447843279346155,residential,55.961754925,-3.1501218360000003
629,7.71743325962399e-05,7.71743325962399e-05,0.0001543486651924798,residential,55.9341587,-3.2574206
630,0.00010298571034828753,0.00010298571034828753,0.00020597142069657507,residential,55.93568494,-3.257961574
631,0.014658506841502113,0.011638216171578368,0.026296723013080482,residential,55.937288173333336,-3.2529220826666667
632,0.00019456622061669705,0.00019456622061669705,0.0003891324412333941,residential,55.93311894,-3.2525327545
633,7.661884397223717e-05,7.661884397223717e-05,0.00015323768794447433,residential,55.93420588,-3.261217986
634,0.001351170514812418,0.001351170514812418,0.002702341029624836,residential,55.93419186,-3.2383133593
635,0.0013659396051188236,0.0013554808001649341,0.0027214204052837575,residential,55.94533285,-3.25829308
636,0.06529177233087861,0.06529177233087861,0.13058354466175723,residential,55.95149484,-3.2553649328749996
637,0.00013008760443460423,0.00013008760443460423,0.00026017520886920846,residential,55.97819925,-3.184511745
638,0.07522651502995738,0.04134973780913816,0.11657625283909553,residential,55.96239329,-3.184799493
639,0.0001996854004648581,0.0001996854004648581,0.0003993708009297162,residential,55.9661798675,-3.18838949375
640,0.0005509153121367187,0.0005509153121367187,0.0011018306242734375,residential,55.923871285000004,-3.264321761
641,0.5792157013193536,0.3566855291710961,0.9359012304904497,residential,55.941755289999996,-3.221274147545454
642,7.069673452525238e-05,7.069673452525238e-05,0.00014139346905050476,residential,55.89445932,-3.091859847
643,0.00012847545811892742,0.00012847545811892742,0.00025695091623785483,residential,55.88057024,-3.121660215
644,9.179474245142355e-05,0.0001150486839917801,0.00020684342644320365,residential,55.94055884,-3.286387494
645,0.0012990892554738027,0.0012990892554738027,0.0025981785109476054,residential,55.96547977,-3.154287107
646,0.00010066333046201136,0.00010066333046201136,0.00020132666092402272,residential,55.96034589,-3.1766163195
647,0.0017568792993803868,0.0017568792993803868,0.0035137585987607737,residential,55.96669759710526,-3.141357486578947
648,0.15073048009791842,0.11312041544892176,0.26385089554684016,residential,55.960638026000005,-3.20360072
649,0.044340617698067575,0.03473184489373669,0.07907246259180425,residential,55.959221025,-3.2266508605
650,0.00011382034353831415,0.00011382034353831415,0.0002276406870766283,residential,55.91447739,-3.13159417
651,0.0003395492074939904,0.0003395492074939904,0.0006790984149879808,residential,55.914589910000004,-3.1356260455
652,0.0016352196318816404,0.0016352196318816404,0.0032704392637632807,residential,55.96208967999999,-3.2740965583333335
653,0.0004724319370481848,0.0004724319370481848,0.0009448638740963696,residential,55.933768210000004,-3.1085855017000004
654,0.0016549763653927222,0.0020565121313316503,0.0037114884967243723,residential,55.943572991875,-3.2963619351875
655,6.107311733238784e-05,6.107311733238784e-05,0.00012214623466477568,residential,55.90879746,-3.306397387
656,5.8331100138566304e-05,5.8331100138566304e-05,0.00011666220027713261,residential,55.91047218,-3.299104826
657,0.0005416864912703595,0.0005416864912703595,0.001083372982540719,residential,55.94893679416668,-3.04681435525
658,0.05532363007555601,0.04705238950249084,0.10237601957804685,residential,55.942925425,-3.215640136
659,0.000290810145236663,0.000290810145236663,0.000581620290473326,residential,55.941085865000005,-3.045670399
660,0.0003268312724633064,0.0003268312724633064,0.0006536625449266128,residential,55.943692850000005,-3.053109879
661,0.0005762059344446914,0.0005762059344446914,0.0011524118688893829,residential,55.94498603,-3.0545623814285716
662,0.011618777815770327,0.011605495242749104,0.02322427305851943,residential,55.94508214000001,-3.059143877052631
663,0.0004981064599197077,0.0004975802781736879,0.0009956867380933956,residential,55.94237415,-3.057770189
664,0.0372283723095785,0.04023587642069926,0.07746424873027775,residential,55.98061637,-3.328470109
665,0.00011597902132096143,0.00011597902132096143,0.00023195804264192286,residential,55.87947927,-3.127454345
666,0.00304197964738802,0.00304197964738802,0.00608395929477604,residential,55.937369571,-3.0846090898
667,0.000166487984731965,0.000166487984731965,0.00033297596946393,residential,55.94370479,-3.050780901
668,9.532456545926358e-05,9.532456545926358e-05,0.00019064913091852717,residential,55.90281118,-3.181744748
669,0.005483495769407652,0.005483495769407652,0.010966991538815304,residential,55.912859762714284,-3.1021546200142853
670,0.007636151717942893,0.007636151717942893,0.015272303435885787,residential,55.876219608,-3.1605772713937497
671,5.069036259335047e-05,5.069036259335047e-05,0.00010138072518670094,residential,55.94319526,-3.180113856
672,0.04355734543485263,0.04415116438152496,0.0877085098163776,residential,55.94435237,-3.181366069
673,0.0008601697543202058,0.0008601697543202058,0.0017203395086404117,residential,55.9252735,-3.2697360674444442
674,0.00015307182660186528,0.00015307182660186528,0.00030614365320373057,residential,55.923966925,-3.2716468919999997
675,0.00021007206641508427,0.00021007206641508427,0.00042014413283016853,residential,55.9250306,-3.2673832185
676,6.485639568661222e-05,6.485639568661222e-05,0.00012971279137322445,residential,55.89535556,-3.075933411
677,0.001020422362464561,0.001020422362464561,0.002040844724929122,residential,55.933819328999995,-3.1303252048999997
678,0.0003816859358451186,0.0003816859358451186,0.0007633718716902372,residential,55.9345390625,-3.1343007535
679,0.0017919735990715923,0.0017919735990715923,0.0035839471981431847,residential,55.92872121428571,-3.1274078867142863
680,0.0007569288501008261,0.0007569288501008261,0.0015138577002016523,residential,55.96782376428572,-3.2565077712857144
681,0.0021500075877782933,0.0021500075877782933,0.0043000151755565865,residential,55.93646650000001,-3.0897275988000006
682,6.66815252530476e-05,6.66815252530476e-05,0.0001333630505060952,residential,55.90461413,-3.1263969
683,0.001953294302937138,0.001953294302937138,0.003906588605874276,residential,55.89493969166667,-3.044664704666666
684,0.001153198128054839,0.001153198128054839,0.002306396256109678,residential,55.899364592,-3.0454518552
685,0.00017029286011062248,0.00017029286011062248,0.00034058572022124497,residential,55.87829822,-3.141211668
686,0.0050996597493294885,0.0050996597493294885,0.010199319498658977,residential,55.8974710583721,-3.1383180594418607
687,9.290054809632115e-05,9.290054809632115e-05,0.0001858010961926423,residential,55.88444115,-3.10863903
688,4.792235978256481e-05,4.792235978256481e-05,9.584471956512962e-05,residential,55.90940553,-3.046222957
689,0.0008995647356665449,0.0008995647356665449,0.0017991294713330898,residential,55.8790571,-3.1594914999999997
690,0.0014684273050008657,0.0014684273050008657,0.0029368546100017314,residential,55.880157014,-3.1497161656
691,7.954134684404826e-05,7.954134684404826e-05,0.00015908269368809653,residential,55.89210745,-3.07270455
692,0.00016812637072136438,0.00016812637072136438,0.00033625274144272877,residential,55.93859931,-3.242495943
693,0.00023137826544440763,0.00023137826544440763,0.00046275653088881526,residential,55.93306359,-3.1398826155000004
694,0.0003106335943879165,0.0003106335943879165,0.000621267188775833,residential,55.92010902,-3.2752355308
695,0.010894221791155295,0.010894221791155295,0.02178844358231059,residential,55.893362681463415,-3.0635462997804876
696,0.0017021836467519577,0.0017021836467519577,0.0034043672935039153,residential,55.91819913636363,-3.112893679181818
697,0.002527765625768806,0.002527765625768806,0.005055531251537612,residential,55.874016368260875,-3.05613758726087
698,0.0001672090900012583,0.0001672090900012583,0.0003344181800025166,residential,55.90103151333333,-3.0951522253333335
699,5.126385309244645e-05,5.126385309244645e-05,0.0001025277061848929,commercial,55.93180446,-3.295991867
700,0.00678992123408704,0.006464678221579455,0.013254599455666495,commercial,55.93483735,-3.314039763
701,0.05952128657050537,0.13004270996769893,0.1895639965382043,commercial,55.95451345,-3.190809613
702,0.12572918948563788,0.06470775227807724,0.19043694176371512,commercial,55.939560722727265,-3.228455037636364
703,0.0001912236682408423,0.0001912236682408423,0.0003824473364816846,commercial,55.91950754,-3.30221062
704,0.15362138309504608,0.1861727950563996,0.3397941781514457,commercial,55.9463991075,-3.207203807875
705,0.013829426755104941,0.012962376558696151,0.026791803313801092,commercial,55.94727055,-3.208586129
706,0.00011485641448791406,0.00011485641448791406,0.0002297128289758281,commercial,55.934466,-3.122422183
707,0.0003628945627822163,0.0003628945627822163,0.0007257891255644326,commercial,55.9362144,-3.10410485
708,0.0026780937525277735,0.0026780937525277735,0.005356187505055547,commercial,55.96655135,-3.13437445
709,0.000364643635123255,0.000364643635123255,0.00072928727024651,commercial,55.9143661,-3.251895648
710,0.030148955383596805,0.02051567248357556,0.050664627867172365,commercial,55.96290976,-3.201986211
711,0.0013321316631543082,0.0013321316631543082,0.0026642633263086165,commercial,55.8754405275,-3.16777876325
712,0.007182375206208556,0.006882664599821702,0.014065039806030258,commercial,55.9297927,-3.29640295
713,0.034890824375487545,0.028865690298003507,0.06375651467349105,commercial,55.926784624999996,-3.232768781
714,7.078690897546264e-05,7.078690897546264e-05,0.0001415738179509253,commercial,55.96177761,-3.174259749
715,0.010306550774932095,0.033819951317950604,0.0441265020928827,commercial,55.94898296,-3.192814218
716,0.007994159268188215,0.00504923616044448,0.013043395428632695,commercial,55.92787385,-3.293826553
717,0.2699153051692787,0.24515370309769413,0.5150690082669729,commercial,55.94473357500001,-3.2069157754999993
718,0.044297766703828484,0.04023578424453644,0.08453355094836493,commercial,55.94240269,-3.268740541
719,0.0026986051252367842,0.0026986051252367842,0.0053972102504735685,commercial,55.972929692499996,-3.1842888220749996
720,5.6722028422063195e-05,5.6722028422063195e-05,0.00011344405684412639,commercial,55.97908608,-3.171273857
721,0.00010763051480191277,0.00010763051480191277,0.00021526102960382553,commercial,55.91089852,-3.087735658
722,0.0006639194223958689,0.0006639194223958689,0.0013278388447917379,commercial,55.978830911428574,-3.2318965832857143
723,6.364477622167305e-05,6.364477622167305e-05,0.0001272895524433461,commercial,55.98342741,-3.231888858
724,5.7094363810702856e-05,5.7094363810702856e-05,0.00011418872762140571,commercial,55.93789775,-3.32082503
725,0.28542419390264107,0.5728324115799449,0.858256605482586,commercial,55.9526663659375,-3.2027588140312497
726,0.18354291198420908,0.3617746217191911,0.5453175337034002,commercial,55.953500664,-3.1948437092
727,4.526770170577123e-05,4.526770170577123e-05,9.053540341154247e-05,commercial,55.95710086,-3.192941993
728,0.00018606059173139272,0.00018606059173139272,0.00037212118346278543,commercial,55.946709495,-3.08027209225
729,0.024151402214781643,0.02138997171056417,0.04554137392534581,commercial,55.95836835,-3.242142232
730,0.0018994079711660294,0.0018994079711660294,0.003798815942332059,commercial,55.972725335897444,-3.1559735812820517
731,5.231657229170158e-05,5.231657229170158e-05,0.00010463314458340316,commercial,55.97567986,-3.157846212
732,5.357158260144662e-05,5.357158260144662e-05,0.00010714316520289324,commercial,55.9749469,-3.155678885
733,0.04667964086026313,0.01373526507808962,0.060414905938352755,commercial,55.97531324444445,-3.165694385388889
734,0.00011221559394279856,0.00011221559394279856,0.00022443118788559712,commercial,55.95957956,-3.169533315
735,0.004810561750938317,0.002563122338994493,0.0073736840899328105,commercial,55.95788102,-3.171743228
736,0.0015101871005994954,0.0015101871005994954,0.0030203742011989908,commercial,55.97226107,-3.1610724885
737,0.04443568261921061,0.03580225641807932,0.08023793903728993,commercial,55.98044245,-3.181628391
738,0.021995384197555205,0.013511439686530765,0.03550682388408597,commercial,55.95683932,-3.172376313
739,0.00020485639042397001,0.00020485639042397001,0.00040971278084794003,commercial,55.952138812499996,-3.19846442525
740,0.21280969459706867,0.1361958759089236,0.34900557050599224,commercial,55.97771082,-3.1767293435
741,0.000148022341160634,0.000148022341160634,0.000296044682321268,commercial,55.97829383,-3.180040443
742,0.001163918122517314,0.001163918122517314,0.002327836245034628,commercial,55.94667009,-3.135928802
743,0.00015766785992409025,0.00015766785992409025,0.0003153357198481805,commercial,55.961559085000005,-3.166969043
744,0.009455341325795183,0.00906065049586733,0.01851599182166251,commercial,55.92982698,-3.299574298
745,0.0026987453547512165,0.0026987453547512165,0.005397490709502433,commercial,55.9233817,-3.247180296
746,0.06905700242140361,0.054574322874291856,0.12363132529569547,commercial,55.938636794000004,-3.2521875860000002
747,0.0001425157423313,0.0001425157423313,0.0002850314846626,commercial,55.93938785,-3.241741475
748,0.00023698259658095982,0.00023698259658095982,0.00047396519316191964,commercial,55.90686775,-3.226775957
749,0.00133351516810192,0.00133351516810192,0.00266703033620384,commercial,55.87113985,-3.177888178
750,0.048760207624556025,0.04563917394470933,0.09439938156926536,commercial,55.947341533333336,-3.2111676216666662
751,0.13632705655310948,0.08820583426170754,0.22453289081481703,commercial,55.9615549,-3.179971249
752,0.028559891926095773,0.01576191300868736,0.04432180493478313,commercial,55.96570143,-3.187646439
753,0.23524613362742014,0.13927616700777942,0.37452230063519953,commercial,55.97810755,-3.1743896
754,4.5807595546747914e-05,4.5807595546747914e-05,9.161519109349583e-05,commercial,55.95609375,-3.201526504
755,0.04556211289756819,0.036792121495853834,0.08235423439342202,commercial,55.927942484285715,-3.229651972714286
756,0.00076707834597317,0.00076707834597317,0.00153415669194634,commercial,55.96103561777778,-3.1711990046666667
757,0.0002708684220211482,0.0002708684220211482,0.0005417368440422964,commercial,55.93641498666667,-3.278758771166667
758,0.00012815895436079944,0.00012815895436079944,0.0002563179087215989,commercial,55.972303135,-3.1686016935
759,0.02442718643868981,0.018297684093021287,0.0427248705317111,commercial,55.93443512,-3.179369791
760,0.0016330998973874639,0.0016330998973874639,0.0032661997947749277,commercial,55.92786514,-3.248075421
761,0.00017841132398477546,0.00017841132398477546,0.0003568226479695509,commercial,55.9309622,-3.15702369
762,0.02906462706638888,0.015506355904815954,0.044570982971204834,commercial,55.96698820666668,-3.174287962833333
763,0.3093344622973678,0.14700263735545385,0.45633709965282165,commercial,55.96859586285715,-3.1725005541428573
764,0.000535064639679453,0.000535064639679453,0.001070129279358906,commercial,55.951902412500004,-3.3043130874999997
765,0.0028045067910334,0.0024103016252331657,0.005214808416266566,commercial,55.95726597,-3.216353781
766,0.00018966381034875133,0.00018966381034875133,0.00037932762069750267,commercial,55.97331523666666,-3.1634484853333333
767,0.0001222975403223879,0.0001222975403223879,0.0002445950806447758,commercial,55.96005347,-3.295703121
768,0.0007578017387659161,0.0007578017387659161,0.0015156034775318321,commercial,55.96270738,-3.159287966
769,8.244068508081212e-05,8.244068508081212e-05,0.00016488137016162425,commercial,55.91984659,-3.129359724
770,0.07747274550616842,0.08148917320080944,0.15896191870697784,commercial,55.94500108,-3.21738866075
771,0.014928143152701969,0.014319953773021827,0.029248096925723797,commercial,55.94471486,-3.250316181
772,0.04338125019350576,0.06576143894569624,0.109142689139202,commercial,55.94577684,-3.201250782
773,0.00033073757234181104,0.00033073757234181104,0.0006614751446836221,commercial,55.87672662,-3.148757303
774,0.20096263656029792,0.11951094385849047,0.3204735804187884,commercial,55.92697632,-3.20905698975
775,0.000954255594788147,0.0011949166126412859,0.002149172207429433,commercial,55.94374633571429,-3.2869029715714286
776,7.830801222589835e-05,7.830801222589835e-05,0.0001566160244517967,commercial,55.97114528,-3.149848843
777,6.191159895502587e-05,6.191159895502587e-05,0.00012382319791005175,commercial,55.9747477,-3.238231405
778,0.0012543504298271856,0.0012543504298271856,0.002508700859654371,commercial,55.93145285909091,-3.252160030272727
779,0.014567130825241468,0.02421632006072837,0.038783450885969836,commercial,55.94758664,-3.20687388
780,0.0002419940589544348,0.0002419940589544348,0.0004839881179088696,commercial,55.9756929175,-3.1697913825000006
781,0.00011430928291630172,0.00011430928291630172,0.00022861856583260344,commercial,55.92057264,-3.167227809
782,0.00020354745203351348,0.00020354745203351348,0.00040709490406702696,commercial,55.94144185,-3.054110914
783,0.0004681408930999958,0.0004681408930999958,0.0009362817861999916,commercial,55.943329688000006,-3.0475896312
784,0.00020994932693881827,0.00020994932693881827,0.00041989865387763654,commercial,55.89358356,-3.06857491
785,0.0001321634450280728,0.0001321634450280728,0.0002643268900561456,commercial,55.93762822,-3.234742851
786,0.08467113903183646,0.08467113903183646,0.1693422780636729,commercial,55.9268633,-3.189272722
787,0.0003625748979883673,0.0003625748979883673,0.0007251497959767346,commercial,55.9550821,-3.159720203
788,0.013351958947449024,0.013394530738893233,0.02674648968634226,commercial,55.95679568749999,-3.12181645125
789,8.43816642005012e-05,8.43816642005012e-05,0.0001687633284010024,commercial,55.93008957,-3.17567926
790,0.002777455111691091,0.002777455111691091,0.005554910223382182,commercial,55.89568459,-3.312647866
791,0.001355898103824281,0.001355898103824281,0.002711796207648562,commercial,55.938071726153844,-3.059030016846154
792,0.00021149807717494676,0.00021149807717494676,0.0004229961543498935,commercial,55.976059230000004,-3.183734963
793,0.0004689378802644038,0.0004689378802644038,0.0009378757605288076,commercial,55.958794133333335,-3.167554044333334
794,7.68590962629592e-05,7.68590962629592e-05,0.0001537181925259184,commercial,55.88792098,-3.094437964
795,4.797935651884756e-05,4.797935651884756e-05,9.595871303769512e-05,commercial,55.95472217,-3.110451106
796,0.005699953384222492,0.005699953384222492,0.011399906768444984,commercial,55.9562518,-3.13255965
797,0.005798555731149835,0.005798555731149835,0.01159711146229967,commercial,55.95159165,-3.142210146
798,0.00043048589733301837,0.00043048589733301837,0.0008609717946660367,commercial,55.91972041,-3.2955888645
799,0.00010043049764525333,0.00010043049764525333,0.00020086099529050667,commercial,55.86586606,-3.055098436
800,0.10049245921789325,0.11259391433011257,0.2130863735480058,commercial,55.94957816,-3.100264056
801,0.014101078646098839,0.014101078646098839,0.028202157292197678,commercial,55.96652058285714,-3.1556471695714285
802,0.003064555947925498,0.003064555947925498,0.006129111895850996,commercial,55.95980331,-3.147801077
803,0.00019957284739888502,0.00019957284739888502,0.00039914569479777005,commercial,55.9036561,-3.141943246
804,0.00022711335979759282,0.00022711335979759282,0.00045422671959518564,commercial,55.91352574,-3.146293219
805,5.2923686579407844e-05,5.2923686579407844e-05,0.00010584737315881569,commercial,55.93461515,-3.308931589
806,5.983328761393171e-05,5.983328761393171e-05,0.00011966657522786342,commercial,55.9477085,-3.193456613
807,0.01328878641421192,0.01328878641421192,0.02657757282842384,commercial,55.953274032,-3.11512919
808,0.0014216471317964592,0.0014216471317964592,0.0028432942635929184,commercial,55.970392341428564,-3.188093785928572
809,0.04603102283612641,0.09781830576625897,0.14384932860238536,commercial,55.95059577500001,-3.2068253398333333
810,7.854432174975229e-05,7.854432174975229e-05,0.00015708864349950458,commercial,55.9073373,-3.209170905
811,7.481086058462023e-05,7.481086058462023e-05,0.00014962172116924046,commercial,55.963067,-3.165269089
812,8.774723326788827e-05,8.774723326788827e-05,0.00017549446653577653,commercial,55.96200086,-3.169731806
813,0.03455422310567715,0.04784354151792498,0.08239776462360213,commercial,55.9509307,-3.213436743
814,0.018913745661510706,0.02616551057635545,0.045079256237866155,commercial,55.95005734,-3.211297762
815,0.01917894218898173,0.007789143041149934,0.026968085230131666,commercial,55.96363507,-3.178813905
816,0.2955538627996441,0.1485480155931611,0.4441018783928052,commercial,55.965007981999996,-3.1776355036000004
817,0.061798169022587675,0.09666282070415166,0.15846098972673933,commercial,55.92429049,-3.176904431
818,0.00011036835551181978,0.00011036835551181978,0.00022073671102363957,commercial,55.9707726,-3.181644827
819,9.679077067246569e-05,9.679077067246569e-05,0.00019358154134493138,commercial,55.97307428,-3.167040581
820,0.11033620054851236,0.06062843691641002,0.17096463746492238,commercial,55.96362937,-3.185891385
821,0.007368473759852677,0.007368473759852677,0.014736947519705354,commercial,55.923913065,-3.2445216654999998
822,0.005420710405822524,0.005420710405822524,0.010841420811645047,commercial,55.91594581666667,-3.240378949666667
823,0.10167091504743889,0.21535212508932766,0.3170230401367665,commercial,55.95246469,-3.191802303
824,0.004185904144386473,0.004220978864316669,0.008406883008703143,commercial,55.95250356,-3.22581242
825,6.977386254660804e-05,6.977386254660804e-05,0.00013954772509321608,commercial,55.89651754,-3.097062254
826,0.0003326574218876829,0.0003326574218876829,0.0006653148437753658,commercial,55.88443801,-3.080693012
827,0.00015397013870357542,0.00010539761277581457,0.00025936775147939,commercial,55.97103292,-3.213515555
828,0.07926833141678845,0.07926833141678845,0.1585366628335769,commercial,55.95195802863637,-3.111270459318182
829,0.002799658466245818,0.002799658466245818,0.005599316932491636,commercial,55.95320469,-3.112668265
830,0.009732439284133015,0.009861214228397568,0.019593653512530583,commercial,55.957886485,-3.1224992805
831,4.6465331847044645e-05,4.6465331847044645e-05,9.293066369408929e-05,commercial,55.94712291,-3.130559505
832,0.00011132172468740568,0.00011132172468740568,0.00022264344937481136,commercial,55.93026966,-3.267550763
833,4.787357175389057e-05,4.787357175389057e-05,9.574714350778114e-05,commercial,55.9771549,-3.200043173
834,0.00013280356958189445,0.00013280356958189445,0.0002656071391637889,commercial,55.90585225,-3.221282
835,0.0047404208614734615,0.0047404208614734615,0.009480841722946923,commercial,55.89678146,-3.3070872270000002
836,0.019184317838311447,0.019184317838311447,0.038368635676622895,commercial,55.950567085,-3.1096717967500003
837,0.016500670959545206,0.016500670959545206,0.03300134191909041,commercial,55.95054144666667,-3.1133236733333334
838,0.04612618943185051,0.04612618943185051,0.09225237886370102,commercial,55.957042494285716,-3.2473684214285714
839,0.009781379847445372,0.009781379847445372,0.019562759694890745,commercial,55.957895535000006,-3.2496682320000003
840,0.005119829941212456,0.005119829941212456,0.010239659882424913,commercial,55.916222675,-3.260781334333334
841,0.0026832604189568725,0.0026832604189568725,0.005366520837913745,commercial,55.909412593333336,-3.2331014916666665
842,0.00027660777903459226,0.00027660777903459226,0.0005532155580691845,commercial,55.903536965,-3.2895934455000004
843,6.981661080000822e-05,6.981661080000822e-05,0.00013963322160001645,commercial,55.90223069,-3.220911852
844,0.00012558681959569365,0.00012558681959569365,0.0002511736391913873,commercial,55.91222094,-3.163622415
845,0.00033118807841250533,0.00033118807841250533,0.0006623761568250107,commercial,55.91402584,-3.1594275085000003
846,0.002260803008553603,0.002260803008553603,0.004521606017107206,commercial,55.94156229,-3.115292363
847,0.0014565376044116554,0.0014565376044116554,0.002913075208823311,commercial,55.90863736,-3.2285740938
848,0.004588637591557177,0.004588637591557177,0.009177275183114354,commercial,55.95679044,-3.252756687
849,6.877439820829928e-05,6.877439820829928e-05,0.00013754879641659855,commercial,55.95680539,-3.149664645
850,0.00010948881587578801,0.00010948881587578801,0.00021897763175157602,commercial,55.93175326,-3.254354257
851,0.03134375479702057,0.024223863021181728,0.0555676178182023,commercial,55.940792605,-3.2760164755
852,8.253500471829048e-07,5.229473787745873e-07,1.3482974259574921e-06,commercial,55.94259689,-3.279943919
853,0.0003728665718589832,0.0003728665718589832,0.0007457331437179664,commercial,55.918446544999995,-3.3008772935
854,0.021406412928153113,0.01104298988193766,0.032449402810090774,commercial,55.93812377,-3.22996223
855,0.006089253002158594,0.005613121487272328,0.011702374489430921,commercial,55.94354903,-3.062674069
856,5.4756813345161196e-05,5.4756813345161196e-05,0.00010951362669032239,commercial,55.9276452,-3.1127334
857,0.00022881357202343225,0.00022881357202343225,0.0004576271440468645,commercial,55.93650786,-3.063542385
858,0.04893333028098297,0.0700431031448569,0.11897643342583987,commercial,55.9444398,-3.185214157
859,0.08211719041091586,0.10498623322725545,0.1871034236381713,commercial,55.9456673,-3.1852223715
860,0.0002657847272495468,0.0002657847272495468,0.0005315694544990936,commercial,55.94364525666666,-3.319676996333333
861,0.0002459395415774432,0.0002459395415774432,0.0004918790831548864,commercial,55.93233696,-3.1405397615
862,0.00011104291107593239,0.00011104291107593239,0.00022208582215186478,commercial,55.91861445,-3.277513624
863,0.00031019878164572896,0.00031019878164572896,0.0006203975632914579,commercial,55.89447535,-3.162846137
864,0.04785444920501769,0.07081670040025324,0.11867114960527093,commercial,55.95142776,-3.182899925
865,0.0006402654278902556,0.0006402654278902556,0.0012805308557805111,commercial,55.93425594571428,-3.1430681865714285
866,0.0002004392054705963,0.0002004392054705963,0.0004008784109411926,commercial,55.95776823,-3.163828018
867,0.0002161952075680165,0.0002161952075680165,0.000432390415136033,commercial,55.97163267,-3.253645829
868,0.06716585611977446,0.11167124657699984,0.1788371026967743,commercial,55.95130784,-3.184545404
869,0.00013218300496266943,0.00013218300496266943,0.00026436600992533885,commercial,55.92943747,-3.13251356
870,0.0001309254507066682,0.0001309254507066682,0.0002618509014133364,commercial,55.90647817,-3.097085084
871,0.029386365148792306,0.029386365148792306,0.05877273029758461,hospital,55.92901442,-3.198237379
872,0.0037161272306376917,0.0035899798793625043,0.007306107110000196,hospital,55.94376147,-3.26428492
873,0.023702124686219708,0.023702124686219708,0.047404249372439415,hospital,55.92747549,-3.202417234
874,0.013726951743607742,0.018994687595365295,0.03272163933897304,hospital,55.96229848,-3.235026189
875,0.0008536726868191225,0.0002960648743042475,0.00114973756112337,hospital,55.92214178,-3.134855691
876,0.00021061799865555562,0.00021061799865555562,0.00042123599731111125,hospital,55.90851693,-3.154093206
877,0.0007689564743451827,0.002087544122549627,0.0028565005968948097,hospital,55.92711602,-3.217728499
878,7.622970016384845e-05,7.622970016384845e-05,0.0001524594003276969,hospital,55.88040442,-3.090131883
879,0.022606023869527845,0.03524036673659141,0.05784639060611925,hospital,55.92096285,-3.139081918
880,0.00017698981100404567,0.00017698981100404567,0.00035397962200809133,hospital,55.90878163,-3.097672519
881,0.00025119643242327923,0.00025119643242327923,0.0005023928648465585,hospital,55.90951615,-3.14950038
882,0.07906333144323581,0.15117429610876085,0.23023762755199667,hospital,55.94434540333333,-3.1977744023333337
883,5.951861689435403e-05,5.951861689435403e-05,0.00011903723378870806,hospital,55.97141465,-3.17608361
884,0.00019355293401756882,0.00019355293401756882,0.00038710586803513764,hospital,55.96803728,-3.144357653
